panel,dose_metric,interpolation_only,interpretation,left_candidates,right_candidates,route,state,status,student_scope,target,teacher_scope,student_interpolated_behavior,student_minus_teacher,teacher_interpolated_behavior
discovery,sink_removed_fraction,True,linear descriptive interpolation within observed brackets; no equivalence claim,"[{'alpha': 0.32491028062712535, 'bracket': [0.25, 0.5], 'weight': 0.2996411225085015}]",[],q_bias,C1/step500,dose_unmatched,native,0.1,mapped_teacher,,,
discovery,sink_removed_fraction,True,linear descriptive interpolation within observed brackets; no equivalence claim,"[{'alpha': 0.8566523994020451, 'bracket': [0.75, 1.0], 'weight': 0.42660959760818024}]",[],q_bias,C1/step500,dose_unmatched,native,0.25,mapped_teacher,,,
discovery,sink_removed_fraction,True,linear descriptive interpolation within observed brackets; no equivalence claim,[],[],q_bias,C1/step500,dose_unmatched,native,0.5,mapped_teacher,,,
discovery,sink_removed_fraction,True,linear descriptive interpolation within observed brackets; no equivalence claim,"[{'alpha': 0.4151267015353627, 'bracket': [0.25, 0.5], 'weight': 0.6605068061414509}]",[],k_top3,C1/step500,dose_unmatched,native,0.1,mapped_teacher,,,
discovery,sink_removed_fraction,True,linear descriptive interpolation within observed brackets; no equivalence claim,[],[],k_top3,C1/step500,dose_unmatched,native,0.25,mapped_teacher,,,
discovery,sink_removed_fraction,True,linear descriptive interpolation within observed brackets; no equivalence claim,[],[],k_top3,C1/step500,dose_unmatched,native,0.5,mapped_teacher,,,
discovery,sink_removed_fraction,True,linear descriptive interpolation within observed brackets; no equivalence claim,[],[],k_random0,C1/step500,dose_unmatched,native,0.1,mapped_teacher,,,
discovery,sink_removed_fraction,True,linear descriptive interpolation within observed brackets; no equivalence claim,[],[],k_random0,C1/step500,dose_unmatched,native,0.25,mapped_teacher,,,
discovery,sink_removed_fraction,True,linear descriptive interpolation within observed brackets; no equivalence claim,[],[],k_random0,C1/step500,dose_unmatched,native,0.5,mapped_teacher,,,
discovery,sink_removed_fraction,True,linear descriptive interpolation within observed brackets; no equivalence claim,[],[],k_random1,C1/step500,dose_unmatched,native,0.1,mapped_teacher,,,
discovery,sink_removed_fraction,True,linear descriptive interpolation within observed brackets; no equivalence claim,[],[],k_random1,C1/step500,dose_unmatched,native,0.25,mapped_teacher,,,
discovery,sink_removed_fraction,True,linear descriptive interpolation within observed brackets; no equivalence claim,[],[],k_random1,C1/step500,dose_unmatched,native,0.5,mapped_teacher,,,
discovery,sink_removed_fraction,True,linear descriptive interpolation within observed brackets; no equivalence claim,[],[],k_random2,C1/step500,dose_unmatched,native,0.1,mapped_teacher,,,
discovery,sink_removed_fraction,True,linear descriptive interpolation within observed brackets; no equivalence claim,[],[],k_random2,C1/step500,dose_unmatched,native,0.25,mapped_teacher,,,
discovery,sink_removed_fraction,True,linear descriptive interpolation within observed brackets; no equivalence claim,[],[],k_random2,C1/step500,dose_unmatched,native,0.5,mapped_teacher,,,
discovery,sink_removed_fraction,True,linear descriptive interpolation within observed brackets; no equivalence claim,[],[],k_random3,C1/step500,dose_unmatched,native,0.1,mapped_teacher,,,
discovery,sink_removed_fraction,True,linear descriptive interpolation within observed brackets; no equivalence claim,[],[],k_random3,C1/step500,dose_unmatched,native,0.25,mapped_teacher,,,
discovery,sink_removed_fraction,True,linear descriptive interpolation within observed brackets; no equivalence claim,[],[],k_random3,C1/step500,dose_unmatched,native,0.5,mapped_teacher,,,
discovery,sink_removed_fraction,True,linear descriptive interpolation within observed brackets; no equivalence claim,[],[],k_random4,C1/step500,dose_unmatched,native,0.1,mapped_teacher,,,
discovery,sink_removed_fraction,True,linear descriptive interpolation within observed brackets; no equivalence claim,[],[],k_random4,C1/step500,dose_unmatched,native,0.25,mapped_teacher,,,
discovery,sink_removed_fraction,True,linear descriptive interpolation within observed brackets; no equivalence claim,[],[],k_random4,C1/step500,dose_unmatched,native,0.5,mapped_teacher,,,
discovery,sink_removed_fraction,True,linear descriptive interpolation within observed brackets; no equivalence claim,"[{'alpha': 0.32491028062712535, 'bracket': [0.25, 0.5], 'weight': 0.2996411225085015}]",[],q_bias,C1/step10000,dose_unmatched,native,0.1,mapped_teacher,,,
discovery,sink_removed_fraction,True,linear descriptive interpolation within observed brackets; no equivalence claim,"[{'alpha': 0.8566523994020451, 'bracket': [0.75, 1.0], 'weight': 0.42660959760818024}]",[],q_bias,C1/step10000,dose_unmatched,native,0.25,mapped_teacher,,,
discovery,sink_removed_fraction,True,linear descriptive interpolation within observed brackets; no equivalence claim,[],[],q_bias,C1/step10000,dose_unmatched,native,0.5,mapped_teacher,,,
discovery,sink_removed_fraction,True,linear descriptive interpolation within observed brackets; no equivalence claim,"[{'alpha': 0.4151267015353627, 'bracket': [0.25, 0.5], 'weight': 0.6605068061414509}]","[{'alpha': 0.6255117985675556, 'bracket': [0.5, 0.75], 'weight': 0.5020471942702223}]",k_top3,C1/step10000,observed_overlap,native,0.1,mapped_teacher,"{'absolute_target_logprob_change_nats': 0.04013455492940773, 'delta_ce_nats': 0.001508125695397016, 'prediction_flip_fraction': 0.0264380097058802, 'self_kl_nats': 0.0020328391553063752}","{'absolute_target_logprob_change_nats': -0.0723701900833218, 'delta_ce_nats': -0.012878166185711762, 'prediction_flip_fraction': -0.041707810793133626, 'self_kl_nats': -0.01281103158670152}","{'absolute_target_logprob_change_nats': 0.11250474501272953, 'delta_ce_nats': 0.014386291881108777, 'prediction_flip_fraction': 0.06814582049901383, 'self_kl_nats': 0.014843870742007895}"
discovery,sink_removed_fraction,True,linear descriptive interpolation within observed brackets; no equivalence claim,[],[],k_top3,C1/step10000,dose_unmatched,native,0.25,mapped_teacher,,,
discovery,sink_removed_fraction,True,linear descriptive interpolation within observed brackets; no equivalence claim,[],[],k_top3,C1/step10000,dose_unmatched,native,0.5,mapped_teacher,,,
discovery,sink_removed_fraction,True,linear descriptive interpolation within observed brackets; no equivalence claim,[],[],k_random0,C1/step10000,dose_unmatched,native,0.1,mapped_teacher,,,
discovery,sink_removed_fraction,True,linear descriptive interpolation within observed brackets; no equivalence claim,[],[],k_random0,C1/step10000,dose_unmatched,native,0.25,mapped_teacher,,,
discovery,sink_removed_fraction,True,linear descriptive interpolation within observed brackets; no equivalence claim,[],[],k_random0,C1/step10000,dose_unmatched,native,0.5,mapped_teacher,,,
discovery,sink_removed_fraction,True,linear descriptive interpolation within observed brackets; no equivalence claim,[],[],k_random1,C1/step10000,dose_unmatched,native,0.1,mapped_teacher,,,
discovery,sink_removed_fraction,True,linear descriptive interpolation within observed brackets; no equivalence claim,[],[],k_random1,C1/step10000,dose_unmatched,native,0.25,mapped_teacher,,,
discovery,sink_removed_fraction,True,linear descriptive interpolation within observed brackets; no equivalence claim,[],[],k_random1,C1/step10000,dose_unmatched,native,0.5,mapped_teacher,,,
discovery,sink_removed_fraction,True,linear descriptive interpolation within observed brackets; no equivalence claim,[],[],k_random2,C1/step10000,dose_unmatched,native,0.1,mapped_teacher,,,
discovery,sink_removed_fraction,True,linear descriptive interpolation within observed brackets; no equivalence claim,[],[],k_random2,C1/step10000,dose_unmatched,native,0.25,mapped_teacher,,,
discovery,sink_removed_fraction,True,linear descriptive interpolation within observed brackets; no equivalence claim,[],[],k_random2,C1/step10000,dose_unmatched,native,0.5,mapped_teacher,,,
discovery,sink_removed_fraction,True,linear descriptive interpolation within observed brackets; no equivalence claim,[],[],k_random3,C1/step10000,dose_unmatched,native,0.1,mapped_teacher,,,
discovery,sink_removed_fraction,True,linear descriptive interpolation within observed brackets; no equivalence claim,[],[],k_random3,C1/step10000,dose_unmatched,native,0.25,mapped_teacher,,,
discovery,sink_removed_fraction,True,linear descriptive interpolation within observed brackets; no equivalence claim,[],[],k_random3,C1/step10000,dose_unmatched,native,0.5,mapped_teacher,,,
discovery,sink_removed_fraction,True,linear descriptive interpolation within observed brackets; no equivalence claim,[],[],k_random4,C1/step10000,dose_unmatched,native,0.1,mapped_teacher,,,
discovery,sink_removed_fraction,True,linear descriptive interpolation within observed brackets; no equivalence claim,[],[],k_random4,C1/step10000,dose_unmatched,native,0.25,mapped_teacher,,,
discovery,sink_removed_fraction,True,linear descriptive interpolation within observed brackets; no equivalence claim,[],[],k_random4,C1/step10000,dose_unmatched,native,0.5,mapped_teacher,,,
discovery,sink_removed_fraction,True,linear descriptive interpolation within observed brackets; no equivalence claim,"[{'alpha': 0.32491028062712535, 'bracket': [0.25, 0.5], 'weight': 0.2996411225085015}]",[],q_bias,C2/step500,dose_unmatched,native,0.1,mapped_teacher,,,
discovery,sink_removed_fraction,True,linear descriptive interpolation within observed brackets; no equivalence claim,"[{'alpha': 0.8566523994020451, 'bracket': [0.75, 1.0], 'weight': 0.42660959760818024}]",[],q_bias,C2/step500,dose_unmatched,native,0.25,mapped_teacher,,,
discovery,sink_removed_fraction,True,linear descriptive interpolation within observed brackets; no equivalence claim,[],[],q_bias,C2/step500,dose_unmatched,native,0.5,mapped_teacher,,,
discovery,sink_removed_fraction,True,linear descriptive interpolation within observed brackets; no equivalence claim,"[{'alpha': 0.4151267015353627, 'bracket': [0.25, 0.5], 'weight': 0.6605068061414509}]",[],k_top3,C2/step500,dose_unmatched,native,0.1,mapped_teacher,,,
discovery,sink_removed_fraction,True,linear descriptive interpolation within observed brackets; no equivalence claim,[],[],k_top3,C2/step500,dose_unmatched,native,0.25,mapped_teacher,,,
discovery,sink_removed_fraction,True,linear descriptive interpolation within observed brackets; no equivalence claim,[],[],k_top3,C2/step500,dose_unmatched,native,0.5,mapped_teacher,,,
discovery,sink_removed_fraction,True,linear descriptive interpolation within observed brackets; no equivalence claim,[],[],k_random0,C2/step500,dose_unmatched,native,0.1,mapped_teacher,,,
discovery,sink_removed_fraction,True,linear descriptive interpolation within observed brackets; no equivalence claim,[],[],k_random0,C2/step500,dose_unmatched,native,0.25,mapped_teacher,,,
discovery,sink_removed_fraction,True,linear descriptive interpolation within observed brackets; no equivalence claim,[],[],k_random0,C2/step500,dose_unmatched,native,0.5,mapped_teacher,,,
discovery,sink_removed_fraction,True,linear descriptive interpolation within observed brackets; no equivalence claim,[],[],k_random1,C2/step500,dose_unmatched,native,0.1,mapped_teacher,,,
discovery,sink_removed_fraction,True,linear descriptive interpolation within observed brackets; no equivalence claim,[],[],k_random1,C2/step500,dose_unmatched,native,0.25,mapped_teacher,,,
discovery,sink_removed_fraction,True,linear descriptive interpolation within observed brackets; no equivalence claim,[],[],k_random1,C2/step500,dose_unmatched,native,0.5,mapped_teacher,,,
discovery,sink_removed_fraction,True,linear descriptive interpolation within observed brackets; no equivalence claim,[],[],k_random2,C2/step500,dose_unmatched,native,0.1,mapped_teacher,,,
discovery,sink_removed_fraction,True,linear descriptive interpolation within observed brackets; no equivalence claim,[],[],k_random2,C2/step500,dose_unmatched,native,0.25,mapped_teacher,,,
discovery,sink_removed_fraction,True,linear descriptive interpolation within observed brackets; no equivalence claim,[],[],k_random2,C2/step500,dose_unmatched,native,0.5,mapped_teacher,,,
discovery,sink_removed_fraction,True,linear descriptive interpolation within observed brackets; no equivalence claim,[],[],k_random3,C2/step500,dose_unmatched,native,0.1,mapped_teacher,,,
discovery,sink_removed_fraction,True,linear descriptive interpolation within observed brackets; no equivalence claim,[],[],k_random3,C2/step500,dose_unmatched,native,0.25,mapped_teacher,,,
discovery,sink_removed_fraction,True,linear descriptive interpolation within observed brackets; no equivalence claim,[],[],k_random3,C2/step500,dose_unmatched,native,0.5,mapped_teacher,,,
discovery,sink_removed_fraction,True,linear descriptive interpolation within observed brackets; no equivalence claim,[],[],k_random4,C2/step500,dose_unmatched,native,0.1,mapped_teacher,,,
discovery,sink_removed_fraction,True,linear descriptive interpolation within observed brackets; no equivalence claim,[],[],k_random4,C2/step500,dose_unmatched,native,0.25,mapped_teacher,,,
discovery,sink_removed_fraction,True,linear descriptive interpolation within observed brackets; no equivalence claim,[],[],k_random4,C2/step500,dose_unmatched,native,0.5,mapped_teacher,,,
discovery,sink_removed_fraction,True,linear descriptive interpolation within observed brackets; no equivalence claim,"[{'alpha': 0.32491028062712535, 'bracket': [0.25, 0.5], 'weight': 0.2996411225085015}]",[],q_bias,C2/step2000,dose_unmatched,native,0.1,mapped_teacher,,,
discovery,sink_removed_fraction,True,linear descriptive interpolation within observed brackets; no equivalence claim,"[{'alpha': 0.8566523994020451, 'bracket': [0.75, 1.0], 'weight': 0.42660959760818024}]",[],q_bias,C2/step2000,dose_unmatched,native,0.25,mapped_teacher,,,
discovery,sink_removed_fraction,True,linear descriptive interpolation within observed brackets; no equivalence claim,[],[],q_bias,C2/step2000,dose_unmatched,native,0.5,mapped_teacher,,,
discovery,sink_removed_fraction,True,linear descriptive interpolation within observed brackets; no equivalence claim,"[{'alpha': 0.4151267015353627, 'bracket': [0.25, 0.5], 'weight': 0.6605068061414509}]",[],k_top3,C2/step2000,dose_unmatched,native,0.1,mapped_teacher,,,
discovery,sink_removed_fraction,True,linear descriptive interpolation within observed brackets; no equivalence claim,[],[],k_top3,C2/step2000,dose_unmatched,native,0.25,mapped_teacher,,,
discovery,sink_removed_fraction,True,linear descriptive interpolation within observed brackets; no equivalence claim,[],[],k_top3,C2/step2000,dose_unmatched,native,0.5,mapped_teacher,,,
discovery,sink_removed_fraction,True,linear descriptive interpolation within observed brackets; no equivalence claim,[],[],k_random0,C2/step2000,dose_unmatched,native,0.1,mapped_teacher,,,
discovery,sink_removed_fraction,True,linear descriptive interpolation within observed brackets; no equivalence claim,[],[],k_random0,C2/step2000,dose_unmatched,native,0.25,mapped_teacher,,,
discovery,sink_removed_fraction,True,linear descriptive interpolation within observed brackets; no equivalence claim,[],[],k_random0,C2/step2000,dose_unmatched,native,0.5,mapped_teacher,,,
discovery,sink_removed_fraction,True,linear descriptive interpolation within observed brackets; no equivalence claim,[],[],k_random1,C2/step2000,dose_unmatched,native,0.1,mapped_teacher,,,
discovery,sink_removed_fraction,True,linear descriptive interpolation within observed brackets; no equivalence claim,[],[],k_random1,C2/step2000,dose_unmatched,native,0.25,mapped_teacher,,,
discovery,sink_removed_fraction,True,linear descriptive interpolation within observed brackets; no equivalence claim,[],[],k_random1,C2/step2000,dose_unmatched,native,0.5,mapped_teacher,,,
discovery,sink_removed_fraction,True,linear descriptive interpolation within observed brackets; no equivalence claim,[],[],k_random2,C2/step2000,dose_unmatched,native,0.1,mapped_teacher,,,
discovery,sink_removed_fraction,True,linear descriptive interpolation within observed brackets; no equivalence claim,[],[],k_random2,C2/step2000,dose_unmatched,native,0.25,mapped_teacher,,,
discovery,sink_removed_fraction,True,linear descriptive interpolation within observed brackets; no equivalence claim,[],[],k_random2,C2/step2000,dose_unmatched,native,0.5,mapped_teacher,,,
discovery,sink_removed_fraction,True,linear descriptive interpolation within observed brackets; no equivalence claim,[],[],k_random3,C2/step2000,dose_unmatched,native,0.1,mapped_teacher,,,
discovery,sink_removed_fraction,True,linear descriptive interpolation within observed brackets; no equivalence claim,[],[],k_random3,C2/step2000,dose_unmatched,native,0.25,mapped_teacher,,,
discovery,sink_removed_fraction,True,linear descriptive interpolation within observed brackets; no equivalence claim,[],[],k_random3,C2/step2000,dose_unmatched,native,0.5,mapped_teacher,,,
discovery,sink_removed_fraction,True,linear descriptive interpolation within observed brackets; no equivalence claim,[],[],k_random4,C2/step2000,dose_unmatched,native,0.1,mapped_teacher,,,
discovery,sink_removed_fraction,True,linear descriptive interpolation within observed brackets; no equivalence claim,[],[],k_random4,C2/step2000,dose_unmatched,native,0.25,mapped_teacher,,,
discovery,sink_removed_fraction,True,linear descriptive interpolation within observed brackets; no equivalence claim,[],[],k_random4,C2/step2000,dose_unmatched,native,0.5,mapped_teacher,,,
discovery,sink_removed_fraction,True,linear descriptive interpolation within observed brackets; no equivalence claim,"[{'alpha': 0.32491028062712535, 'bracket': [0.25, 0.5], 'weight': 0.2996411225085015}]",[],q_bias,C2/step10000,dose_unmatched,native,0.1,mapped_teacher,,,
discovery,sink_removed_fraction,True,linear descriptive interpolation within observed brackets; no equivalence claim,"[{'alpha': 0.8566523994020451, 'bracket': [0.75, 1.0], 'weight': 0.42660959760818024}]",[],q_bias,C2/step10000,dose_unmatched,native,0.25,mapped_teacher,,,
discovery,sink_removed_fraction,True,linear descriptive interpolation within observed brackets; no equivalence claim,[],[],q_bias,C2/step10000,dose_unmatched,native,0.5,mapped_teacher,,,
discovery,sink_removed_fraction,True,linear descriptive interpolation within observed brackets; no equivalence claim,"[{'alpha': 0.4151267015353627, 'bracket': [0.25, 0.5], 'weight': 0.6605068061414509}]",[],k_top3,C2/step10000,dose_unmatched,native,0.1,mapped_teacher,,,
discovery,sink_removed_fraction,True,linear descriptive interpolation within observed brackets; no equivalence claim,[],[],k_top3,C2/step10000,dose_unmatched,native,0.25,mapped_teacher,,,
discovery,sink_removed_fraction,True,linear descriptive interpolation within observed brackets; no equivalence claim,[],[],k_top3,C2/step10000,dose_unmatched,native,0.5,mapped_teacher,,,
discovery,sink_removed_fraction,True,linear descriptive interpolation within observed brackets; no equivalence claim,[],[],k_random0,C2/step10000,dose_unmatched,native,0.1,mapped_teacher,,,
discovery,sink_removed_fraction,True,linear descriptive interpolation within observed brackets; no equivalence claim,[],[],k_random0,C2/step10000,dose_unmatched,native,0.25,mapped_teacher,,,
discovery,sink_removed_fraction,True,linear descriptive interpolation within observed brackets; no equivalence claim,[],[],k_random0,C2/step10000,dose_unmatched,native,0.5,mapped_teacher,,,
discovery,sink_removed_fraction,True,linear descriptive interpolation within observed brackets; no equivalence claim,[],[],k_random1,C2/step10000,dose_unmatched,native,0.1,mapped_teacher,,,
discovery,sink_removed_fraction,True,linear descriptive interpolation within observed brackets; no equivalence claim,[],[],k_random1,C2/step10000,dose_unmatched,native,0.25,mapped_teacher,,,
discovery,sink_removed_fraction,True,linear descriptive interpolation within observed brackets; no equivalence claim,[],[],k_random1,C2/step10000,dose_unmatched,native,0.5,mapped_teacher,,,
discovery,sink_removed_fraction,True,linear descriptive interpolation within observed brackets; no equivalence claim,[],[],k_random2,C2/step10000,dose_unmatched,native,0.1,mapped_teacher,,,
discovery,sink_removed_fraction,True,linear descriptive interpolation within observed brackets; no equivalence claim,[],[],k_random2,C2/step10000,dose_unmatched,native,0.25,mapped_teacher,,,
discovery,sink_removed_fraction,True,linear descriptive interpolation within observed brackets; no equivalence claim,[],[],k_random2,C2/step10000,dose_unmatched,native,0.5,mapped_teacher,,,
discovery,sink_removed_fraction,True,linear descriptive interpolation within observed brackets; no equivalence claim,[],[],k_random3,C2/step10000,dose_unmatched,native,0.1,mapped_teacher,,,
discovery,sink_removed_fraction,True,linear descriptive interpolation within observed brackets; no equivalence claim,[],[],k_random3,C2/step10000,dose_unmatched,native,0.25,mapped_teacher,,,
discovery,sink_removed_fraction,True,linear descriptive interpolation within observed brackets; no equivalence claim,[],[],k_random3,C2/step10000,dose_unmatched,native,0.5,mapped_teacher,,,
discovery,sink_removed_fraction,True,linear descriptive interpolation within observed brackets; no equivalence claim,[],[],k_random4,C2/step10000,dose_unmatched,native,0.1,mapped_teacher,,,
discovery,sink_removed_fraction,True,linear descriptive interpolation within observed brackets; no equivalence claim,[],[],k_random4,C2/step10000,dose_unmatched,native,0.25,mapped_teacher,,,
discovery,sink_removed_fraction,True,linear descriptive interpolation within observed brackets; no equivalence claim,[],[],k_random4,C2/step10000,dose_unmatched,native,0.5,mapped_teacher,,,
discovery,sink_removed_fraction,True,linear descriptive interpolation within observed brackets; no equivalence claim,"[{'alpha': 0.32491028062712535, 'bracket': [0.25, 0.5], 'weight': 0.2996411225085015}]",[],q_bias,C3/step500,dose_unmatched,native,0.1,mapped_teacher,,,
discovery,sink_removed_fraction,True,linear descriptive interpolation within observed brackets; no equivalence claim,"[{'alpha': 0.8566523994020451, 'bracket': [0.75, 1.0], 'weight': 0.42660959760818024}]",[],q_bias,C3/step500,dose_unmatched,native,0.25,mapped_teacher,,,
discovery,sink_removed_fraction,True,linear descriptive interpolation within observed brackets; no equivalence claim,[],[],q_bias,C3/step500,dose_unmatched,native,0.5,mapped_teacher,,,
discovery,sink_removed_fraction,True,linear descriptive interpolation within observed brackets; no equivalence claim,"[{'alpha': 0.4151267015353627, 'bracket': [0.25, 0.5], 'weight': 0.6605068061414509}]",[],k_top3,C3/step500,dose_unmatched,native,0.1,mapped_teacher,,,
discovery,sink_removed_fraction,True,linear descriptive interpolation within observed brackets; no equivalence claim,[],[],k_top3,C3/step500,dose_unmatched,native,0.25,mapped_teacher,,,
discovery,sink_removed_fraction,True,linear descriptive interpolation within observed brackets; no equivalence claim,[],[],k_top3,C3/step500,dose_unmatched,native,0.5,mapped_teacher,,,
discovery,sink_removed_fraction,True,linear descriptive interpolation within observed brackets; no equivalence claim,[],[],k_random0,C3/step500,dose_unmatched,native,0.1,mapped_teacher,,,
discovery,sink_removed_fraction,True,linear descriptive interpolation within observed brackets; no equivalence claim,[],[],k_random0,C3/step500,dose_unmatched,native,0.25,mapped_teacher,,,
discovery,sink_removed_fraction,True,linear descriptive interpolation within observed brackets; no equivalence claim,[],[],k_random0,C3/step500,dose_unmatched,native,0.5,mapped_teacher,,,
discovery,sink_removed_fraction,True,linear descriptive interpolation within observed brackets; no equivalence claim,[],[],k_random1,C3/step500,dose_unmatched,native,0.1,mapped_teacher,,,
discovery,sink_removed_fraction,True,linear descriptive interpolation within observed brackets; no equivalence claim,[],[],k_random1,C3/step500,dose_unmatched,native,0.25,mapped_teacher,,,
discovery,sink_removed_fraction,True,linear descriptive interpolation within observed brackets; no equivalence claim,[],[],k_random1,C3/step500,dose_unmatched,native,0.5,mapped_teacher,,,
discovery,sink_removed_fraction,True,linear descriptive interpolation within observed brackets; no equivalence claim,[],[],k_random2,C3/step500,dose_unmatched,native,0.1,mapped_teacher,,,
discovery,sink_removed_fraction,True,linear descriptive interpolation within observed brackets; no equivalence claim,[],[],k_random2,C3/step500,dose_unmatched,native,0.25,mapped_teacher,,,
discovery,sink_removed_fraction,True,linear descriptive interpolation within observed brackets; no equivalence claim,[],[],k_random2,C3/step500,dose_unmatched,native,0.5,mapped_teacher,,,
discovery,sink_removed_fraction,True,linear descriptive interpolation within observed brackets; no equivalence claim,[],[],k_random3,C3/step500,dose_unmatched,native,0.1,mapped_teacher,,,
discovery,sink_removed_fraction,True,linear descriptive interpolation within observed brackets; no equivalence claim,[],[],k_random3,C3/step500,dose_unmatched,native,0.25,mapped_teacher,,,
discovery,sink_removed_fraction,True,linear descriptive interpolation within observed brackets; no equivalence claim,[],[],k_random3,C3/step500,dose_unmatched,native,0.5,mapped_teacher,,,
discovery,sink_removed_fraction,True,linear descriptive interpolation within observed brackets; no equivalence claim,[],[],k_random4,C3/step500,dose_unmatched,native,0.1,mapped_teacher,,,
discovery,sink_removed_fraction,True,linear descriptive interpolation within observed brackets; no equivalence claim,[],[],k_random4,C3/step500,dose_unmatched,native,0.25,mapped_teacher,,,
discovery,sink_removed_fraction,True,linear descriptive interpolation within observed brackets; no equivalence claim,[],[],k_random4,C3/step500,dose_unmatched,native,0.5,mapped_teacher,,,
discovery,sink_removed_fraction,True,linear descriptive interpolation within observed brackets; no equivalence claim,"[{'alpha': 0.32491028062712535, 'bracket': [0.25, 0.5], 'weight': 0.2996411225085015}]",[],q_bias,C3/step2000,dose_unmatched,native,0.1,mapped_teacher,,,
discovery,sink_removed_fraction,True,linear descriptive interpolation within observed brackets; no equivalence claim,"[{'alpha': 0.8566523994020451, 'bracket': [0.75, 1.0], 'weight': 0.42660959760818024}]",[],q_bias,C3/step2000,dose_unmatched,native,0.25,mapped_teacher,,,
discovery,sink_removed_fraction,True,linear descriptive interpolation within observed brackets; no equivalence claim,[],[],q_bias,C3/step2000,dose_unmatched,native,0.5,mapped_teacher,,,
discovery,sink_removed_fraction,True,linear descriptive interpolation within observed brackets; no equivalence claim,"[{'alpha': 0.4151267015353627, 'bracket': [0.25, 0.5], 'weight': 0.6605068061414509}]",[],k_top3,C3/step2000,dose_unmatched,native,0.1,mapped_teacher,,,
discovery,sink_removed_fraction,True,linear descriptive interpolation within observed brackets; no equivalence claim,[],[],k_top3,C3/step2000,dose_unmatched,native,0.25,mapped_teacher,,,
discovery,sink_removed_fraction,True,linear descriptive interpolation within observed brackets; no equivalence claim,[],[],k_top3,C3/step2000,dose_unmatched,native,0.5,mapped_teacher,,,
discovery,sink_removed_fraction,True,linear descriptive interpolation within observed brackets; no equivalence claim,[],[],k_random0,C3/step2000,dose_unmatched,native,0.1,mapped_teacher,,,
discovery,sink_removed_fraction,True,linear descriptive interpolation within observed brackets; no equivalence claim,[],[],k_random0,C3/step2000,dose_unmatched,native,0.25,mapped_teacher,,,
discovery,sink_removed_fraction,True,linear descriptive interpolation within observed brackets; no equivalence claim,[],[],k_random0,C3/step2000,dose_unmatched,native,0.5,mapped_teacher,,,
discovery,sink_removed_fraction,True,linear descriptive interpolation within observed brackets; no equivalence claim,[],[],k_random1,C3/step2000,dose_unmatched,native,0.1,mapped_teacher,,,
discovery,sink_removed_fraction,True,linear descriptive interpolation within observed brackets; no equivalence claim,[],[],k_random1,C3/step2000,dose_unmatched,native,0.25,mapped_teacher,,,
discovery,sink_removed_fraction,True,linear descriptive interpolation within observed brackets; no equivalence claim,[],[],k_random1,C3/step2000,dose_unmatched,native,0.5,mapped_teacher,,,
discovery,sink_removed_fraction,True,linear descriptive interpolation within observed brackets; no equivalence claim,[],[],k_random2,C3/step2000,dose_unmatched,native,0.1,mapped_teacher,,,
discovery,sink_removed_fraction,True,linear descriptive interpolation within observed brackets; no equivalence claim,[],[],k_random2,C3/step2000,dose_unmatched,native,0.25,mapped_teacher,,,
discovery,sink_removed_fraction,True,linear descriptive interpolation within observed brackets; no equivalence claim,[],[],k_random2,C3/step2000,dose_unmatched,native,0.5,mapped_teacher,,,
discovery,sink_removed_fraction,True,linear descriptive interpolation within observed brackets; no equivalence claim,[],[],k_random3,C3/step2000,dose_unmatched,native,0.1,mapped_teacher,,,
discovery,sink_removed_fraction,True,linear descriptive interpolation within observed brackets; no equivalence claim,[],[],k_random3,C3/step2000,dose_unmatched,native,0.25,mapped_teacher,,,
discovery,sink_removed_fraction,True,linear descriptive interpolation within observed brackets; no equivalence claim,[],[],k_random3,C3/step2000,dose_unmatched,native,0.5,mapped_teacher,,,
discovery,sink_removed_fraction,True,linear descriptive interpolation within observed brackets; no equivalence claim,[],[],k_random4,C3/step2000,dose_unmatched,native,0.1,mapped_teacher,,,
discovery,sink_removed_fraction,True,linear descriptive interpolation within observed brackets; no equivalence claim,[],[],k_random4,C3/step2000,dose_unmatched,native,0.25,mapped_teacher,,,
discovery,sink_removed_fraction,True,linear descriptive interpolation within observed brackets; no equivalence claim,[],[],k_random4,C3/step2000,dose_unmatched,native,0.5,mapped_teacher,,,
discovery,sink_removed_fraction,True,linear descriptive interpolation within observed brackets; no equivalence claim,"[{'alpha': 0.32491028062712535, 'bracket': [0.25, 0.5], 'weight': 0.2996411225085015}]",[],q_bias,C3/step10000,dose_unmatched,native,0.1,mapped_teacher,,,
discovery,sink_removed_fraction,True,linear descriptive interpolation within observed brackets; no equivalence claim,"[{'alpha': 0.8566523994020451, 'bracket': [0.75, 1.0], 'weight': 0.42660959760818024}]",[],q_bias,C3/step10000,dose_unmatched,native,0.25,mapped_teacher,,,
discovery,sink_removed_fraction,True,linear descriptive interpolation within observed brackets; no equivalence claim,[],[],q_bias,C3/step10000,dose_unmatched,native,0.5,mapped_teacher,,,
discovery,sink_removed_fraction,True,linear descriptive interpolation within observed brackets; no equivalence claim,"[{'alpha': 0.4151267015353627, 'bracket': [0.25, 0.5], 'weight': 0.6605068061414509}]","[{'alpha': 0.8503643016167719, 'bracket': [0.75, 1.0], 'weight': 0.4014572064670874}]",k_top3,C3/step10000,observed_overlap,native,0.1,mapped_teacher,"{'absolute_target_logprob_change_nats': 0.14977029929445676, 'delta_ce_nats': 0.023381318962921435, 'prediction_flip_fraction': 0.09141416788300637, 'self_kl_nats': 0.02438192185790272}","{'absolute_target_logprob_change_nats': 0.03726555428172723, 'delta_ce_nats': 0.008995027081812658, 'prediction_flip_fraction': 0.02326834738399254, 'self_kl_nats': 0.009538051115894824}","{'absolute_target_logprob_change_nats': 0.11250474501272953, 'delta_ce_nats': 0.014386291881108777, 'prediction_flip_fraction': 0.06814582049901383, 'self_kl_nats': 0.014843870742007895}"
discovery,sink_removed_fraction,True,linear descriptive interpolation within observed brackets; no equivalence claim,[],[],k_top3,C3/step10000,dose_unmatched,native,0.25,mapped_teacher,,,
discovery,sink_removed_fraction,True,linear descriptive interpolation within observed brackets; no equivalence claim,[],[],k_top3,C3/step10000,dose_unmatched,native,0.5,mapped_teacher,,,
discovery,sink_removed_fraction,True,linear descriptive interpolation within observed brackets; no equivalence claim,[],[],k_random0,C3/step10000,dose_unmatched,native,0.1,mapped_teacher,,,
discovery,sink_removed_fraction,True,linear descriptive interpolation within observed brackets; no equivalence claim,[],[],k_random0,C3/step10000,dose_unmatched,native,0.25,mapped_teacher,,,
discovery,sink_removed_fraction,True,linear descriptive interpolation within observed brackets; no equivalence claim,[],[],k_random0,C3/step10000,dose_unmatched,native,0.5,mapped_teacher,,,
discovery,sink_removed_fraction,True,linear descriptive interpolation within observed brackets; no equivalence claim,[],[],k_random1,C3/step10000,dose_unmatched,native,0.1,mapped_teacher,,,
discovery,sink_removed_fraction,True,linear descriptive interpolation within observed brackets; no equivalence claim,[],[],k_random1,C3/step10000,dose_unmatched,native,0.25,mapped_teacher,,,
discovery,sink_removed_fraction,True,linear descriptive interpolation within observed brackets; no equivalence claim,[],[],k_random1,C3/step10000,dose_unmatched,native,0.5,mapped_teacher,,,
discovery,sink_removed_fraction,True,linear descriptive interpolation within observed brackets; no equivalence claim,[],[],k_random2,C3/step10000,dose_unmatched,native,0.1,mapped_teacher,,,
discovery,sink_removed_fraction,True,linear descriptive interpolation within observed brackets; no equivalence claim,[],[],k_random2,C3/step10000,dose_unmatched,native,0.25,mapped_teacher,,,
discovery,sink_removed_fraction,True,linear descriptive interpolation within observed brackets; no equivalence claim,[],[],k_random2,C3/step10000,dose_unmatched,native,0.5,mapped_teacher,,,
discovery,sink_removed_fraction,True,linear descriptive interpolation within observed brackets; no equivalence claim,[],[],k_random3,C3/step10000,dose_unmatched,native,0.1,mapped_teacher,,,
discovery,sink_removed_fraction,True,linear descriptive interpolation within observed brackets; no equivalence claim,[],[],k_random3,C3/step10000,dose_unmatched,native,0.25,mapped_teacher,,,
discovery,sink_removed_fraction,True,linear descriptive interpolation within observed brackets; no equivalence claim,[],[],k_random3,C3/step10000,dose_unmatched,native,0.5,mapped_teacher,,,
discovery,sink_removed_fraction,True,linear descriptive interpolation within observed brackets; no equivalence claim,[],[],k_random4,C3/step10000,dose_unmatched,native,0.1,mapped_teacher,,,
discovery,sink_removed_fraction,True,linear descriptive interpolation within observed brackets; no equivalence claim,[],[],k_random4,C3/step10000,dose_unmatched,native,0.25,mapped_teacher,,,
discovery,sink_removed_fraction,True,linear descriptive interpolation within observed brackets; no equivalence claim,[],[],k_random4,C3/step10000,dose_unmatched,native,0.5,mapped_teacher,,,
discovery,sink_removed_fraction,True,linear descriptive interpolation within observed brackets; no equivalence claim,"[{'alpha': 0.32491028062712535, 'bracket': [0.25, 0.5], 'weight': 0.2996411225085015}]",[],q_bias,C5/step500,dose_unmatched,native,0.1,mapped_teacher,,,
discovery,sink_removed_fraction,True,linear descriptive interpolation within observed brackets; no equivalence claim,"[{'alpha': 0.8566523994020451, 'bracket': [0.75, 1.0], 'weight': 0.42660959760818024}]",[],q_bias,C5/step500,dose_unmatched,native,0.25,mapped_teacher,,,
discovery,sink_removed_fraction,True,linear descriptive interpolation within observed brackets; no equivalence claim,[],[],q_bias,C5/step500,dose_unmatched,native,0.5,mapped_teacher,,,
discovery,sink_removed_fraction,True,linear descriptive interpolation within observed brackets; no equivalence claim,"[{'alpha': 0.4151267015353627, 'bracket': [0.25, 0.5], 'weight': 0.6605068061414509}]",[],k_top3,C5/step500,dose_unmatched,native,0.1,mapped_teacher,,,
discovery,sink_removed_fraction,True,linear descriptive interpolation within observed brackets; no equivalence claim,[],[],k_top3,C5/step500,dose_unmatched,native,0.25,mapped_teacher,,,
discovery,sink_removed_fraction,True,linear descriptive interpolation within observed brackets; no equivalence claim,[],[],k_top3,C5/step500,dose_unmatched,native,0.5,mapped_teacher,,,
discovery,sink_removed_fraction,True,linear descriptive interpolation within observed brackets; no equivalence claim,[],[],k_random0,C5/step500,dose_unmatched,native,0.1,mapped_teacher,,,
discovery,sink_removed_fraction,True,linear descriptive interpolation within observed brackets; no equivalence claim,[],[],k_random0,C5/step500,dose_unmatched,native,0.25,mapped_teacher,,,
discovery,sink_removed_fraction,True,linear descriptive interpolation within observed brackets; no equivalence claim,[],[],k_random0,C5/step500,dose_unmatched,native,0.5,mapped_teacher,,,
discovery,sink_removed_fraction,True,linear descriptive interpolation within observed brackets; no equivalence claim,[],[],k_random1,C5/step500,dose_unmatched,native,0.1,mapped_teacher,,,
discovery,sink_removed_fraction,True,linear descriptive interpolation within observed brackets; no equivalence claim,[],[],k_random1,C5/step500,dose_unmatched,native,0.25,mapped_teacher,,,
discovery,sink_removed_fraction,True,linear descriptive interpolation within observed brackets; no equivalence claim,[],[],k_random1,C5/step500,dose_unmatched,native,0.5,mapped_teacher,,,
discovery,sink_removed_fraction,True,linear descriptive interpolation within observed brackets; no equivalence claim,[],[],k_random2,C5/step500,dose_unmatched,native,0.1,mapped_teacher,,,
discovery,sink_removed_fraction,True,linear descriptive interpolation within observed brackets; no equivalence claim,[],[],k_random2,C5/step500,dose_unmatched,native,0.25,mapped_teacher,,,
discovery,sink_removed_fraction,True,linear descriptive interpolation within observed brackets; no equivalence claim,[],[],k_random2,C5/step500,dose_unmatched,native,0.5,mapped_teacher,,,
discovery,sink_removed_fraction,True,linear descriptive interpolation within observed brackets; no equivalence claim,[],[],k_random3,C5/step500,dose_unmatched,native,0.1,mapped_teacher,,,
discovery,sink_removed_fraction,True,linear descriptive interpolation within observed brackets; no equivalence claim,[],[],k_random3,C5/step500,dose_unmatched,native,0.25,mapped_teacher,,,
discovery,sink_removed_fraction,True,linear descriptive interpolation within observed brackets; no equivalence claim,[],[],k_random3,C5/step500,dose_unmatched,native,0.5,mapped_teacher,,,
discovery,sink_removed_fraction,True,linear descriptive interpolation within observed brackets; no equivalence claim,[],[],k_random4,C5/step500,dose_unmatched,native,0.1,mapped_teacher,,,
discovery,sink_removed_fraction,True,linear descriptive interpolation within observed brackets; no equivalence claim,[],[],k_random4,C5/step500,dose_unmatched,native,0.25,mapped_teacher,,,
discovery,sink_removed_fraction,True,linear descriptive interpolation within observed brackets; no equivalence claim,[],[],k_random4,C5/step500,dose_unmatched,native,0.5,mapped_teacher,,,
discovery,sink_removed_fraction,True,linear descriptive interpolation within observed brackets; no equivalence claim,"[{'alpha': 0.32491028062712535, 'bracket': [0.25, 0.5], 'weight': 0.2996411225085015}]",[],q_bias,C5/step10000,dose_unmatched,native,0.1,mapped_teacher,,,
discovery,sink_removed_fraction,True,linear descriptive interpolation within observed brackets; no equivalence claim,"[{'alpha': 0.8566523994020451, 'bracket': [0.75, 1.0], 'weight': 0.42660959760818024}]",[],q_bias,C5/step10000,dose_unmatched,native,0.25,mapped_teacher,,,
discovery,sink_removed_fraction,True,linear descriptive interpolation within observed brackets; no equivalence claim,[],[],q_bias,C5/step10000,dose_unmatched,native,0.5,mapped_teacher,,,
discovery,sink_removed_fraction,True,linear descriptive interpolation within observed brackets; no equivalence claim,"[{'alpha': 0.4151267015353627, 'bracket': [0.25, 0.5], 'weight': 0.6605068061414509}]","[{'alpha': 0.6560954972031279, 'bracket': [0.5, 0.75], 'weight': 0.6243819888125115}]",k_top3,C5/step10000,observed_overlap,native,0.1,mapped_teacher,"{'absolute_target_logprob_change_nats': 0.10416217990984639, 'delta_ce_nats': 0.01282561095224265, 'prediction_flip_fraction': 0.06970180967652759, 'self_kl_nats': 0.011808440615929061}","{'absolute_target_logprob_change_nats': -0.008342565102883143, 'delta_ce_nats': -0.0015606809288661264, 'prediction_flip_fraction': 0.0015559891775137613, 'self_kl_nats': -0.0030354301260788336}","{'absolute_target_logprob_change_nats': 0.11250474501272953, 'delta_ce_nats': 0.014386291881108777, 'prediction_flip_fraction': 0.06814582049901383, 'self_kl_nats': 0.014843870742007895}"
discovery,sink_removed_fraction,True,linear descriptive interpolation within observed brackets; no equivalence claim,[],[],k_top3,C5/step10000,dose_unmatched,native,0.25,mapped_teacher,,,
discovery,sink_removed_fraction,True,linear descriptive interpolation within observed brackets; no equivalence claim,[],[],k_top3,C5/step10000,dose_unmatched,native,0.5,mapped_teacher,,,
discovery,sink_removed_fraction,True,linear descriptive interpolation within observed brackets; no equivalence claim,[],[],k_random0,C5/step10000,dose_unmatched,native,0.1,mapped_teacher,,,
discovery,sink_removed_fraction,True,linear descriptive interpolation within observed brackets; no equivalence claim,[],[],k_random0,C5/step10000,dose_unmatched,native,0.25,mapped_teacher,,,
discovery,sink_removed_fraction,True,linear descriptive interpolation within observed brackets; no equivalence claim,[],[],k_random0,C5/step10000,dose_unmatched,native,0.5,mapped_teacher,,,
discovery,sink_removed_fraction,True,linear descriptive interpolation within observed brackets; no equivalence claim,[],[],k_random1,C5/step10000,dose_unmatched,native,0.1,mapped_teacher,,,
discovery,sink_removed_fraction,True,linear descriptive interpolation within observed brackets; no equivalence claim,[],[],k_random1,C5/step10000,dose_unmatched,native,0.25,mapped_teacher,,,
discovery,sink_removed_fraction,True,linear descriptive interpolation within observed brackets; no equivalence claim,[],[],k_random1,C5/step10000,dose_unmatched,native,0.5,mapped_teacher,,,
discovery,sink_removed_fraction,True,linear descriptive interpolation within observed brackets; no equivalence claim,[],[],k_random2,C5/step10000,dose_unmatched,native,0.1,mapped_teacher,,,
discovery,sink_removed_fraction,True,linear descriptive interpolation within observed brackets; no equivalence claim,[],[],k_random2,C5/step10000,dose_unmatched,native,0.25,mapped_teacher,,,
discovery,sink_removed_fraction,True,linear descriptive interpolation within observed brackets; no equivalence claim,[],[],k_random2,C5/step10000,dose_unmatched,native,0.5,mapped_teacher,,,
discovery,sink_removed_fraction,True,linear descriptive interpolation within observed brackets; no equivalence claim,[],[],k_random3,C5/step10000,dose_unmatched,native,0.1,mapped_teacher,,,
discovery,sink_removed_fraction,True,linear descriptive interpolation within observed brackets; no equivalence claim,[],[],k_random3,C5/step10000,dose_unmatched,native,0.25,mapped_teacher,,,
discovery,sink_removed_fraction,True,linear descriptive interpolation within observed brackets; no equivalence claim,[],[],k_random3,C5/step10000,dose_unmatched,native,0.5,mapped_teacher,,,
discovery,sink_removed_fraction,True,linear descriptive interpolation within observed brackets; no equivalence claim,[],[],k_random4,C5/step10000,dose_unmatched,native,0.1,mapped_teacher,,,
discovery,sink_removed_fraction,True,linear descriptive interpolation within observed brackets; no equivalence claim,[],[],k_random4,C5/step10000,dose_unmatched,native,0.25,mapped_teacher,,,
discovery,sink_removed_fraction,True,linear descriptive interpolation within observed brackets; no equivalence claim,[],[],k_random4,C5/step10000,dose_unmatched,native,0.5,mapped_teacher,,,
discovery,sink_removed_fraction,True,linear descriptive interpolation within observed brackets; no equivalence claim,"[{'alpha': 0.32491028062712535, 'bracket': [0.25, 0.5], 'weight': 0.2996411225085015}]",[],q_bias,C6/step500,dose_unmatched,native,0.1,mapped_teacher,,,
discovery,sink_removed_fraction,True,linear descriptive interpolation within observed brackets; no equivalence claim,"[{'alpha': 0.8566523994020451, 'bracket': [0.75, 1.0], 'weight': 0.42660959760818024}]",[],q_bias,C6/step500,dose_unmatched,native,0.25,mapped_teacher,,,
discovery,sink_removed_fraction,True,linear descriptive interpolation within observed brackets; no equivalence claim,[],[],q_bias,C6/step500,dose_unmatched,native,0.5,mapped_teacher,,,
discovery,sink_removed_fraction,True,linear descriptive interpolation within observed brackets; no equivalence claim,"[{'alpha': 0.4151267015353627, 'bracket': [0.25, 0.5], 'weight': 0.6605068061414509}]",[],k_top3,C6/step500,dose_unmatched,native,0.1,mapped_teacher,,,
discovery,sink_removed_fraction,True,linear descriptive interpolation within observed brackets; no equivalence claim,[],[],k_top3,C6/step500,dose_unmatched,native,0.25,mapped_teacher,,,
discovery,sink_removed_fraction,True,linear descriptive interpolation within observed brackets; no equivalence claim,[],[],k_top3,C6/step500,dose_unmatched,native,0.5,mapped_teacher,,,
discovery,sink_removed_fraction,True,linear descriptive interpolation within observed brackets; no equivalence claim,[],[],k_random0,C6/step500,dose_unmatched,native,0.1,mapped_teacher,,,
discovery,sink_removed_fraction,True,linear descriptive interpolation within observed brackets; no equivalence claim,[],[],k_random0,C6/step500,dose_unmatched,native,0.25,mapped_teacher,,,
discovery,sink_removed_fraction,True,linear descriptive interpolation within observed brackets; no equivalence claim,[],[],k_random0,C6/step500,dose_unmatched,native,0.5,mapped_teacher,,,
discovery,sink_removed_fraction,True,linear descriptive interpolation within observed brackets; no equivalence claim,[],[],k_random1,C6/step500,dose_unmatched,native,0.1,mapped_teacher,,,
discovery,sink_removed_fraction,True,linear descriptive interpolation within observed brackets; no equivalence claim,[],[],k_random1,C6/step500,dose_unmatched,native,0.25,mapped_teacher,,,
discovery,sink_removed_fraction,True,linear descriptive interpolation within observed brackets; no equivalence claim,[],[],k_random1,C6/step500,dose_unmatched,native,0.5,mapped_teacher,,,
discovery,sink_removed_fraction,True,linear descriptive interpolation within observed brackets; no equivalence claim,[],[],k_random2,C6/step500,dose_unmatched,native,0.1,mapped_teacher,,,
discovery,sink_removed_fraction,True,linear descriptive interpolation within observed brackets; no equivalence claim,[],[],k_random2,C6/step500,dose_unmatched,native,0.25,mapped_teacher,,,
discovery,sink_removed_fraction,True,linear descriptive interpolation within observed brackets; no equivalence claim,[],[],k_random2,C6/step500,dose_unmatched,native,0.5,mapped_teacher,,,
discovery,sink_removed_fraction,True,linear descriptive interpolation within observed brackets; no equivalence claim,[],[],k_random3,C6/step500,dose_unmatched,native,0.1,mapped_teacher,,,
discovery,sink_removed_fraction,True,linear descriptive interpolation within observed brackets; no equivalence claim,[],[],k_random3,C6/step500,dose_unmatched,native,0.25,mapped_teacher,,,
discovery,sink_removed_fraction,True,linear descriptive interpolation within observed brackets; no equivalence claim,[],[],k_random3,C6/step500,dose_unmatched,native,0.5,mapped_teacher,,,
discovery,sink_removed_fraction,True,linear descriptive interpolation within observed brackets; no equivalence claim,[],[],k_random4,C6/step500,dose_unmatched,native,0.1,mapped_teacher,,,
discovery,sink_removed_fraction,True,linear descriptive interpolation within observed brackets; no equivalence claim,[],[],k_random4,C6/step500,dose_unmatched,native,0.25,mapped_teacher,,,
discovery,sink_removed_fraction,True,linear descriptive interpolation within observed brackets; no equivalence claim,[],[],k_random4,C6/step500,dose_unmatched,native,0.5,mapped_teacher,,,
discovery,sink_removed_fraction,True,linear descriptive interpolation within observed brackets; no equivalence claim,"[{'alpha': 0.32491028062712535, 'bracket': [0.25, 0.5], 'weight': 0.2996411225085015}]",[],q_bias,C6/step2000,dose_unmatched,native,0.1,mapped_teacher,,,
discovery,sink_removed_fraction,True,linear descriptive interpolation within observed brackets; no equivalence claim,"[{'alpha': 0.8566523994020451, 'bracket': [0.75, 1.0], 'weight': 0.42660959760818024}]",[],q_bias,C6/step2000,dose_unmatched,native,0.25,mapped_teacher,,,
discovery,sink_removed_fraction,True,linear descriptive interpolation within observed brackets; no equivalence claim,[],[],q_bias,C6/step2000,dose_unmatched,native,0.5,mapped_teacher,,,
discovery,sink_removed_fraction,True,linear descriptive interpolation within observed brackets; no equivalence claim,"[{'alpha': 0.4151267015353627, 'bracket': [0.25, 0.5], 'weight': 0.6605068061414509}]",[],k_top3,C6/step2000,dose_unmatched,native,0.1,mapped_teacher,,,
discovery,sink_removed_fraction,True,linear descriptive interpolation within observed brackets; no equivalence claim,[],[],k_top3,C6/step2000,dose_unmatched,native,0.25,mapped_teacher,,,
discovery,sink_removed_fraction,True,linear descriptive interpolation within observed brackets; no equivalence claim,[],[],k_top3,C6/step2000,dose_unmatched,native,0.5,mapped_teacher,,,
discovery,sink_removed_fraction,True,linear descriptive interpolation within observed brackets; no equivalence claim,[],[],k_random0,C6/step2000,dose_unmatched,native,0.1,mapped_teacher,,,
discovery,sink_removed_fraction,True,linear descriptive interpolation within observed brackets; no equivalence claim,[],[],k_random0,C6/step2000,dose_unmatched,native,0.25,mapped_teacher,,,
discovery,sink_removed_fraction,True,linear descriptive interpolation within observed brackets; no equivalence claim,[],[],k_random0,C6/step2000,dose_unmatched,native,0.5,mapped_teacher,,,
discovery,sink_removed_fraction,True,linear descriptive interpolation within observed brackets; no equivalence claim,[],[],k_random1,C6/step2000,dose_unmatched,native,0.1,mapped_teacher,,,
discovery,sink_removed_fraction,True,linear descriptive interpolation within observed brackets; no equivalence claim,[],[],k_random1,C6/step2000,dose_unmatched,native,0.25,mapped_teacher,,,
discovery,sink_removed_fraction,True,linear descriptive interpolation within observed brackets; no equivalence claim,[],[],k_random1,C6/step2000,dose_unmatched,native,0.5,mapped_teacher,,,
discovery,sink_removed_fraction,True,linear descriptive interpolation within observed brackets; no equivalence claim,[],[],k_random2,C6/step2000,dose_unmatched,native,0.1,mapped_teacher,,,
discovery,sink_removed_fraction,True,linear descriptive interpolation within observed brackets; no equivalence claim,[],[],k_random2,C6/step2000,dose_unmatched,native,0.25,mapped_teacher,,,
discovery,sink_removed_fraction,True,linear descriptive interpolation within observed brackets; no equivalence claim,[],[],k_random2,C6/step2000,dose_unmatched,native,0.5,mapped_teacher,,,
discovery,sink_removed_fraction,True,linear descriptive interpolation within observed brackets; no equivalence claim,[],[],k_random3,C6/step2000,dose_unmatched,native,0.1,mapped_teacher,,,
discovery,sink_removed_fraction,True,linear descriptive interpolation within observed brackets; no equivalence claim,[],[],k_random3,C6/step2000,dose_unmatched,native,0.25,mapped_teacher,,,
discovery,sink_removed_fraction,True,linear descriptive interpolation within observed brackets; no equivalence claim,[],[],k_random3,C6/step2000,dose_unmatched,native,0.5,mapped_teacher,,,
discovery,sink_removed_fraction,True,linear descriptive interpolation within observed brackets; no equivalence claim,[],[],k_random4,C6/step2000,dose_unmatched,native,0.1,mapped_teacher,,,
discovery,sink_removed_fraction,True,linear descriptive interpolation within observed brackets; no equivalence claim,[],[],k_random4,C6/step2000,dose_unmatched,native,0.25,mapped_teacher,,,
discovery,sink_removed_fraction,True,linear descriptive interpolation within observed brackets; no equivalence claim,[],[],k_random4,C6/step2000,dose_unmatched,native,0.5,mapped_teacher,,,
discovery,sink_removed_fraction,True,linear descriptive interpolation within observed brackets; no equivalence claim,"[{'alpha': 0.32491028062712535, 'bracket': [0.25, 0.5], 'weight': 0.2996411225085015}]",[],q_bias,C6/step10000,dose_unmatched,native,0.1,mapped_teacher,,,
discovery,sink_removed_fraction,True,linear descriptive interpolation within observed brackets; no equivalence claim,"[{'alpha': 0.8566523994020451, 'bracket': [0.75, 1.0], 'weight': 0.42660959760818024}]",[],q_bias,C6/step10000,dose_unmatched,native,0.25,mapped_teacher,,,
discovery,sink_removed_fraction,True,linear descriptive interpolation within observed brackets; no equivalence claim,[],[],q_bias,C6/step10000,dose_unmatched,native,0.5,mapped_teacher,,,
discovery,sink_removed_fraction,True,linear descriptive interpolation within observed brackets; no equivalence claim,"[{'alpha': 0.4151267015353627, 'bracket': [0.25, 0.5], 'weight': 0.6605068061414509}]",[],k_top3,C6/step10000,dose_unmatched,native,0.1,mapped_teacher,,,
discovery,sink_removed_fraction,True,linear descriptive interpolation within observed brackets; no equivalence claim,[],[],k_top3,C6/step10000,dose_unmatched,native,0.25,mapped_teacher,,,
discovery,sink_removed_fraction,True,linear descriptive interpolation within observed brackets; no equivalence claim,[],[],k_top3,C6/step10000,dose_unmatched,native,0.5,mapped_teacher,,,
discovery,sink_removed_fraction,True,linear descriptive interpolation within observed brackets; no equivalence claim,[],[],k_random0,C6/step10000,dose_unmatched,native,0.1,mapped_teacher,,,
discovery,sink_removed_fraction,True,linear descriptive interpolation within observed brackets; no equivalence claim,[],[],k_random0,C6/step10000,dose_unmatched,native,0.25,mapped_teacher,,,
discovery,sink_removed_fraction,True,linear descriptive interpolation within observed brackets; no equivalence claim,[],[],k_random0,C6/step10000,dose_unmatched,native,0.5,mapped_teacher,,,
discovery,sink_removed_fraction,True,linear descriptive interpolation within observed brackets; no equivalence claim,[],[],k_random1,C6/step10000,dose_unmatched,native,0.1,mapped_teacher,,,
discovery,sink_removed_fraction,True,linear descriptive interpolation within observed brackets; no equivalence claim,[],[],k_random1,C6/step10000,dose_unmatched,native,0.25,mapped_teacher,,,
discovery,sink_removed_fraction,True,linear descriptive interpolation within observed brackets; no equivalence claim,[],[],k_random1,C6/step10000,dose_unmatched,native,0.5,mapped_teacher,,,
discovery,sink_removed_fraction,True,linear descriptive interpolation within observed brackets; no equivalence claim,[],[],k_random2,C6/step10000,dose_unmatched,native,0.1,mapped_teacher,,,
discovery,sink_removed_fraction,True,linear descriptive interpolation within observed brackets; no equivalence claim,[],[],k_random2,C6/step10000,dose_unmatched,native,0.25,mapped_teacher,,,
discovery,sink_removed_fraction,True,linear descriptive interpolation within observed brackets; no equivalence claim,[],[],k_random2,C6/step10000,dose_unmatched,native,0.5,mapped_teacher,,,
discovery,sink_removed_fraction,True,linear descriptive interpolation within observed brackets; no equivalence claim,[],[],k_random3,C6/step10000,dose_unmatched,native,0.1,mapped_teacher,,,
discovery,sink_removed_fraction,True,linear descriptive interpolation within observed brackets; no equivalence claim,[],[],k_random3,C6/step10000,dose_unmatched,native,0.25,mapped_teacher,,,
discovery,sink_removed_fraction,True,linear descriptive interpolation within observed brackets; no equivalence claim,[],[],k_random3,C6/step10000,dose_unmatched,native,0.5,mapped_teacher,,,
discovery,sink_removed_fraction,True,linear descriptive interpolation within observed brackets; no equivalence claim,[],[],k_random4,C6/step10000,dose_unmatched,native,0.1,mapped_teacher,,,
discovery,sink_removed_fraction,True,linear descriptive interpolation within observed brackets; no equivalence claim,[],[],k_random4,C6/step10000,dose_unmatched,native,0.25,mapped_teacher,,,
discovery,sink_removed_fraction,True,linear descriptive interpolation within observed brackets; no equivalence claim,[],[],k_random4,C6/step10000,dose_unmatched,native,0.5,mapped_teacher,,,
confirmation,sink_removed_fraction,True,linear descriptive interpolation within observed brackets; no equivalence claim,"[{'alpha': 0.3218230934508015, 'bracket': [0.25, 0.5], 'weight': 0.2872923738032061}]",[],q_bias,C1/step500,dose_unmatched,native,0.1,mapped_teacher,,,
confirmation,sink_removed_fraction,True,linear descriptive interpolation within observed brackets; no equivalence claim,"[{'alpha': 0.8471837649719016, 'bracket': [0.75, 1.0], 'weight': 0.3887350598876064}]",[],q_bias,C1/step500,dose_unmatched,native,0.25,mapped_teacher,,,
confirmation,sink_removed_fraction,True,linear descriptive interpolation within observed brackets; no equivalence claim,[],[],q_bias,C1/step500,dose_unmatched,native,0.5,mapped_teacher,,,
confirmation,sink_removed_fraction,True,linear descriptive interpolation within observed brackets; no equivalence claim,"[{'alpha': 0.43214063060610264, 'bracket': [0.25, 0.5], 'weight': 0.7285625224244107}]",[],k_top3,C1/step500,dose_unmatched,native,0.1,mapped_teacher,,,
confirmation,sink_removed_fraction,True,linear descriptive interpolation within observed brackets; no equivalence claim,[],[],k_top3,C1/step500,dose_unmatched,native,0.25,mapped_teacher,,,
confirmation,sink_removed_fraction,True,linear descriptive interpolation within observed brackets; no equivalence claim,[],[],k_top3,C1/step500,dose_unmatched,native,0.5,mapped_teacher,,,
confirmation,sink_removed_fraction,True,linear descriptive interpolation within observed brackets; no equivalence claim,[],[],k_random0,C1/step500,dose_unmatched,native,0.1,mapped_teacher,,,
confirmation,sink_removed_fraction,True,linear descriptive interpolation within observed brackets; no equivalence claim,[],[],k_random0,C1/step500,dose_unmatched,native,0.25,mapped_teacher,,,
confirmation,sink_removed_fraction,True,linear descriptive interpolation within observed brackets; no equivalence claim,[],[],k_random0,C1/step500,dose_unmatched,native,0.5,mapped_teacher,,,
confirmation,sink_removed_fraction,True,linear descriptive interpolation within observed brackets; no equivalence claim,[],[],k_random1,C1/step500,dose_unmatched,native,0.1,mapped_teacher,,,
confirmation,sink_removed_fraction,True,linear descriptive interpolation within observed brackets; no equivalence claim,[],[],k_random1,C1/step500,dose_unmatched,native,0.25,mapped_teacher,,,
confirmation,sink_removed_fraction,True,linear descriptive interpolation within observed brackets; no equivalence claim,[],[],k_random1,C1/step500,dose_unmatched,native,0.5,mapped_teacher,,,
confirmation,sink_removed_fraction,True,linear descriptive interpolation within observed brackets; no equivalence claim,[],[],k_random2,C1/step500,dose_unmatched,native,0.1,mapped_teacher,,,
confirmation,sink_removed_fraction,True,linear descriptive interpolation within observed brackets; no equivalence claim,[],[],k_random2,C1/step500,dose_unmatched,native,0.25,mapped_teacher,,,
confirmation,sink_removed_fraction,True,linear descriptive interpolation within observed brackets; no equivalence claim,[],[],k_random2,C1/step500,dose_unmatched,native,0.5,mapped_teacher,,,
confirmation,sink_removed_fraction,True,linear descriptive interpolation within observed brackets; no equivalence claim,[],[],k_random3,C1/step500,dose_unmatched,native,0.1,mapped_teacher,,,
confirmation,sink_removed_fraction,True,linear descriptive interpolation within observed brackets; no equivalence claim,[],[],k_random3,C1/step500,dose_unmatched,native,0.25,mapped_teacher,,,
confirmation,sink_removed_fraction,True,linear descriptive interpolation within observed brackets; no equivalence claim,[],[],k_random3,C1/step500,dose_unmatched,native,0.5,mapped_teacher,,,
confirmation,sink_removed_fraction,True,linear descriptive interpolation within observed brackets; no equivalence claim,[],[],k_random4,C1/step500,dose_unmatched,native,0.1,mapped_teacher,,,
confirmation,sink_removed_fraction,True,linear descriptive interpolation within observed brackets; no equivalence claim,[],[],k_random4,C1/step500,dose_unmatched,native,0.25,mapped_teacher,,,
confirmation,sink_removed_fraction,True,linear descriptive interpolation within observed brackets; no equivalence claim,[],[],k_random4,C1/step500,dose_unmatched,native,0.5,mapped_teacher,,,
confirmation,sink_removed_fraction,True,linear descriptive interpolation within observed brackets; no equivalence claim,"[{'alpha': 0.3218230934508015, 'bracket': [0.25, 0.5], 'weight': 0.2872923738032061}]",[],q_bias,C1/step10000,dose_unmatched,native,0.1,mapped_teacher,,,
confirmation,sink_removed_fraction,True,linear descriptive interpolation within observed brackets; no equivalence claim,"[{'alpha': 0.8471837649719016, 'bracket': [0.75, 1.0], 'weight': 0.3887350598876064}]",[],q_bias,C1/step10000,dose_unmatched,native,0.25,mapped_teacher,,,
confirmation,sink_removed_fraction,True,linear descriptive interpolation within observed brackets; no equivalence claim,[],[],q_bias,C1/step10000,dose_unmatched,native,0.5,mapped_teacher,,,
confirmation,sink_removed_fraction,True,linear descriptive interpolation within observed brackets; no equivalence claim,"[{'alpha': 0.43214063060610264, 'bracket': [0.25, 0.5], 'weight': 0.7285625224244107}]","[{'alpha': 0.5951249893882855, 'bracket': [0.5, 0.75], 'weight': 0.38049995755314225}]",k_top3,C1/step10000,observed_overlap,native,0.1,mapped_teacher,"{'absolute_target_logprob_change_nats': 0.04191359120608302, 'delta_ce_nats': 0.002436570509539616, 'prediction_flip_fraction': 0.02870867404936839, 'self_kl_nats': 0.002279879433207098}","{'absolute_target_logprob_change_nats': -0.07740140818025543, 'delta_ce_nats': -0.015483979321401236, 'prediction_flip_fraction': -0.04475247202435309, 'self_kl_nats': -0.01358133499254311}","{'absolute_target_logprob_change_nats': 0.11931499938633844, 'delta_ce_nats': 0.017920549830940852, 'prediction_flip_fraction': 0.07346114607372148, 'self_kl_nats': 0.015861214425750208}"
confirmation,sink_removed_fraction,True,linear descriptive interpolation within observed brackets; no equivalence claim,[],[],k_top3,C1/step10000,dose_unmatched,native,0.25,mapped_teacher,,,
confirmation,sink_removed_fraction,True,linear descriptive interpolation within observed brackets; no equivalence claim,[],[],k_top3,C1/step10000,dose_unmatched,native,0.5,mapped_teacher,,,
confirmation,sink_removed_fraction,True,linear descriptive interpolation within observed brackets; no equivalence claim,[],[],k_random0,C1/step10000,dose_unmatched,native,0.1,mapped_teacher,,,
confirmation,sink_removed_fraction,True,linear descriptive interpolation within observed brackets; no equivalence claim,[],[],k_random0,C1/step10000,dose_unmatched,native,0.25,mapped_teacher,,,
confirmation,sink_removed_fraction,True,linear descriptive interpolation within observed brackets; no equivalence claim,[],[],k_random0,C1/step10000,dose_unmatched,native,0.5,mapped_teacher,,,
confirmation,sink_removed_fraction,True,linear descriptive interpolation within observed brackets; no equivalence claim,[],[],k_random1,C1/step10000,dose_unmatched,native,0.1,mapped_teacher,,,
confirmation,sink_removed_fraction,True,linear descriptive interpolation within observed brackets; no equivalence claim,[],[],k_random1,C1/step10000,dose_unmatched,native,0.25,mapped_teacher,,,
confirmation,sink_removed_fraction,True,linear descriptive interpolation within observed brackets; no equivalence claim,[],[],k_random1,C1/step10000,dose_unmatched,native,0.5,mapped_teacher,,,
confirmation,sink_removed_fraction,True,linear descriptive interpolation within observed brackets; no equivalence claim,[],[],k_random2,C1/step10000,dose_unmatched,native,0.1,mapped_teacher,,,
confirmation,sink_removed_fraction,True,linear descriptive interpolation within observed brackets; no equivalence claim,[],[],k_random2,C1/step10000,dose_unmatched,native,0.25,mapped_teacher,,,
confirmation,sink_removed_fraction,True,linear descriptive interpolation within observed brackets; no equivalence claim,[],[],k_random2,C1/step10000,dose_unmatched,native,0.5,mapped_teacher,,,
confirmation,sink_removed_fraction,True,linear descriptive interpolation within observed brackets; no equivalence claim,[],[],k_random3,C1/step10000,dose_unmatched,native,0.1,mapped_teacher,,,
confirmation,sink_removed_fraction,True,linear descriptive interpolation within observed brackets; no equivalence claim,[],[],k_random3,C1/step10000,dose_unmatched,native,0.25,mapped_teacher,,,
confirmation,sink_removed_fraction,True,linear descriptive interpolation within observed brackets; no equivalence claim,[],[],k_random3,C1/step10000,dose_unmatched,native,0.5,mapped_teacher,,,
confirmation,sink_removed_fraction,True,linear descriptive interpolation within observed brackets; no equivalence claim,[],[],k_random4,C1/step10000,dose_unmatched,native,0.1,mapped_teacher,,,
confirmation,sink_removed_fraction,True,linear descriptive interpolation within observed brackets; no equivalence claim,[],[],k_random4,C1/step10000,dose_unmatched,native,0.25,mapped_teacher,,,
confirmation,sink_removed_fraction,True,linear descriptive interpolation within observed brackets; no equivalence claim,[],[],k_random4,C1/step10000,dose_unmatched,native,0.5,mapped_teacher,,,
confirmation,sink_removed_fraction,True,linear descriptive interpolation within observed brackets; no equivalence claim,"[{'alpha': 0.3218230934508015, 'bracket': [0.25, 0.5], 'weight': 0.2872923738032061}]",[],q_bias,C2/step500,dose_unmatched,native,0.1,mapped_teacher,,,
confirmation,sink_removed_fraction,True,linear descriptive interpolation within observed brackets; no equivalence claim,"[{'alpha': 0.8471837649719016, 'bracket': [0.75, 1.0], 'weight': 0.3887350598876064}]",[],q_bias,C2/step500,dose_unmatched,native,0.25,mapped_teacher,,,
confirmation,sink_removed_fraction,True,linear descriptive interpolation within observed brackets; no equivalence claim,[],[],q_bias,C2/step500,dose_unmatched,native,0.5,mapped_teacher,,,
confirmation,sink_removed_fraction,True,linear descriptive interpolation within observed brackets; no equivalence claim,"[{'alpha': 0.43214063060610264, 'bracket': [0.25, 0.5], 'weight': 0.7285625224244107}]",[],k_top3,C2/step500,dose_unmatched,native,0.1,mapped_teacher,,,
confirmation,sink_removed_fraction,True,linear descriptive interpolation within observed brackets; no equivalence claim,[],[],k_top3,C2/step500,dose_unmatched,native,0.25,mapped_teacher,,,
confirmation,sink_removed_fraction,True,linear descriptive interpolation within observed brackets; no equivalence claim,[],[],k_top3,C2/step500,dose_unmatched,native,0.5,mapped_teacher,,,
confirmation,sink_removed_fraction,True,linear descriptive interpolation within observed brackets; no equivalence claim,[],[],k_random0,C2/step500,dose_unmatched,native,0.1,mapped_teacher,,,
confirmation,sink_removed_fraction,True,linear descriptive interpolation within observed brackets; no equivalence claim,[],[],k_random0,C2/step500,dose_unmatched,native,0.25,mapped_teacher,,,
confirmation,sink_removed_fraction,True,linear descriptive interpolation within observed brackets; no equivalence claim,[],[],k_random0,C2/step500,dose_unmatched,native,0.5,mapped_teacher,,,
confirmation,sink_removed_fraction,True,linear descriptive interpolation within observed brackets; no equivalence claim,[],[],k_random1,C2/step500,dose_unmatched,native,0.1,mapped_teacher,,,
confirmation,sink_removed_fraction,True,linear descriptive interpolation within observed brackets; no equivalence claim,[],[],k_random1,C2/step500,dose_unmatched,native,0.25,mapped_teacher,,,
confirmation,sink_removed_fraction,True,linear descriptive interpolation within observed brackets; no equivalence claim,[],[],k_random1,C2/step500,dose_unmatched,native,0.5,mapped_teacher,,,
confirmation,sink_removed_fraction,True,linear descriptive interpolation within observed brackets; no equivalence claim,[],[],k_random2,C2/step500,dose_unmatched,native,0.1,mapped_teacher,,,
confirmation,sink_removed_fraction,True,linear descriptive interpolation within observed brackets; no equivalence claim,[],[],k_random2,C2/step500,dose_unmatched,native,0.25,mapped_teacher,,,
confirmation,sink_removed_fraction,True,linear descriptive interpolation within observed brackets; no equivalence claim,[],[],k_random2,C2/step500,dose_unmatched,native,0.5,mapped_teacher,,,
confirmation,sink_removed_fraction,True,linear descriptive interpolation within observed brackets; no equivalence claim,[],[],k_random3,C2/step500,dose_unmatched,native,0.1,mapped_teacher,,,
confirmation,sink_removed_fraction,True,linear descriptive interpolation within observed brackets; no equivalence claim,[],[],k_random3,C2/step500,dose_unmatched,native,0.25,mapped_teacher,,,
confirmation,sink_removed_fraction,True,linear descriptive interpolation within observed brackets; no equivalence claim,[],[],k_random3,C2/step500,dose_unmatched,native,0.5,mapped_teacher,,,
confirmation,sink_removed_fraction,True,linear descriptive interpolation within observed brackets; no equivalence claim,[],[],k_random4,C2/step500,dose_unmatched,native,0.1,mapped_teacher,,,
confirmation,sink_removed_fraction,True,linear descriptive interpolation within observed brackets; no equivalence claim,[],[],k_random4,C2/step500,dose_unmatched,native,0.25,mapped_teacher,,,
confirmation,sink_removed_fraction,True,linear descriptive interpolation within observed brackets; no equivalence claim,[],[],k_random4,C2/step500,dose_unmatched,native,0.5,mapped_teacher,,,
confirmation,sink_removed_fraction,True,linear descriptive interpolation within observed brackets; no equivalence claim,"[{'alpha': 0.3218230934508015, 'bracket': [0.25, 0.5], 'weight': 0.2872923738032061}]",[],q_bias,C2/step2000,dose_unmatched,native,0.1,mapped_teacher,,,
confirmation,sink_removed_fraction,True,linear descriptive interpolation within observed brackets; no equivalence claim,"[{'alpha': 0.8471837649719016, 'bracket': [0.75, 1.0], 'weight': 0.3887350598876064}]",[],q_bias,C2/step2000,dose_unmatched,native,0.25,mapped_teacher,,,
confirmation,sink_removed_fraction,True,linear descriptive interpolation within observed brackets; no equivalence claim,[],[],q_bias,C2/step2000,dose_unmatched,native,0.5,mapped_teacher,,,
confirmation,sink_removed_fraction,True,linear descriptive interpolation within observed brackets; no equivalence claim,"[{'alpha': 0.43214063060610264, 'bracket': [0.25, 0.5], 'weight': 0.7285625224244107}]",[],k_top3,C2/step2000,dose_unmatched,native,0.1,mapped_teacher,,,
confirmation,sink_removed_fraction,True,linear descriptive interpolation within observed brackets; no equivalence claim,[],[],k_top3,C2/step2000,dose_unmatched,native,0.25,mapped_teacher,,,
confirmation,sink_removed_fraction,True,linear descriptive interpolation within observed brackets; no equivalence claim,[],[],k_top3,C2/step2000,dose_unmatched,native,0.5,mapped_teacher,,,
confirmation,sink_removed_fraction,True,linear descriptive interpolation within observed brackets; no equivalence claim,[],[],k_random0,C2/step2000,dose_unmatched,native,0.1,mapped_teacher,,,
confirmation,sink_removed_fraction,True,linear descriptive interpolation within observed brackets; no equivalence claim,[],[],k_random0,C2/step2000,dose_unmatched,native,0.25,mapped_teacher,,,
confirmation,sink_removed_fraction,True,linear descriptive interpolation within observed brackets; no equivalence claim,[],[],k_random0,C2/step2000,dose_unmatched,native,0.5,mapped_teacher,,,
confirmation,sink_removed_fraction,True,linear descriptive interpolation within observed brackets; no equivalence claim,[],[],k_random1,C2/step2000,dose_unmatched,native,0.1,mapped_teacher,,,
confirmation,sink_removed_fraction,True,linear descriptive interpolation within observed brackets; no equivalence claim,[],[],k_random1,C2/step2000,dose_unmatched,native,0.25,mapped_teacher,,,
confirmation,sink_removed_fraction,True,linear descriptive interpolation within observed brackets; no equivalence claim,[],[],k_random1,C2/step2000,dose_unmatched,native,0.5,mapped_teacher,,,
confirmation,sink_removed_fraction,True,linear descriptive interpolation within observed brackets; no equivalence claim,[],[],k_random2,C2/step2000,dose_unmatched,native,0.1,mapped_teacher,,,
confirmation,sink_removed_fraction,True,linear descriptive interpolation within observed brackets; no equivalence claim,[],[],k_random2,C2/step2000,dose_unmatched,native,0.25,mapped_teacher,,,
confirmation,sink_removed_fraction,True,linear descriptive interpolation within observed brackets; no equivalence claim,[],[],k_random2,C2/step2000,dose_unmatched,native,0.5,mapped_teacher,,,
confirmation,sink_removed_fraction,True,linear descriptive interpolation within observed brackets; no equivalence claim,[],[],k_random3,C2/step2000,dose_unmatched,native,0.1,mapped_teacher,,,
confirmation,sink_removed_fraction,True,linear descriptive interpolation within observed brackets; no equivalence claim,[],[],k_random3,C2/step2000,dose_unmatched,native,0.25,mapped_teacher,,,
confirmation,sink_removed_fraction,True,linear descriptive interpolation within observed brackets; no equivalence claim,[],[],k_random3,C2/step2000,dose_unmatched,native,0.5,mapped_teacher,,,
confirmation,sink_removed_fraction,True,linear descriptive interpolation within observed brackets; no equivalence claim,[],[],k_random4,C2/step2000,dose_unmatched,native,0.1,mapped_teacher,,,
confirmation,sink_removed_fraction,True,linear descriptive interpolation within observed brackets; no equivalence claim,[],[],k_random4,C2/step2000,dose_unmatched,native,0.25,mapped_teacher,,,
confirmation,sink_removed_fraction,True,linear descriptive interpolation within observed brackets; no equivalence claim,[],[],k_random4,C2/step2000,dose_unmatched,native,0.5,mapped_teacher,,,
confirmation,sink_removed_fraction,True,linear descriptive interpolation within observed brackets; no equivalence claim,"[{'alpha': 0.3218230934508015, 'bracket': [0.25, 0.5], 'weight': 0.2872923738032061}]",[],q_bias,C2/step10000,dose_unmatched,native,0.1,mapped_teacher,,,
confirmation,sink_removed_fraction,True,linear descriptive interpolation within observed brackets; no equivalence claim,"[{'alpha': 0.8471837649719016, 'bracket': [0.75, 1.0], 'weight': 0.3887350598876064}]",[],q_bias,C2/step10000,dose_unmatched,native,0.25,mapped_teacher,,,
confirmation,sink_removed_fraction,True,linear descriptive interpolation within observed brackets; no equivalence claim,[],[],q_bias,C2/step10000,dose_unmatched,native,0.5,mapped_teacher,,,
confirmation,sink_removed_fraction,True,linear descriptive interpolation within observed brackets; no equivalence claim,"[{'alpha': 0.43214063060610264, 'bracket': [0.25, 0.5], 'weight': 0.7285625224244107}]",[],k_top3,C2/step10000,dose_unmatched,native,0.1,mapped_teacher,,,
confirmation,sink_removed_fraction,True,linear descriptive interpolation within observed brackets; no equivalence claim,[],[],k_top3,C2/step10000,dose_unmatched,native,0.25,mapped_teacher,,,
confirmation,sink_removed_fraction,True,linear descriptive interpolation within observed brackets; no equivalence claim,[],[],k_top3,C2/step10000,dose_unmatched,native,0.5,mapped_teacher,,,
confirmation,sink_removed_fraction,True,linear descriptive interpolation within observed brackets; no equivalence claim,[],[],k_random0,C2/step10000,dose_unmatched,native,0.1,mapped_teacher,,,
confirmation,sink_removed_fraction,True,linear descriptive interpolation within observed brackets; no equivalence claim,[],[],k_random0,C2/step10000,dose_unmatched,native,0.25,mapped_teacher,,,
confirmation,sink_removed_fraction,True,linear descriptive interpolation within observed brackets; no equivalence claim,[],[],k_random0,C2/step10000,dose_unmatched,native,0.5,mapped_teacher,,,
confirmation,sink_removed_fraction,True,linear descriptive interpolation within observed brackets; no equivalence claim,[],[],k_random1,C2/step10000,dose_unmatched,native,0.1,mapped_teacher,,,
confirmation,sink_removed_fraction,True,linear descriptive interpolation within observed brackets; no equivalence claim,[],[],k_random1,C2/step10000,dose_unmatched,native,0.25,mapped_teacher,,,
confirmation,sink_removed_fraction,True,linear descriptive interpolation within observed brackets; no equivalence claim,[],[],k_random1,C2/step10000,dose_unmatched,native,0.5,mapped_teacher,,,
confirmation,sink_removed_fraction,True,linear descriptive interpolation within observed brackets; no equivalence claim,[],[],k_random2,C2/step10000,dose_unmatched,native,0.1,mapped_teacher,,,
confirmation,sink_removed_fraction,True,linear descriptive interpolation within observed brackets; no equivalence claim,[],[],k_random2,C2/step10000,dose_unmatched,native,0.25,mapped_teacher,,,
confirmation,sink_removed_fraction,True,linear descriptive interpolation within observed brackets; no equivalence claim,[],[],k_random2,C2/step10000,dose_unmatched,native,0.5,mapped_teacher,,,
confirmation,sink_removed_fraction,True,linear descriptive interpolation within observed brackets; no equivalence claim,[],[],k_random3,C2/step10000,dose_unmatched,native,0.1,mapped_teacher,,,
confirmation,sink_removed_fraction,True,linear descriptive interpolation within observed brackets; no equivalence claim,[],[],k_random3,C2/step10000,dose_unmatched,native,0.25,mapped_teacher,,,
confirmation,sink_removed_fraction,True,linear descriptive interpolation within observed brackets; no equivalence claim,[],[],k_random3,C2/step10000,dose_unmatched,native,0.5,mapped_teacher,,,
confirmation,sink_removed_fraction,True,linear descriptive interpolation within observed brackets; no equivalence claim,[],[],k_random4,C2/step10000,dose_unmatched,native,0.1,mapped_teacher,,,
confirmation,sink_removed_fraction,True,linear descriptive interpolation within observed brackets; no equivalence claim,[],[],k_random4,C2/step10000,dose_unmatched,native,0.25,mapped_teacher,,,
confirmation,sink_removed_fraction,True,linear descriptive interpolation within observed brackets; no equivalence claim,[],[],k_random4,C2/step10000,dose_unmatched,native,0.5,mapped_teacher,,,
confirmation,sink_removed_fraction,True,linear descriptive interpolation within observed brackets; no equivalence claim,"[{'alpha': 0.3218230934508015, 'bracket': [0.25, 0.5], 'weight': 0.2872923738032061}]",[],q_bias,C3/step500,dose_unmatched,native,0.1,mapped_teacher,,,
confirmation,sink_removed_fraction,True,linear descriptive interpolation within observed brackets; no equivalence claim,"[{'alpha': 0.8471837649719016, 'bracket': [0.75, 1.0], 'weight': 0.3887350598876064}]",[],q_bias,C3/step500,dose_unmatched,native,0.25,mapped_teacher,,,
confirmation,sink_removed_fraction,True,linear descriptive interpolation within observed brackets; no equivalence claim,[],[],q_bias,C3/step500,dose_unmatched,native,0.5,mapped_teacher,,,
confirmation,sink_removed_fraction,True,linear descriptive interpolation within observed brackets; no equivalence claim,"[{'alpha': 0.43214063060610264, 'bracket': [0.25, 0.5], 'weight': 0.7285625224244107}]",[],k_top3,C3/step500,dose_unmatched,native,0.1,mapped_teacher,,,
confirmation,sink_removed_fraction,True,linear descriptive interpolation within observed brackets; no equivalence claim,[],[],k_top3,C3/step500,dose_unmatched,native,0.25,mapped_teacher,,,
confirmation,sink_removed_fraction,True,linear descriptive interpolation within observed brackets; no equivalence claim,[],[],k_top3,C3/step500,dose_unmatched,native,0.5,mapped_teacher,,,
confirmation,sink_removed_fraction,True,linear descriptive interpolation within observed brackets; no equivalence claim,[],[],k_random0,C3/step500,dose_unmatched,native,0.1,mapped_teacher,,,
confirmation,sink_removed_fraction,True,linear descriptive interpolation within observed brackets; no equivalence claim,[],[],k_random0,C3/step500,dose_unmatched,native,0.25,mapped_teacher,,,
confirmation,sink_removed_fraction,True,linear descriptive interpolation within observed brackets; no equivalence claim,[],[],k_random0,C3/step500,dose_unmatched,native,0.5,mapped_teacher,,,
confirmation,sink_removed_fraction,True,linear descriptive interpolation within observed brackets; no equivalence claim,[],[],k_random1,C3/step500,dose_unmatched,native,0.1,mapped_teacher,,,
confirmation,sink_removed_fraction,True,linear descriptive interpolation within observed brackets; no equivalence claim,[],[],k_random1,C3/step500,dose_unmatched,native,0.25,mapped_teacher,,,
confirmation,sink_removed_fraction,True,linear descriptive interpolation within observed brackets; no equivalence claim,[],[],k_random1,C3/step500,dose_unmatched,native,0.5,mapped_teacher,,,
confirmation,sink_removed_fraction,True,linear descriptive interpolation within observed brackets; no equivalence claim,[],[],k_random2,C3/step500,dose_unmatched,native,0.1,mapped_teacher,,,
confirmation,sink_removed_fraction,True,linear descriptive interpolation within observed brackets; no equivalence claim,[],[],k_random2,C3/step500,dose_unmatched,native,0.25,mapped_teacher,,,
confirmation,sink_removed_fraction,True,linear descriptive interpolation within observed brackets; no equivalence claim,[],[],k_random2,C3/step500,dose_unmatched,native,0.5,mapped_teacher,,,
confirmation,sink_removed_fraction,True,linear descriptive interpolation within observed brackets; no equivalence claim,[],[],k_random3,C3/step500,dose_unmatched,native,0.1,mapped_teacher,,,
confirmation,sink_removed_fraction,True,linear descriptive interpolation within observed brackets; no equivalence claim,[],[],k_random3,C3/step500,dose_unmatched,native,0.25,mapped_teacher,,,
confirmation,sink_removed_fraction,True,linear descriptive interpolation within observed brackets; no equivalence claim,[],[],k_random3,C3/step500,dose_unmatched,native,0.5,mapped_teacher,,,
confirmation,sink_removed_fraction,True,linear descriptive interpolation within observed brackets; no equivalence claim,[],[],k_random4,C3/step500,dose_unmatched,native,0.1,mapped_teacher,,,
confirmation,sink_removed_fraction,True,linear descriptive interpolation within observed brackets; no equivalence claim,[],[],k_random4,C3/step500,dose_unmatched,native,0.25,mapped_teacher,,,
confirmation,sink_removed_fraction,True,linear descriptive interpolation within observed brackets; no equivalence claim,[],[],k_random4,C3/step500,dose_unmatched,native,0.5,mapped_teacher,,,
confirmation,sink_removed_fraction,True,linear descriptive interpolation within observed brackets; no equivalence claim,"[{'alpha': 0.3218230934508015, 'bracket': [0.25, 0.5], 'weight': 0.2872923738032061}]",[],q_bias,C3/step2000,dose_unmatched,native,0.1,mapped_teacher,,,
confirmation,sink_removed_fraction,True,linear descriptive interpolation within observed brackets; no equivalence claim,"[{'alpha': 0.8471837649719016, 'bracket': [0.75, 1.0], 'weight': 0.3887350598876064}]",[],q_bias,C3/step2000,dose_unmatched,native,0.25,mapped_teacher,,,
confirmation,sink_removed_fraction,True,linear descriptive interpolation within observed brackets; no equivalence claim,[],[],q_bias,C3/step2000,dose_unmatched,native,0.5,mapped_teacher,,,
confirmation,sink_removed_fraction,True,linear descriptive interpolation within observed brackets; no equivalence claim,"[{'alpha': 0.43214063060610264, 'bracket': [0.25, 0.5], 'weight': 0.7285625224244107}]",[],k_top3,C3/step2000,dose_unmatched,native,0.1,mapped_teacher,,,
confirmation,sink_removed_fraction,True,linear descriptive interpolation within observed brackets; no equivalence claim,[],[],k_top3,C3/step2000,dose_unmatched,native,0.25,mapped_teacher,,,
confirmation,sink_removed_fraction,True,linear descriptive interpolation within observed brackets; no equivalence claim,[],[],k_top3,C3/step2000,dose_unmatched,native,0.5,mapped_teacher,,,
confirmation,sink_removed_fraction,True,linear descriptive interpolation within observed brackets; no equivalence claim,[],[],k_random0,C3/step2000,dose_unmatched,native,0.1,mapped_teacher,,,
confirmation,sink_removed_fraction,True,linear descriptive interpolation within observed brackets; no equivalence claim,[],[],k_random0,C3/step2000,dose_unmatched,native,0.25,mapped_teacher,,,
confirmation,sink_removed_fraction,True,linear descriptive interpolation within observed brackets; no equivalence claim,[],[],k_random0,C3/step2000,dose_unmatched,native,0.5,mapped_teacher,,,
confirmation,sink_removed_fraction,True,linear descriptive interpolation within observed brackets; no equivalence claim,[],[],k_random1,C3/step2000,dose_unmatched,native,0.1,mapped_teacher,,,
confirmation,sink_removed_fraction,True,linear descriptive interpolation within observed brackets; no equivalence claim,[],[],k_random1,C3/step2000,dose_unmatched,native,0.25,mapped_teacher,,,
confirmation,sink_removed_fraction,True,linear descriptive interpolation within observed brackets; no equivalence claim,[],[],k_random1,C3/step2000,dose_unmatched,native,0.5,mapped_teacher,,,
confirmation,sink_removed_fraction,True,linear descriptive interpolation within observed brackets; no equivalence claim,[],[],k_random2,C3/step2000,dose_unmatched,native,0.1,mapped_teacher,,,
confirmation,sink_removed_fraction,True,linear descriptive interpolation within observed brackets; no equivalence claim,[],[],k_random2,C3/step2000,dose_unmatched,native,0.25,mapped_teacher,,,
confirmation,sink_removed_fraction,True,linear descriptive interpolation within observed brackets; no equivalence claim,[],[],k_random2,C3/step2000,dose_unmatched,native,0.5,mapped_teacher,,,
confirmation,sink_removed_fraction,True,linear descriptive interpolation within observed brackets; no equivalence claim,[],[],k_random3,C3/step2000,dose_unmatched,native,0.1,mapped_teacher,,,
confirmation,sink_removed_fraction,True,linear descriptive interpolation within observed brackets; no equivalence claim,[],[],k_random3,C3/step2000,dose_unmatched,native,0.25,mapped_teacher,,,
confirmation,sink_removed_fraction,True,linear descriptive interpolation within observed brackets; no equivalence claim,[],[],k_random3,C3/step2000,dose_unmatched,native,0.5,mapped_teacher,,,
confirmation,sink_removed_fraction,True,linear descriptive interpolation within observed brackets; no equivalence claim,[],[],k_random4,C3/step2000,dose_unmatched,native,0.1,mapped_teacher,,,
confirmation,sink_removed_fraction,True,linear descriptive interpolation within observed brackets; no equivalence claim,[],[],k_random4,C3/step2000,dose_unmatched,native,0.25,mapped_teacher,,,
confirmation,sink_removed_fraction,True,linear descriptive interpolation within observed brackets; no equivalence claim,[],[],k_random4,C3/step2000,dose_unmatched,native,0.5,mapped_teacher,,,
confirmation,sink_removed_fraction,True,linear descriptive interpolation within observed brackets; no equivalence claim,"[{'alpha': 0.3218230934508015, 'bracket': [0.25, 0.5], 'weight': 0.2872923738032061}]",[],q_bias,C3/step10000,dose_unmatched,native,0.1,mapped_teacher,,,
confirmation,sink_removed_fraction,True,linear descriptive interpolation within observed brackets; no equivalence claim,"[{'alpha': 0.8471837649719016, 'bracket': [0.75, 1.0], 'weight': 0.3887350598876064}]",[],q_bias,C3/step10000,dose_unmatched,native,0.25,mapped_teacher,,,
confirmation,sink_removed_fraction,True,linear descriptive interpolation within observed brackets; no equivalence claim,[],[],q_bias,C3/step10000,dose_unmatched,native,0.5,mapped_teacher,,,
confirmation,sink_removed_fraction,True,linear descriptive interpolation within observed brackets; no equivalence claim,"[{'alpha': 0.43214063060610264, 'bracket': [0.25, 0.5], 'weight': 0.7285625224244107}]","[{'alpha': 0.8695783566803177, 'bracket': [0.75, 1.0], 'weight': 0.47831342672127064}]",k_top3,C3/step10000,observed_overlap,native,0.1,mapped_teacher,"{'absolute_target_logprob_change_nats': 0.16292867623494392, 'delta_ce_nats': 0.030806628659620923, 'prediction_flip_fraction': 0.10281482447892372, 'self_kl_nats': 0.029505149671780452}","{'absolute_target_logprob_change_nats': 0.04361367684860548, 'delta_ce_nats': 0.012886078828680071, 'prediction_flip_fraction': 0.02935367840520224, 'self_kl_nats': 0.013643935246030244}","{'absolute_target_logprob_change_nats': 0.11931499938633844, 'delta_ce_nats': 0.017920549830940852, 'prediction_flip_fraction': 0.07346114607372148, 'self_kl_nats': 0.015861214425750208}"
confirmation,sink_removed_fraction,True,linear descriptive interpolation within observed brackets; no equivalence claim,[],[],k_top3,C3/step10000,dose_unmatched,native,0.25,mapped_teacher,,,
confirmation,sink_removed_fraction,True,linear descriptive interpolation within observed brackets; no equivalence claim,[],[],k_top3,C3/step10000,dose_unmatched,native,0.5,mapped_teacher,,,
confirmation,sink_removed_fraction,True,linear descriptive interpolation within observed brackets; no equivalence claim,[],[],k_random0,C3/step10000,dose_unmatched,native,0.1,mapped_teacher,,,
confirmation,sink_removed_fraction,True,linear descriptive interpolation within observed brackets; no equivalence claim,[],[],k_random0,C3/step10000,dose_unmatched,native,0.25,mapped_teacher,,,
confirmation,sink_removed_fraction,True,linear descriptive interpolation within observed brackets; no equivalence claim,[],[],k_random0,C3/step10000,dose_unmatched,native,0.5,mapped_teacher,,,
confirmation,sink_removed_fraction,True,linear descriptive interpolation within observed brackets; no equivalence claim,[],[],k_random1,C3/step10000,dose_unmatched,native,0.1,mapped_teacher,,,
confirmation,sink_removed_fraction,True,linear descriptive interpolation within observed brackets; no equivalence claim,[],[],k_random1,C3/step10000,dose_unmatched,native,0.25,mapped_teacher,,,
confirmation,sink_removed_fraction,True,linear descriptive interpolation within observed brackets; no equivalence claim,[],[],k_random1,C3/step10000,dose_unmatched,native,0.5,mapped_teacher,,,
confirmation,sink_removed_fraction,True,linear descriptive interpolation within observed brackets; no equivalence claim,[],[],k_random2,C3/step10000,dose_unmatched,native,0.1,mapped_teacher,,,
confirmation,sink_removed_fraction,True,linear descriptive interpolation within observed brackets; no equivalence claim,[],[],k_random2,C3/step10000,dose_unmatched,native,0.25,mapped_teacher,,,
confirmation,sink_removed_fraction,True,linear descriptive interpolation within observed brackets; no equivalence claim,[],[],k_random2,C3/step10000,dose_unmatched,native,0.5,mapped_teacher,,,
confirmation,sink_removed_fraction,True,linear descriptive interpolation within observed brackets; no equivalence claim,[],[],k_random3,C3/step10000,dose_unmatched,native,0.1,mapped_teacher,,,
confirmation,sink_removed_fraction,True,linear descriptive interpolation within observed brackets; no equivalence claim,[],[],k_random3,C3/step10000,dose_unmatched,native,0.25,mapped_teacher,,,
confirmation,sink_removed_fraction,True,linear descriptive interpolation within observed brackets; no equivalence claim,[],[],k_random3,C3/step10000,dose_unmatched,native,0.5,mapped_teacher,,,
confirmation,sink_removed_fraction,True,linear descriptive interpolation within observed brackets; no equivalence claim,[],[],k_random4,C3/step10000,dose_unmatched,native,0.1,mapped_teacher,,,
confirmation,sink_removed_fraction,True,linear descriptive interpolation within observed brackets; no equivalence claim,[],[],k_random4,C3/step10000,dose_unmatched,native,0.25,mapped_teacher,,,
confirmation,sink_removed_fraction,True,linear descriptive interpolation within observed brackets; no equivalence claim,[],[],k_random4,C3/step10000,dose_unmatched,native,0.5,mapped_teacher,,,
confirmation,sink_removed_fraction,True,linear descriptive interpolation within observed brackets; no equivalence claim,"[{'alpha': 0.3218230934508015, 'bracket': [0.25, 0.5], 'weight': 0.2872923738032061}]",[],q_bias,C5/step500,dose_unmatched,native,0.1,mapped_teacher,,,
confirmation,sink_removed_fraction,True,linear descriptive interpolation within observed brackets; no equivalence claim,"[{'alpha': 0.8471837649719016, 'bracket': [0.75, 1.0], 'weight': 0.3887350598876064}]",[],q_bias,C5/step500,dose_unmatched,native,0.25,mapped_teacher,,,
confirmation,sink_removed_fraction,True,linear descriptive interpolation within observed brackets; no equivalence claim,[],[],q_bias,C5/step500,dose_unmatched,native,0.5,mapped_teacher,,,
confirmation,sink_removed_fraction,True,linear descriptive interpolation within observed brackets; no equivalence claim,"[{'alpha': 0.43214063060610264, 'bracket': [0.25, 0.5], 'weight': 0.7285625224244107}]",[],k_top3,C5/step500,dose_unmatched,native,0.1,mapped_teacher,,,
confirmation,sink_removed_fraction,True,linear descriptive interpolation within observed brackets; no equivalence claim,[],[],k_top3,C5/step500,dose_unmatched,native,0.25,mapped_teacher,,,
confirmation,sink_removed_fraction,True,linear descriptive interpolation within observed brackets; no equivalence claim,[],[],k_top3,C5/step500,dose_unmatched,native,0.5,mapped_teacher,,,
confirmation,sink_removed_fraction,True,linear descriptive interpolation within observed brackets; no equivalence claim,[],[],k_random0,C5/step500,dose_unmatched,native,0.1,mapped_teacher,,,
confirmation,sink_removed_fraction,True,linear descriptive interpolation within observed brackets; no equivalence claim,[],[],k_random0,C5/step500,dose_unmatched,native,0.25,mapped_teacher,,,
confirmation,sink_removed_fraction,True,linear descriptive interpolation within observed brackets; no equivalence claim,[],[],k_random0,C5/step500,dose_unmatched,native,0.5,mapped_teacher,,,
confirmation,sink_removed_fraction,True,linear descriptive interpolation within observed brackets; no equivalence claim,[],[],k_random1,C5/step500,dose_unmatched,native,0.1,mapped_teacher,,,
confirmation,sink_removed_fraction,True,linear descriptive interpolation within observed brackets; no equivalence claim,[],[],k_random1,C5/step500,dose_unmatched,native,0.25,mapped_teacher,,,
confirmation,sink_removed_fraction,True,linear descriptive interpolation within observed brackets; no equivalence claim,[],[],k_random1,C5/step500,dose_unmatched,native,0.5,mapped_teacher,,,
confirmation,sink_removed_fraction,True,linear descriptive interpolation within observed brackets; no equivalence claim,[],[],k_random2,C5/step500,dose_unmatched,native,0.1,mapped_teacher,,,
confirmation,sink_removed_fraction,True,linear descriptive interpolation within observed brackets; no equivalence claim,[],[],k_random2,C5/step500,dose_unmatched,native,0.25,mapped_teacher,,,
confirmation,sink_removed_fraction,True,linear descriptive interpolation within observed brackets; no equivalence claim,[],[],k_random2,C5/step500,dose_unmatched,native,0.5,mapped_teacher,,,
confirmation,sink_removed_fraction,True,linear descriptive interpolation within observed brackets; no equivalence claim,[],[],k_random3,C5/step500,dose_unmatched,native,0.1,mapped_teacher,,,
confirmation,sink_removed_fraction,True,linear descriptive interpolation within observed brackets; no equivalence claim,[],[],k_random3,C5/step500,dose_unmatched,native,0.25,mapped_teacher,,,
confirmation,sink_removed_fraction,True,linear descriptive interpolation within observed brackets; no equivalence claim,[],[],k_random3,C5/step500,dose_unmatched,native,0.5,mapped_teacher,,,
confirmation,sink_removed_fraction,True,linear descriptive interpolation within observed brackets; no equivalence claim,[],[],k_random4,C5/step500,dose_unmatched,native,0.1,mapped_teacher,,,
confirmation,sink_removed_fraction,True,linear descriptive interpolation within observed brackets; no equivalence claim,[],[],k_random4,C5/step500,dose_unmatched,native,0.25,mapped_teacher,,,
confirmation,sink_removed_fraction,True,linear descriptive interpolation within observed brackets; no equivalence claim,[],[],k_random4,C5/step500,dose_unmatched,native,0.5,mapped_teacher,,,
confirmation,sink_removed_fraction,True,linear descriptive interpolation within observed brackets; no equivalence claim,"[{'alpha': 0.3218230934508015, 'bracket': [0.25, 0.5], 'weight': 0.2872923738032061}]",[],q_bias,C5/step10000,dose_unmatched,native,0.1,mapped_teacher,,,
confirmation,sink_removed_fraction,True,linear descriptive interpolation within observed brackets; no equivalence claim,"[{'alpha': 0.8471837649719016, 'bracket': [0.75, 1.0], 'weight': 0.3887350598876064}]",[],q_bias,C5/step10000,dose_unmatched,native,0.25,mapped_teacher,,,
confirmation,sink_removed_fraction,True,linear descriptive interpolation within observed brackets; no equivalence claim,[],[],q_bias,C5/step10000,dose_unmatched,native,0.5,mapped_teacher,,,
confirmation,sink_removed_fraction,True,linear descriptive interpolation within observed brackets; no equivalence claim,"[{'alpha': 0.43214063060610264, 'bracket': [0.25, 0.5], 'weight': 0.7285625224244107}]","[{'alpha': 0.607152114017737, 'bracket': [0.5, 0.75], 'weight': 0.4286084560709484}]",k_top3,C5/step10000,observed_overlap,native,0.1,mapped_teacher,"{'absolute_target_logprob_change_nats': 0.09869781763484888, 'delta_ce_nats': 0.01240954859272908, 'prediction_flip_fraction': 0.06430946807610856, 'self_kl_nats': 0.01058870920092597}","{'absolute_target_logprob_change_nats': -0.020617181751489563, 'delta_ce_nats': -0.005511001238211771, 'prediction_flip_fraction': -0.00915167799761292, 'self_kl_nats': -0.005272505224824238}","{'absolute_target_logprob_change_nats': 0.11931499938633844, 'delta_ce_nats': 0.017920549830940852, 'prediction_flip_fraction': 0.07346114607372148, 'self_kl_nats': 0.015861214425750208}"
confirmation,sink_removed_fraction,True,linear descriptive interpolation within observed brackets; no equivalence claim,[],[],k_top3,C5/step10000,dose_unmatched,native,0.25,mapped_teacher,,,
confirmation,sink_removed_fraction,True,linear descriptive interpolation within observed brackets; no equivalence claim,[],[],k_top3,C5/step10000,dose_unmatched,native,0.5,mapped_teacher,,,
confirmation,sink_removed_fraction,True,linear descriptive interpolation within observed brackets; no equivalence claim,[],[],k_random0,C5/step10000,dose_unmatched,native,0.1,mapped_teacher,,,
confirmation,sink_removed_fraction,True,linear descriptive interpolation within observed brackets; no equivalence claim,[],[],k_random0,C5/step10000,dose_unmatched,native,0.25,mapped_teacher,,,
confirmation,sink_removed_fraction,True,linear descriptive interpolation within observed brackets; no equivalence claim,[],[],k_random0,C5/step10000,dose_unmatched,native,0.5,mapped_teacher,,,
confirmation,sink_removed_fraction,True,linear descriptive interpolation within observed brackets; no equivalence claim,[],[],k_random1,C5/step10000,dose_unmatched,native,0.1,mapped_teacher,,,
confirmation,sink_removed_fraction,True,linear descriptive interpolation within observed brackets; no equivalence claim,[],[],k_random1,C5/step10000,dose_unmatched,native,0.25,mapped_teacher,,,
confirmation,sink_removed_fraction,True,linear descriptive interpolation within observed brackets; no equivalence claim,[],[],k_random1,C5/step10000,dose_unmatched,native,0.5,mapped_teacher,,,
confirmation,sink_removed_fraction,True,linear descriptive interpolation within observed brackets; no equivalence claim,[],[],k_random2,C5/step10000,dose_unmatched,native,0.1,mapped_teacher,,,
confirmation,sink_removed_fraction,True,linear descriptive interpolation within observed brackets; no equivalence claim,[],[],k_random2,C5/step10000,dose_unmatched,native,0.25,mapped_teacher,,,
confirmation,sink_removed_fraction,True,linear descriptive interpolation within observed brackets; no equivalence claim,[],[],k_random2,C5/step10000,dose_unmatched,native,0.5,mapped_teacher,,,
confirmation,sink_removed_fraction,True,linear descriptive interpolation within observed brackets; no equivalence claim,[],[],k_random3,C5/step10000,dose_unmatched,native,0.1,mapped_teacher,,,
confirmation,sink_removed_fraction,True,linear descriptive interpolation within observed brackets; no equivalence claim,[],[],k_random3,C5/step10000,dose_unmatched,native,0.25,mapped_teacher,,,
confirmation,sink_removed_fraction,True,linear descriptive interpolation within observed brackets; no equivalence claim,[],[],k_random3,C5/step10000,dose_unmatched,native,0.5,mapped_teacher,,,
confirmation,sink_removed_fraction,True,linear descriptive interpolation within observed brackets; no equivalence claim,[],[],k_random4,C5/step10000,dose_unmatched,native,0.1,mapped_teacher,,,
confirmation,sink_removed_fraction,True,linear descriptive interpolation within observed brackets; no equivalence claim,[],[],k_random4,C5/step10000,dose_unmatched,native,0.25,mapped_teacher,,,
confirmation,sink_removed_fraction,True,linear descriptive interpolation within observed brackets; no equivalence claim,[],[],k_random4,C5/step10000,dose_unmatched,native,0.5,mapped_teacher,,,
confirmation,sink_removed_fraction,True,linear descriptive interpolation within observed brackets; no equivalence claim,"[{'alpha': 0.3218230934508015, 'bracket': [0.25, 0.5], 'weight': 0.2872923738032061}]",[],q_bias,C6/step500,dose_unmatched,native,0.1,mapped_teacher,,,
confirmation,sink_removed_fraction,True,linear descriptive interpolation within observed brackets; no equivalence claim,"[{'alpha': 0.8471837649719016, 'bracket': [0.75, 1.0], 'weight': 0.3887350598876064}]",[],q_bias,C6/step500,dose_unmatched,native,0.25,mapped_teacher,,,
confirmation,sink_removed_fraction,True,linear descriptive interpolation within observed brackets; no equivalence claim,[],[],q_bias,C6/step500,dose_unmatched,native,0.5,mapped_teacher,,,
confirmation,sink_removed_fraction,True,linear descriptive interpolation within observed brackets; no equivalence claim,"[{'alpha': 0.43214063060610264, 'bracket': [0.25, 0.5], 'weight': 0.7285625224244107}]",[],k_top3,C6/step500,dose_unmatched,native,0.1,mapped_teacher,,,
confirmation,sink_removed_fraction,True,linear descriptive interpolation within observed brackets; no equivalence claim,[],[],k_top3,C6/step500,dose_unmatched,native,0.25,mapped_teacher,,,
confirmation,sink_removed_fraction,True,linear descriptive interpolation within observed brackets; no equivalence claim,[],[],k_top3,C6/step500,dose_unmatched,native,0.5,mapped_teacher,,,
confirmation,sink_removed_fraction,True,linear descriptive interpolation within observed brackets; no equivalence claim,[],[],k_random0,C6/step500,dose_unmatched,native,0.1,mapped_teacher,,,
confirmation,sink_removed_fraction,True,linear descriptive interpolation within observed brackets; no equivalence claim,[],[],k_random0,C6/step500,dose_unmatched,native,0.25,mapped_teacher,,,
confirmation,sink_removed_fraction,True,linear descriptive interpolation within observed brackets; no equivalence claim,[],[],k_random0,C6/step500,dose_unmatched,native,0.5,mapped_teacher,,,
confirmation,sink_removed_fraction,True,linear descriptive interpolation within observed brackets; no equivalence claim,[],[],k_random1,C6/step500,dose_unmatched,native,0.1,mapped_teacher,,,
confirmation,sink_removed_fraction,True,linear descriptive interpolation within observed brackets; no equivalence claim,[],[],k_random1,C6/step500,dose_unmatched,native,0.25,mapped_teacher,,,
confirmation,sink_removed_fraction,True,linear descriptive interpolation within observed brackets; no equivalence claim,[],[],k_random1,C6/step500,dose_unmatched,native,0.5,mapped_teacher,,,
confirmation,sink_removed_fraction,True,linear descriptive interpolation within observed brackets; no equivalence claim,[],[],k_random2,C6/step500,dose_unmatched,native,0.1,mapped_teacher,,,
confirmation,sink_removed_fraction,True,linear descriptive interpolation within observed brackets; no equivalence claim,[],[],k_random2,C6/step500,dose_unmatched,native,0.25,mapped_teacher,,,
confirmation,sink_removed_fraction,True,linear descriptive interpolation within observed brackets; no equivalence claim,[],[],k_random2,C6/step500,dose_unmatched,native,0.5,mapped_teacher,,,
confirmation,sink_removed_fraction,True,linear descriptive interpolation within observed brackets; no equivalence claim,[],[],k_random3,C6/step500,dose_unmatched,native,0.1,mapped_teacher,,,
confirmation,sink_removed_fraction,True,linear descriptive interpolation within observed brackets; no equivalence claim,[],[],k_random3,C6/step500,dose_unmatched,native,0.25,mapped_teacher,,,
confirmation,sink_removed_fraction,True,linear descriptive interpolation within observed brackets; no equivalence claim,[],[],k_random3,C6/step500,dose_unmatched,native,0.5,mapped_teacher,,,
confirmation,sink_removed_fraction,True,linear descriptive interpolation within observed brackets; no equivalence claim,[],[],k_random4,C6/step500,dose_unmatched,native,0.1,mapped_teacher,,,
confirmation,sink_removed_fraction,True,linear descriptive interpolation within observed brackets; no equivalence claim,[],[],k_random4,C6/step500,dose_unmatched,native,0.25,mapped_teacher,,,
confirmation,sink_removed_fraction,True,linear descriptive interpolation within observed brackets; no equivalence claim,[],[],k_random4,C6/step500,dose_unmatched,native,0.5,mapped_teacher,,,
confirmation,sink_removed_fraction,True,linear descriptive interpolation within observed brackets; no equivalence claim,"[{'alpha': 0.3218230934508015, 'bracket': [0.25, 0.5], 'weight': 0.2872923738032061}]",[],q_bias,C6/step2000,dose_unmatched,native,0.1,mapped_teacher,,,
confirmation,sink_removed_fraction,True,linear descriptive interpolation within observed brackets; no equivalence claim,"[{'alpha': 0.8471837649719016, 'bracket': [0.75, 1.0], 'weight': 0.3887350598876064}]",[],q_bias,C6/step2000,dose_unmatched,native,0.25,mapped_teacher,,,
confirmation,sink_removed_fraction,True,linear descriptive interpolation within observed brackets; no equivalence claim,[],[],q_bias,C6/step2000,dose_unmatched,native,0.5,mapped_teacher,,,
confirmation,sink_removed_fraction,True,linear descriptive interpolation within observed brackets; no equivalence claim,"[{'alpha': 0.43214063060610264, 'bracket': [0.25, 0.5], 'weight': 0.7285625224244107}]",[],k_top3,C6/step2000,dose_unmatched,native,0.1,mapped_teacher,,,
confirmation,sink_removed_fraction,True,linear descriptive interpolation within observed brackets; no equivalence claim,[],[],k_top3,C6/step2000,dose_unmatched,native,0.25,mapped_teacher,,,
confirmation,sink_removed_fraction,True,linear descriptive interpolation within observed brackets; no equivalence claim,[],[],k_top3,C6/step2000,dose_unmatched,native,0.5,mapped_teacher,,,
confirmation,sink_removed_fraction,True,linear descriptive interpolation within observed brackets; no equivalence claim,[],[],k_random0,C6/step2000,dose_unmatched,native,0.1,mapped_teacher,,,
confirmation,sink_removed_fraction,True,linear descriptive interpolation within observed brackets; no equivalence claim,[],[],k_random0,C6/step2000,dose_unmatched,native,0.25,mapped_teacher,,,
confirmation,sink_removed_fraction,True,linear descriptive interpolation within observed brackets; no equivalence claim,[],[],k_random0,C6/step2000,dose_unmatched,native,0.5,mapped_teacher,,,
confirmation,sink_removed_fraction,True,linear descriptive interpolation within observed brackets; no equivalence claim,[],[],k_random1,C6/step2000,dose_unmatched,native,0.1,mapped_teacher,,,
confirmation,sink_removed_fraction,True,linear descriptive interpolation within observed brackets; no equivalence claim,[],[],k_random1,C6/step2000,dose_unmatched,native,0.25,mapped_teacher,,,
confirmation,sink_removed_fraction,True,linear descriptive interpolation within observed brackets; no equivalence claim,[],[],k_random1,C6/step2000,dose_unmatched,native,0.5,mapped_teacher,,,
confirmation,sink_removed_fraction,True,linear descriptive interpolation within observed brackets; no equivalence claim,[],[],k_random2,C6/step2000,dose_unmatched,native,0.1,mapped_teacher,,,
confirmation,sink_removed_fraction,True,linear descriptive interpolation within observed brackets; no equivalence claim,[],[],k_random2,C6/step2000,dose_unmatched,native,0.25,mapped_teacher,,,
confirmation,sink_removed_fraction,True,linear descriptive interpolation within observed brackets; no equivalence claim,[],[],k_random2,C6/step2000,dose_unmatched,native,0.5,mapped_teacher,,,
confirmation,sink_removed_fraction,True,linear descriptive interpolation within observed brackets; no equivalence claim,[],[],k_random3,C6/step2000,dose_unmatched,native,0.1,mapped_teacher,,,
confirmation,sink_removed_fraction,True,linear descriptive interpolation within observed brackets; no equivalence claim,[],[],k_random3,C6/step2000,dose_unmatched,native,0.25,mapped_teacher,,,
confirmation,sink_removed_fraction,True,linear descriptive interpolation within observed brackets; no equivalence claim,[],[],k_random3,C6/step2000,dose_unmatched,native,0.5,mapped_teacher,,,
confirmation,sink_removed_fraction,True,linear descriptive interpolation within observed brackets; no equivalence claim,[],[],k_random4,C6/step2000,dose_unmatched,native,0.1,mapped_teacher,,,
confirmation,sink_removed_fraction,True,linear descriptive interpolation within observed brackets; no equivalence claim,[],[],k_random4,C6/step2000,dose_unmatched,native,0.25,mapped_teacher,,,
confirmation,sink_removed_fraction,True,linear descriptive interpolation within observed brackets; no equivalence claim,[],[],k_random4,C6/step2000,dose_unmatched,native,0.5,mapped_teacher,,,
confirmation,sink_removed_fraction,True,linear descriptive interpolation within observed brackets; no equivalence claim,"[{'alpha': 0.3218230934508015, 'bracket': [0.25, 0.5], 'weight': 0.2872923738032061}]",[],q_bias,C6/step10000,dose_unmatched,native,0.1,mapped_teacher,,,
confirmation,sink_removed_fraction,True,linear descriptive interpolation within observed brackets; no equivalence claim,"[{'alpha': 0.8471837649719016, 'bracket': [0.75, 1.0], 'weight': 0.3887350598876064}]",[],q_bias,C6/step10000,dose_unmatched,native,0.25,mapped_teacher,,,
confirmation,sink_removed_fraction,True,linear descriptive interpolation within observed brackets; no equivalence claim,[],[],q_bias,C6/step10000,dose_unmatched,native,0.5,mapped_teacher,,,
confirmation,sink_removed_fraction,True,linear descriptive interpolation within observed brackets; no equivalence claim,"[{'alpha': 0.43214063060610264, 'bracket': [0.25, 0.5], 'weight': 0.7285625224244107}]",[],k_top3,C6/step10000,dose_unmatched,native,0.1,mapped_teacher,,,
confirmation,sink_removed_fraction,True,linear descriptive interpolation within observed brackets; no equivalence claim,[],[],k_top3,C6/step10000,dose_unmatched,native,0.25,mapped_teacher,,,
confirmation,sink_removed_fraction,True,linear descriptive interpolation within observed brackets; no equivalence claim,[],[],k_top3,C6/step10000,dose_unmatched,native,0.5,mapped_teacher,,,
confirmation,sink_removed_fraction,True,linear descriptive interpolation within observed brackets; no equivalence claim,[],[],k_random0,C6/step10000,dose_unmatched,native,0.1,mapped_teacher,,,
confirmation,sink_removed_fraction,True,linear descriptive interpolation within observed brackets; no equivalence claim,[],[],k_random0,C6/step10000,dose_unmatched,native,0.25,mapped_teacher,,,
confirmation,sink_removed_fraction,True,linear descriptive interpolation within observed brackets; no equivalence claim,[],[],k_random0,C6/step10000,dose_unmatched,native,0.5,mapped_teacher,,,
confirmation,sink_removed_fraction,True,linear descriptive interpolation within observed brackets; no equivalence claim,[],[],k_random1,C6/step10000,dose_unmatched,native,0.1,mapped_teacher,,,
confirmation,sink_removed_fraction,True,linear descriptive interpolation within observed brackets; no equivalence claim,[],[],k_random1,C6/step10000,dose_unmatched,native,0.25,mapped_teacher,,,
confirmation,sink_removed_fraction,True,linear descriptive interpolation within observed brackets; no equivalence claim,[],[],k_random1,C6/step10000,dose_unmatched,native,0.5,mapped_teacher,,,
confirmation,sink_removed_fraction,True,linear descriptive interpolation within observed brackets; no equivalence claim,[],[],k_random2,C6/step10000,dose_unmatched,native,0.1,mapped_teacher,,,
confirmation,sink_removed_fraction,True,linear descriptive interpolation within observed brackets; no equivalence claim,[],[],k_random2,C6/step10000,dose_unmatched,native,0.25,mapped_teacher,,,
confirmation,sink_removed_fraction,True,linear descriptive interpolation within observed brackets; no equivalence claim,[],[],k_random2,C6/step10000,dose_unmatched,native,0.5,mapped_teacher,,,
confirmation,sink_removed_fraction,True,linear descriptive interpolation within observed brackets; no equivalence claim,[],[],k_random3,C6/step10000,dose_unmatched,native,0.1,mapped_teacher,,,
confirmation,sink_removed_fraction,True,linear descriptive interpolation within observed brackets; no equivalence claim,[],[],k_random3,C6/step10000,dose_unmatched,native,0.25,mapped_teacher,,,
confirmation,sink_removed_fraction,True,linear descriptive interpolation within observed brackets; no equivalence claim,[],[],k_random3,C6/step10000,dose_unmatched,native,0.5,mapped_teacher,,,
confirmation,sink_removed_fraction,True,linear descriptive interpolation within observed brackets; no equivalence claim,[],[],k_random4,C6/step10000,dose_unmatched,native,0.1,mapped_teacher,,,
confirmation,sink_removed_fraction,True,linear descriptive interpolation within observed brackets; no equivalence claim,[],[],k_random4,C6/step10000,dose_unmatched,native,0.25,mapped_teacher,,,
confirmation,sink_removed_fraction,True,linear descriptive interpolation within observed brackets; no equivalence claim,[],[],k_random4,C6/step10000,dose_unmatched,native,0.5,mapped_teacher,,,
