panel,state,layer,support,cancellation_ratio_defined_queries,cancellation_ratio_mean,clean_output_below_floor_positions,head_sink_mass_mean,projected_delta_norm_mean,real_query_count,relative_projected_delta_mean,zero_projected_head_sum_positions,per_head_conditional_value_norm_mean_head_mean,per_head_local_delta_norm_mean_head_mean,per_head_sink_value_norm_item_mean_head_mean,per_head_value_contrast_norm_mean_head_mean
confirmation,C1/step10000,0,all_q_ge1,38100,0.6555460103803668,0,0.010189670137284945,0.7002171592096431,38100,0.011801499654760782,0,6.121525687838722,0.07211052640587123,7.79588238764305,9.474287971858036
confirmation,C1/step10000,0,second_half_queries,19200,0.684889389570283,0,0.002794194689486176,0.2025299857809131,19200,0.0034728817411605753,0,6.004612674670127,0.01707531384665956,7.79588238764305,9.573949201613315
confirmation,C1/step10000,1,all_q_ge1,38100,0.6018131605576708,0,0.050940155517309904,1.4408084538706163,38100,0.08342226828206083,0,1.153032632752531,0.13143449329341983,2.4744701120697217,2.6824820670652816
confirmation,C1/step10000,1,second_half_queries,19200,0.7087608375810367,0,0.023191270933796963,1.065257881442543,19200,0.06549998153326067,0,1.0961509014105373,0.06675311590586068,2.4744701120697217,2.815715075274065
confirmation,C1/step10000,10,all_q_ge1,37927,0.8228383957076556,0,0.02874070938055714,0.912744925676844,38100,0.06912330880763629,173,2.5702675155455807,0.12338537270431287,2.3856273856016736,3.5867977777792315
confirmation,C1/step10000,10,second_half_queries,19027,0.9170174062545802,0,0.0020311312142196887,0.0865270781588838,19200,0.007054125994496977,173,2.455999037963949,0.0058738173508016,2.3856273856016736,3.504431289539714
confirmation,C1/step10000,11,all_q_ge1,38100,0.7968451933503755,0,0.03502839588870605,1.0905004041155009,38100,0.06854383022693636,0,3.161953694280285,0.15262793508319722,2.4264701603655836,4.092969493409875
confirmation,C1/step10000,11,second_half_queries,19200,0.9063244977169507,0,0.0037871830555377527,0.15250658640845616,19200,0.010015299831012642,0,3.042104848071534,0.011527987753783471,2.4264701603655836,4.004991812003874
confirmation,C1/step10000,12,all_q_ge1,38100,0.7929146135425102,0,0.06936818505947788,3.4300952776926295,38100,0.22854577140197363,0,3.1276713080874052,0.3032196773017146,2.2022826092870997,3.855111650171211
confirmation,C1/step10000,12,second_half_queries,19200,0.8719917322882152,0,0.016274439506232738,1.1841220933545098,19200,0.07441015129793248,0,3.0270636307783785,0.060407285950273636,2.2022826092870997,3.7651965076999714
confirmation,C1/step10000,13,all_q_ge1,38100,0.655892818972706,0,0.05430142337456346,1.6877394233908065,38100,0.11510207922299813,0,3.136690427898161,0.22954405253465537,2.2239992309659327,3.940235952144791
confirmation,C1/step10000,13,second_half_queries,19200,0.7486303375304247,0,0.006464519305542732,0.24599733617630704,19200,0.015219421431387164,0,3.051338414488469,0.020199746559946226,2.2239992309659327,3.8550728533763423
confirmation,C1/step10000,14,all_q_ge1,38100,0.6978342130698878,0,0.09821929619958003,5.222364185169949,38100,0.31061728338448497,0,3.4085972662342607,0.4372971268070392,2.1351526224288855,4.154805124663115
confirmation,C1/step10000,14,second_half_queries,19200,0.8077832639390672,0,0.03543676772465309,2.824088026796233,19200,0.15395886987165688,0,3.2819907037189826,0.1412362728217011,2.1351526224288855,4.048033826127923
confirmation,C1/step10000,15,all_q_ge1,38100,0.6440859653153497,0,0.05651759118462602,1.6469785459678492,38100,0.09244007454820874,0,3.5315273603162236,0.22397563329511516,2.175958668435126,4.2741633195690545
confirmation,C1/step10000,15,second_half_queries,19200,0.7465870606937519,0,0.00980038900471603,0.35594217414958945,19200,0.018268179108782496,0,3.475095430468153,0.02947813711320041,2.175958668435126,4.2269040406149205
confirmation,C1/step10000,16,all_q_ge1,38100,0.6478144054253553,0,0.1487895669788122,7.652227235922295,38100,0.4327668053130186,0,3.6458640428700675,0.6359922623259429,1.9302169053125726,4.199389593543075
confirmation,C1/step10000,16,second_half_queries,19200,0.7213602961752782,0,0.07750602421661218,4.848352296591378,19200,0.24477786414767333,0,3.5638691296890617,0.2976681983203675,1.9302169053125726,4.125640924579532
confirmation,C1/step10000,17,all_q_ge1,38100,0.5169112426238697,0,0.08234838272134463,2.5563295425795936,38100,0.13473531093829594,0,3.657026312207745,0.33008918757246086,2.194671714905299,4.350705770558942
confirmation,C1/step10000,17,second_half_queries,19200,0.5800056042451788,0,0.022048902458821733,0.8148252862869014,19200,0.035557255457603354,0,3.638071726321022,0.07431676195762937,2.194671714905299,4.332694917521338
confirmation,C1/step10000,18,all_q_ge1,38100,0.5082008974277813,0,0.1376061478878061,4.681345161490689,38100,0.22193302146031105,0,3.998494369294494,0.5590159829573567,2.334178602265977,4.653689520967571
confirmation,C1/step10000,18,second_half_queries,19200,0.5682445432327291,0,0.060044385716319086,2.1899884830601004,19200,0.08774071115090136,0,4.03747563250283,0.21136182895819441,2.334178602265977,4.719729953382841
confirmation,C1/step10000,19,all_q_ge1,38100,0.4885759464887201,0,0.08801934452727438,2.6656730984988655,38100,0.11810845824381436,0,3.891231087237326,0.36073188431280184,2.6019988862645045,4.650644822204002
confirmation,C1/step10000,19,second_half_queries,19200,0.5448790232345567,0,0.02691033407424887,0.9547596175299543,19200,0.039284578822188075,0,3.8360201897267094,0.0982928858729538,2.6019988862645045,4.65129128541822
confirmation,C1/step10000,2,all_q_ge1,38100,0.656452395696579,0,0.05716200040032466,1.5681034211443594,38100,0.15063957991802723,0,1.0411218128450064,0.1441157544015808,2.2184445062755294,2.508497794935883
confirmation,C1/step10000,2,second_half_queries,19200,0.7605696060006295,0,0.023190459652493396,1.1085076660771787,19200,0.11595142686169504,0,0.9840779398628469,0.06563686023118817,2.2184445062755294,2.577527423642418
confirmation,C1/step10000,20,all_q_ge1,38100,0.5094327333375674,0,0.1005300725561877,3.3777725815086925,38100,0.14787704561737686,0,4.080258293820567,0.4357223828924317,3.0061215916630184,5.030279278517916
confirmation,C1/step10000,20,second_half_queries,19200,0.5658010207538724,0,0.04066268077585846,1.5776079761533448,19200,0.06905113407723215,0,4.087768893984206,0.16249246805838488,3.0061215916630184,5.106453123458707
confirmation,C1/step10000,21,all_q_ge1,38100,0.5267498020674845,0,0.061352882732947665,2.346033616432029,38100,0.10193114853827745,0,3.9156814847969197,0.2843740640756984,3.633861522399733,5.24118246050092
confirmation,C1/step10000,21,second_half_queries,19200,0.5745539033084871,0,0.022428974841410914,1.0403186557551323,19200,0.04816737007200689,0,3.905814432954701,0.09940550289394277,3.633861522399733,5.309457284002027
confirmation,C1/step10000,22,all_q_ge1,38100,0.5761278575202411,0,0.05533414607867598,2.472681878074928,38100,0.09404581884887253,0,4.21838981607885,0.27235784808259705,4.298784890886732,5.8914988517450615
confirmation,C1/step10000,22,second_half_queries,19200,0.6248720638462291,0,0.028538841179882486,1.4643207265665275,19200,0.059306370162959234,0,4.223930133346129,0.13308424406269131,4.298784890886732,5.986571184285924
confirmation,C1/step10000,23,all_q_ge1,38100,0.6048754398731582,0,0.029842021968215705,1.4856085533991332,38100,0.05433742585312153,0,4.035686045598206,0.15320095668271935,4.634077058236723,5.940996616356338
confirmation,C1/step10000,23,second_half_queries,19200,0.6412369945032634,0,0.013285985192439209,0.7795519602874702,19200,0.030560318613711814,0,3.9984268054003547,0.06584580915701438,4.634077058236723,6.024695514752176
confirmation,C1/step10000,3,all_q_ge1,38100,0.6815562167074327,0,0.05532240197683374,1.4698480361228372,38100,0.17913248268346924,0,1.0746264330375008,0.14155481762798897,2.1560006569671377,2.4613096881773746
confirmation,C1/step10000,3,second_half_queries,19200,0.7954260224011499,0,0.02673212596215308,1.32203772252711,19200,0.1940921210640848,0,0.9990498078781572,0.07710663302019878,2.1560006569671377,2.5052998303145584
confirmation,C1/step10000,4,all_q_ge1,38100,0.6588734505377695,0,0.04124935358762741,0.8327635076422659,38100,0.10545849426885442,0,1.1531683742792171,0.10712917848347028,2.2225682504560114,2.571506790202311
confirmation,C1/step10000,4,second_half_queries,19200,0.7532384578178076,0,0.011715088059815268,0.44384535432979494,19200,0.06556574010308779,0,1.1024744842017038,0.03512769470731405,2.2225682504560114,2.6425314096481833
confirmation,C1/step10000,5,all_q_ge1,38100,0.6777658759559245,0,0.027621495227018993,0.6226681097617388,38100,0.06395793783698703,0,1.4825873230433153,0.0836811356297627,2.3895673577517558,2.8438591810809153
confirmation,C1/step10000,5,second_half_queries,19200,0.7468840146227517,0,0.0044954922560524815,0.1570385364009965,19200,0.018890467359657347,0,1.4273890303092145,0.013242167438844158,2.3895673577517558,2.904336827080294
confirmation,C1/step10000,6,all_q_ge1,38100,0.7952161305699317,0,0.022436028188094495,0.5428633372197758,38100,0.054510920296974304,0,1.67169930029674,0.07338215560600526,2.2507940056754627,2.840605944424013
confirmation,C1/step10000,6,second_half_queries,19200,0.9060017832240468,0,0.0008171807848945415,0.02995232251319041,19200,0.003415510199615606,0,1.6090073355484018,0.0021459890137885255,2.2507940056754627,2.8367763844269893
confirmation,C1/step10000,7,all_q_ge1,38100,0.806800002508075,0,0.025117935047795376,0.7443502297574269,38100,0.06530743532053017,0,1.8053713878872428,0.09171058765721829,2.3210086464184427,2.979183349258744
confirmation,C1/step10000,7,second_half_queries,19200,0.8919061385540423,0,0.001190582503186306,0.04752083715241511,19200,0.004696395787890447,0,1.7209207492931617,0.0032123558956829367,2.3210086464184427,2.9420139625614112
confirmation,C1/step10000,8,all_q_ge1,36892,0.8428163714459135,0,0.02188937538303435,0.6579278126235438,38100,0.054878323221780954,1208,2.037461822214381,0.08682901841051677,2.287374865318317,3.106600303508962
confirmation,C1/step10000,8,second_half_queries,17994,0.9358666848637126,0,0.0006028743991601005,0.024276956939122567,19200,0.0022782831477013922,1206,1.9567384610977576,0.0016553601951848713,2.287374865318317,3.065285592141339
confirmation,C1/step10000,9,all_q_ge1,35473,0.7898300389820838,0,0.0259848003461957,0.8121041595594338,38100,0.06548492935543561,2627,2.2432187168528332,0.10899612386518225,2.4015881235049976,3.3367443096327927
confirmation,C1/step10000,9,second_half_queries,16580,0.898477118027809,0,0.0007042270893680325,0.02895070041738025,19200,0.0026355007624955596,2620,2.1502666729699427,0.002067670341948873,2.4015881235049976,3.2812159774532246
confirmation,C1/step2000,0,all_q_ge1,38100,0.6629611803882284,0,0.01153977338069429,0.9474804859371578,38100,0.015392597991243071,0,7.523168644846037,0.10303645006540202,9.63792976328648,12.077884642257125
confirmation,C1/step2000,0,second_half_queries,19200,0.682094086146664,0,0.0031501334680554766,0.23332403087111525,19200,0.004071775020434119,0,7.4015024082661744,0.023273601017971057,9.63792976328648,12.19571354807635
confirmation,C1/step2000,1,all_q_ge1,38100,0.7701542062549089,0,0.03779223747551441,3.35829610430704,38100,0.05324604676304312,0,4.517005161666812,0.2797572878565041,7.616086810369436,8.54142819874851
confirmation,C1/step2000,1,second_half_queries,19200,0.8038416329480117,0,0.014923815249154966,2.115191515548932,19200,0.036202857143554035,0,4.345527358555996,0.14089623078924243,7.616086810369436,9.315892333279
confirmation,C1/step2000,10,all_q_ge1,36067,0.9001870849925344,0,0.014185849013738334,1.2148733587430947,38100,0.03330996573395799,2033,6.057928791178542,0.10713419872619838,5.746396560170617,8.307366832100215
confirmation,C1/step2000,10,second_half_queries,17303,0.9668031613889603,0,0.0027038235019426794,0.29664115443190503,19200,0.008106347807756374,1897,6.089369636072802,0.016810832315729725,5.746396560170617,8.447668321453863
confirmation,C1/step2000,11,all_q_ge1,36915,0.8849107413821564,0,0.016119704718391102,1.2721907831931116,38100,0.03248027728212116,1185,6.621771614097675,0.12275324950801268,5.966926275773793,8.813794533192217
confirmation,C1/step2000,11,second_half_queries,18085,0.951740304686708,0,0.0017376465756387917,0.1926219991070698,19200,0.005014215126612098,1115,6.6418620302944475,0.011316077355952971,5.966926275773793,8.935770299105842
confirmation,C1/step2000,12,all_q_ge1,38061,0.8511685017170777,0,0.02423813480262955,2.2479787378393317,38100,0.05674520251308314,39,6.679338888943043,0.18344214969802367,5.9702574972642894,8.892722784723409
confirmation,C1/step2000,12,second_half_queries,19161,0.9172774081605575,0,0.004006321684282738,0.5356876147231349,19200,0.01291301907489741,39,6.757468347112911,0.02670400672879624,5.9702574972642894,9.029182731872261
confirmation,C1/step2000,13,all_q_ge1,37870,0.8120577043054643,0,0.018884774955610435,1.480128016181048,38100,0.039716463727541264,230,6.673307476603727,0.14481545032152748,6.250690477547612,9.084766714367245
confirmation,C1/step2000,13,second_half_queries,18975,0.8825138862129798,0,0.0026262785065531108,0.28537006650907804,19200,0.007681777799440401,225,6.707602718435107,0.018260467102910367,6.250690477547612,9.219852471466702
confirmation,C1/step2000,14,all_q_ge1,38065,0.7644894404007896,0,0.03053618874400854,2.3551804742839666,38100,0.06018001737496232,35,6.897032785489381,0.22843380858205747,6.365256913766894,9.229472791567852
confirmation,C1/step2000,14,second_half_queries,19165,0.834266381278183,0,0.005421523713642576,0.5913264705774336,19200,0.01443562083078468,35,6.969250904762043,0.03714534726514157,6.365256913766894,9.40783728082692
confirmation,C1/step2000,15,all_q_ge1,37979,0.7955999212683352,0,0.02192630644577245,1.7805811643514882,38100,0.04376522150783177,121,7.0153248226057965,0.16829042764230287,6.414830769894284,9.362136961754757
confirmation,C1/step2000,15,second_half_queries,19080,0.8637151153005278,0,0.003542443773015596,0.40401655972231304,19200,0.009520508495639316,120,7.089962605807458,0.02498090491266272,6.414830769894284,9.550473374365327
confirmation,C1/step2000,16,all_q_ge1,38100,0.7343169162534001,0,0.03276418584709366,2.8263352643150017,38100,0.06601713940552732,0,6.977057283692808,0.25847853896693707,6.716313816418261,9.499672354027195
confirmation,C1/step2000,16,second_half_queries,19200,0.8021113007542169,0,0.004261617581360042,0.5566168449415675,19200,0.012100043179912198,0,7.0983705476315615,0.03337061158445894,6.716313816418261,9.767373977513131
confirmation,C1/step2000,17,all_q_ge1,38098,0.728990491957403,0,0.028784435372799635,2.264718437228496,38100,0.05319791367831698,2,6.929419113146794,0.21791473009115742,6.5107991682891395,9.301764567599497
confirmation,C1/step2000,17,second_half_queries,19198,0.7906213707383708,0,0.003875492167038222,0.4603990185551935,19200,0.010507645660207248,2,6.996911121928295,0.02887631689506133,6.5107991682891395,9.555015775824517
confirmation,C1/step2000,18,all_q_ge1,38100,0.7209641036634999,0,0.03301699655440946,2.8606499574939113,38100,0.06417159049986641,0,7.139401029012642,0.26501398461533515,6.9090665221436645,9.596370229509422
confirmation,C1/step2000,18,second_half_queries,19200,0.7758821425396224,0,0.0040439355336517714,0.5178930523585705,19200,0.010681705562791681,0,7.259475855129556,0.03258057080763054,6.9090665221436645,9.902421098154878
confirmation,C1/step2000,19,all_q_ge1,38100,0.7219753189298272,0,0.02905238779572149,2.450449309269993,38100,0.05297951046724865,0,7.133480375367308,0.22243145284087612,6.694365700834898,9.438287664553318
confirmation,C1/step2000,19,second_half_queries,19200,0.7637567683315859,0,0.0049396052993445965,0.5889283370669166,19200,0.01200001607760578,0,7.14664091336498,0.03733934557079759,6.694365700834898,9.659931202792155
confirmation,C1/step2000,2,all_q_ge1,38100,0.7802618148458083,0,0.03450396502390504,2.732024752184594,38100,0.06753145274333003,0,3.7997452119903468,0.2228215450436052,6.301992309742467,7.387515831316309
confirmation,C1/step2000,2,second_half_queries,19200,0.8529145617275042,0,0.013301738410567244,2.1783130658624215,19200,0.060238137946198395,0,3.7605727306570955,0.1152573228019221,6.301992309742467,8.076851720331069
confirmation,C1/step2000,20,all_q_ge1,38100,0.7344055923734508,0,0.031714039876436194,2.453124455471348,38100,0.05751607459790028,0,7.016652444818189,0.24016596244367602,6.6875639685406805,9.239529103652142
confirmation,C1/step2000,20,second_half_queries,19200,0.7862505665052382,0,0.005981915572338039,0.6913282230902479,19200,0.0153907783319039,0,7.079791809637454,0.045581198168662955,6.6875639685406805,9.492911186448996
confirmation,C1/step2000,21,all_q_ge1,38100,0.7509119138064201,0,0.02948739759934445,2.2250139220279967,38100,0.05731480387586757,0,6.6352911943479524,0.2144052565677877,6.41950615154231,8.791040223259689
confirmation,C1/step2000,21,second_half_queries,19200,0.7956403124862306,0,0.006999421735526994,0.7398056307918122,19200,0.01816301587737075,0,6.683249840124839,0.05085583176698609,6.41950615154231,9.040519738324436
confirmation,C1/step2000,22,all_q_ge1,38100,0.7617163800130515,0,0.03435575283442934,2.631903553286999,38100,0.06047382276977991,0,6.937733132116892,0.24594981192106857,6.721448442482746,9.08119240683589
confirmation,C1/step2000,22,second_half_queries,19200,0.807489855191498,0,0.012064720052100408,1.195224786790482,19200,0.026304282342169118,0,7.051165534507375,0.08601730429458768,6.721448442482746,9.397085400135825
confirmation,C1/step2000,23,all_q_ge1,38100,0.786652400734064,0,0.03298229893669486,2.238106370932365,38100,0.05508247253790812,0,6.493928417974946,0.21932825410102852,6.451844230488146,8.43571837475036
confirmation,C1/step2000,23,second_half_queries,19200,0.8289280406349437,0,0.010822626753943042,0.9588739182748507,19200,0.022857098146788848,0,6.57599025677092,0.07053186236411561,6.451844230488146,8.735438365204834
confirmation,C1/step2000,3,all_q_ge1,38100,0.8163450886462742,0,0.02407720220896105,1.2611176154418093,38100,0.03702186008591843,0,4.0105586408894816,0.12747883602481627,5.9871625272585725,7.121236719589962
confirmation,C1/step2000,3,second_half_queries,19200,0.8289347687286416,0,0.006004568732266004,0.6084994260599815,19200,0.022504429365842835,0,3.9326169371715,0.03816232629830048,5.9871625272585725,7.918622919652315
confirmation,C1/step2000,4,all_q_ge1,35373,0.9066603318037715,0,0.021110481697445116,0.805123731263644,38100,0.02850329987450175,2727,4.281562595289899,0.10252982735441862,5.494482420306003,6.995676047450568
confirmation,C1/step2000,4,second_half_queries,16552,0.9584925399301403,0,0.0003209517323090457,0.01770559570508104,19200,0.0007406216859835675,2648,4.3281798715770865,0.0013581505669811433,5.494482420306003,7.727279406937235
confirmation,C1/step2000,5,all_q_ge1,30153,0.9088792136190401,0,0.015036518229171634,0.6965478513626641,38100,0.021955817448189065,7947,4.621219218471009,0.08160680034800924,5.426867614592063,6.985549343267112
confirmation,C1/step2000,5,second_half_queries,13324,0.9719774862176741,0,0.00046378676963361915,0.028582788027616875,19200,0.0011135904428452204,5876,4.586034198304107,0.002105631218564263,5.426867614592063,7.54192353039469
confirmation,C1/step2000,6,all_q_ge1,37157,0.9424881303536241,0,0.028075130877550692,1.6447573410305607,38100,0.05506237633300768,943,4.872322023357267,0.14209536893329613,5.1157941391105055,6.946174156085639
confirmation,C1/step2000,6,second_half_queries,19011,0.9860799432427813,0,0.029759303103855928,1.7326770608952047,19200,0.05930799498472844,189,4.871757858809258,0.13215502017125239,5.1157941391105055,7.19029442422346
confirmation,C1/step2000,7,all_q_ge1,23596,0.8915553324554298,0,0.014846362589548032,1.0074225214619879,38100,0.02991719055733627,14504,5.081302839892565,0.09797438921289098,5.464009473531684,7.355721126846633
confirmation,C1/step2000,7,second_half_queries,7773,0.9717952073887571,0,0.0011994614261129754,0.11817269051660799,19200,0.0038322049442771895,11427,5.062555233727319,0.006768226538150628,5.464009473531684,7.606653158476998
confirmation,C1/step2000,8,all_q_ge1,25951,0.8992525915327386,0,0.015602585671003907,1.1625161294419566,38100,0.03228750643159594,12149,5.404450166343707,0.10688469796885193,5.35849925422904,7.500509139020631
confirmation,C1/step2000,8,second_half_queries,9914,0.9772105307400395,0,0.0038479727350447016,0.3414109767617288,19200,0.009704829836619603,9286,5.359326784338212,0.021322415181591534,5.35849925422904,7.630066722311615
confirmation,C1/step2000,9,all_q_ge1,21349,0.8558790731908915,0,0.01559983636951074,1.1980509702444138,38100,0.034305347292922575,16751,5.718532839195053,0.1120642668733483,5.549533617944711,7.885250535777631
confirmation,C1/step2000,9,second_half_queries,5511,0.96741634408988,0,0.0013943611230937119,0.12425487856770959,19200,0.0035773647112255147,13689,5.745517611831695,0.00784665733970196,5.549533617944711,8.027355947152488
confirmation,C1/step500,0,all_q_ge1,38100,0.4692233311271071,0,0.029596993333349624,0.9664577239639354,38100,0.08342058351806192,0,2.378633520531935,0.19727998374823968,6.00683095966292,6.538127681499167
confirmation,C1/step500,0,second_half_queries,19200,0.4850196077065448,0,0.011080650384537876,0.36931144866097215,19200,0.04281436967079219,0,1.9976789964629114,0.06631495980290537,6.00683095966292,6.401296427065869
confirmation,C1/step500,1,all_q_ge1,38100,0.5003526620615728,0,0.035696087889373306,1.2302731581781003,38100,0.05053790902507941,0,4.0538138533680375,0.23011730902745495,6.973045919173371,7.301603609733141
confirmation,C1/step500,1,second_half_queries,19200,0.5199619752307952,0,0.008605193210144838,0.39216689541716954,19200,0.02150043674002563,0,3.772563471583315,0.06598296886434034,6.973045919173371,7.823926211335239
confirmation,C1/step500,10,all_q_ge1,36812,0.8361060788386784,0,0.014886754951439797,0.680680814054053,38100,0.024807433145281863,1288,7.250948804945202,0.09360020955766123,6.186577127024178,9.051991372940389
confirmation,C1/step500,10,second_half_queries,17925,0.9121653422733865,0,0.0016283975850577312,0.10143262531468536,19200,0.003215907643481211,1275,7.410640083926192,0.008810350733362974,6.186577127024178,9.67243753787335
confirmation,C1/step500,11,all_q_ge1,36225,0.8393558562369793,0,0.01467485015746206,0.7120285014068006,38100,0.02206547265282622,1875,7.067695681020651,0.09414144941929573,6.513495574136272,8.919366237938167
confirmation,C1/step500,11,second_half_queries,17357,0.9202776634559519,0,0.001664863293556967,0.1338384242844357,19200,0.0037691052372335722,1843,7.171632510260647,0.009815615728458833,6.513495574136272,9.524205140359365
confirmation,C1/step500,12,all_q_ge1,38037,0.8037104183271927,0,0.017736378822786114,0.7724071697241172,38100,0.027790870724624175,63,6.675648337251585,0.10940976498878321,6.402834815318291,8.55192998673705
confirmation,C1/step500,12,second_half_queries,19137,0.879702928810274,0,0.0028353497918336265,0.17698365742817132,19200,0.006004647247580609,63,6.809496239439431,0.015775358939572454,6.402834815318291,9.152950389907003
confirmation,C1/step500,13,all_q_ge1,37621,0.8059119426370885,0,0.018213718396921954,0.7524878345222665,38100,0.02829009431878577,479,6.335143738227131,0.11150510108070624,6.396456199239947,8.278964957000387
confirmation,C1/step500,13,second_half_queries,18721,0.8837494775021203,0,0.0016515930068574866,0.10353705834555044,19200,0.0036882778599834393,479,6.47401591090789,0.009905157195787613,6.396456199239947,8.927359540867041
confirmation,C1/step500,14,all_q_ge1,38100,0.7463420344142598,0,0.0196656013901035,0.8509039803874944,38100,0.03041557518088803,0,6.241751850581256,0.12616887306330188,6.896615597839681,8.574564504247851
confirmation,C1/step500,14,second_half_queries,19200,0.814258667677867,0,0.0018912309635197744,0.1364520228980684,19200,0.005139768576481869,0,6.255025653538761,0.012629886403104355,6.896615597839681,9.164125000138434
confirmation,C1/step500,15,all_q_ge1,38073,0.7523654017138713,0,0.01679013989555339,0.7276427333931587,38100,0.0261495201859466,27,6.353550450722685,0.10950960703002724,6.793760910725464,8.606474175681777
confirmation,C1/step500,15,second_half_queries,19173,0.8196393278010363,0,0.0016588623700105624,0.10251308508859708,19200,0.0038788897218795296,27,6.40699731156621,0.00981284299112994,6.793760910725464,9.122533766319929
confirmation,C1/step500,16,all_q_ge1,38100,0.7333608367922909,0,0.018909122310578824,0.855634490689602,38100,0.03023496744317169,0,6.411972409475173,0.12603634040682016,6.991324967812152,8.543722368702593
confirmation,C1/step500,16,second_half_queries,19200,0.7928085882587138,0,0.0019265371642056077,0.12411857798212632,19200,0.004756726852084797,0,6.439105270848319,0.012148478250360598,6.991324967812152,9.014804855678232
confirmation,C1/step500,17,all_q_ge1,38100,0.7400599101781445,0,0.01717075570796927,0.8225367368231397,38100,0.029271987038757115,0,6.3934762846592665,0.11735034396547865,7.036597957694566,8.73092888111168
confirmation,C1/step500,17,second_half_queries,19200,0.7907695650349719,0,0.0017712153409471891,0.12007726567296308,19200,0.004309397137244294,0,6.392347550614415,0.011581251833367417,7.036597957694566,9.17864927473605
confirmation,C1/step500,18,all_q_ge1,38100,0.6953043638484453,0,0.02194507692164431,0.979168453124479,38100,0.034576733257372635,0,6.178477771014852,0.14167761035242513,6.755762496638496,8.120052365240884
confirmation,C1/step500,18,second_half_queries,19200,0.7452339545724184,0,0.0035096387683491532,0.201293976725035,19200,0.006902941503984035,0,6.19323909169701,0.020794550115874336,6.755762496638496,8.510551952321999
confirmation,C1/step500,19,all_q_ge1,38100,0.6815739936883084,0,0.021971557497357328,1.1347696227347754,38100,0.03934950689612266,0,6.1288786072663,0.1447830955837134,6.7606594848590245,8.197608456406215
confirmation,C1/step500,19,second_half_queries,19200,0.718652833263136,0,0.004010714891483076,0.2890129925425509,19200,0.009500840384463298,0,6.176236033356658,0.02674853819748956,6.7606594848590245,8.612592301921731
confirmation,C1/step500,2,all_q_ge1,38100,0.5309472060008471,0,0.03510403476655483,1.327334592109734,38100,0.05047560575705113,0,4.29962100340963,0.23419928357412434,7.31108927907044,7.871041541486675
confirmation,C1/step500,2,second_half_queries,19200,0.5595788691199192,0,0.00677315274020657,0.3559515827563339,19200,0.01941430694416771,0,4.02048180004339,0.05344461670703566,7.31108927907044,8.536704389601427
confirmation,C1/step500,20,all_q_ge1,38100,0.6326951102924719,0,0.027970996419899165,1.1472493730625548,38100,0.04523129106248968,0,5.766217109357189,0.17198482156277228,6.530598931698886,7.666467845355006
confirmation,C1/step500,20,second_half_queries,19200,0.6690944313599703,0,0.005908608114114031,0.29559470188895276,19200,0.011476065516759778,0,5.786320151264626,0.03428403650520153,6.530598931698886,7.99716381167677
confirmation,C1/step500,21,all_q_ge1,38100,0.5995279776590353,0,0.03235891065249841,1.3280595042989485,38100,0.05499345486568105,0,5.653430978782812,0.19973351830455724,6.325507309040726,7.615225396443502
confirmation,C1/step500,21,second_half_queries,19200,0.6256973937346364,0,0.007151052827830426,0.38444304297349985,19200,0.014931676413294544,0,5.694577977211374,0.04321997542847815,6.325507309040726,7.9420707874978405
confirmation,C1/step500,22,all_q_ge1,38100,0.620141861527313,0,0.024888208680786193,1.0000406635808654,38100,0.04074643456943913,0,5.473599232050501,0.15038524008970708,6.480562111002951,7.410090920661253
confirmation,C1/step500,22,second_half_queries,19200,0.645328712890642,0,0.004848341623825642,0.25022188178963467,19200,0.010032149295208717,0,5.4436937194983175,0.028385834401693916,6.480562111002951,7.659552997567687
confirmation,C1/step500,23,all_q_ge1,38100,0.6405651302030773,0,0.030773234519486627,1.3412414689309302,38100,0.05349922848879045,0,5.810191961923302,0.1896787169820406,6.410121596163828,7.580489405783327
confirmation,C1/step500,23,second_half_queries,19200,0.6720684080200627,0,0.007875645761572136,0.45937226900162215,19200,0.01740306658624642,0,5.807476795134686,0.048719257238795714,6.410121596163828,7.848477654640206
confirmation,C1/step500,3,all_q_ge1,38100,0.6489586944381204,0,0.023991072792559864,0.9643819059122469,38100,0.02288982765377725,0,5.540908243142052,0.15847360814049766,9.105425066918915,10.001128246928745
confirmation,C1/step500,3,second_half_queries,19200,0.6994785601995688,0,0.0021669403229801296,0.16072653298182515,19200,0.006686509641814258,0,5.317251438483008,0.017506030245238457,9.105425066918915,11.6166540403453
confirmation,C1/step500,4,all_q_ge1,38099,0.8166364997522133,0,0.01848458851377169,0.8484299488364697,38100,0.015802765298321034,1,6.991426046820754,0.12388220085198688,10.346605296190628,11.716949832544971
confirmation,C1/step500,4,second_half_queries,19199,0.8855556371505923,0,0.0008383248288494845,0.08154740841745384,19200,0.0028138652493708313,1,6.865604119531489,0.006675813377701736,10.346605296190628,13.884939870223944
confirmation,C1/step500,5,all_q_ge1,37365,0.8447980086509325,0,0.013201962745127579,0.5972695463428043,38100,0.009699391225066183,735,7.92734522902663,0.08568791025719112,10.456201255290708,12.438054244140705
confirmation,C1/step500,5,second_half_queries,18468,0.9171256374814661,0,0.0011985447487525866,0.10285508499120102,19200,0.0027643399111139553,732,7.941028353252104,0.008105300049573574,10.456201255290708,14.908089168353245
confirmation,C1/step500,6,all_q_ge1,37789,0.8638695999096844,0,0.02172248256082336,1.1572290178116633,38100,0.03107891792983438,311,7.4065101267066655,0.12903456730510277,7.959468566343967,10.17986580651158
confirmation,C1/step500,6,second_half_queries,18897,0.9426589283796588,0,0.011378487817031177,0.8009758543548446,19200,0.023773679031983384,303,7.497561813102605,0.060893463087796335,7.959468566343967,11.716773902462325
confirmation,C1/step500,7,all_q_ge1,31070,0.8338979527281951,0,0.013335351867911717,0.5874527978402243,38100,0.01685102278071574,7030,7.444967125518831,0.08286527594871652,6.968558668839897,9.767466576319451
confirmation,C1/step500,7,second_half_queries,12701,0.942320181280835,0,0.0008149887905612255,0.05797758146144805,19200,0.001796658132969117,6499,7.689582845717058,0.004728440164396809,6.968558668839897,11.025336592506006
confirmation,C1/step500,8,all_q_ge1,35070,0.8554154092708641,0,0.011112132138417413,0.4810521733787306,38100,0.015772807795220563,3030,7.36150382611018,0.06930798274967716,6.206318182091205,9.318230313770433
confirmation,C1/step500,8,second_half_queries,16350,0.9427594144490595,0,0.0005717477549588542,0.03438414710401168,19200,0.00107748435825094,2850,7.566630168281978,0.0028933710737176896,6.206318182091205,10.112716414257852
confirmation,C1/step500,9,all_q_ge1,31029,0.8459382836417044,0,0.013577830833382905,0.6536864369924976,38100,0.02148711392142297,7071,7.4559800643263445,0.08502535509879641,6.135119490452339,9.113652345966614
confirmation,C1/step500,9,second_half_queries,12650,0.9495951892531317,0,0.0014276843344979777,0.10849937156112963,19200,0.0032539435374624175,6550,7.686299666447512,0.008398136390527758,6.135119490452339,9.882925692631813
confirmation,C2/step10000,0,all_q_ge1,38100,0.6010912959042026,0,0.017098523415625094,0.8427213492785608,38100,0.015683558632916685,0,5.295200296840286,0.10556426986557385,7.016488263963059,8.459783291341274
confirmation,C2/step10000,0,second_half_queries,19200,0.6303820461314231,0,0.004708095660898835,0.25259573997018786,19200,0.004928662861606103,0,5.1783161250575,0.026323818096972082,7.016488263963059,8.50552791049406
confirmation,C2/step10000,1,all_q_ge1,38100,0.6409505848786903,0,0.061883601074417434,1.9221540539108333,38100,0.1031943942099189,0,1.2516311882574906,0.1672394226756526,2.3874516519819897,2.681889551844717
confirmation,C2/step10000,1,second_half_queries,19200,0.736541051023273,0,0.025983382680763802,1.162760975223955,19200,0.06977407936666469,0,1.1746205167302535,0.07414042849923741,2.3874516519819897,2.7417343534585967
confirmation,C2/step10000,10,all_q_ge1,38100,0.40267771498120974,0,0.4746690604090691,7.591858510904549,38100,0.6767285328381709,0,3.0577762829498107,1.3702532352074557,0.8231818272238266,3.239890684046193
confirmation,C2/step10000,10,second_half_queries,19200,0.42681819187654063,0,0.4304938927292824,6.887856126834954,19200,0.5697458528441209,0,2.920719712460223,1.1620646101102612,0.8231818272238266,3.103099307108797
confirmation,C2/step10000,11,all_q_ge1,38100,0.38047719058859425,0,0.5034622980157534,10.578900566733235,38100,0.7925965977668198,0,3.632791481810462,1.7449416231549144,0.8393460562083345,3.8199716450963694
confirmation,C2/step10000,11,second_half_queries,19200,0.3973243906099105,0,0.4628091158469518,9.689102836735096,19200,0.6747606775261369,0,3.4891493581212596,1.5109012763813958,0.8393460562083345,3.675074594814576
confirmation,C2/step10000,12,all_q_ge1,38100,0.41006532684243235,0,0.54015459527572,13.739960288422262,38100,1.2839050410194623,0,3.5850088182249276,2.0529384260425236,0.8397276474134877,3.764694027307349
confirmation,C2/step10000,12,second_half_queries,19200,0.41692815748849826,0,0.4812830141186714,11.5551096361015,19200,0.9514271739767547,0,3.4203307216873187,1.723180594959694,0.8397276474134877,3.5896013798983675
confirmation,C2/step10000,13,all_q_ge1,38100,0.47194338404232256,0,0.5364659573634466,24.488935797393605,38100,1.8392717347339822,0,4.348686143163215,2.552723085109236,1.0186265235897223,4.59622159454379
confirmation,C2/step10000,13,second_half_queries,19200,0.4897438399369518,0,0.4810848080118497,22.267490485225245,19200,1.532658433012951,0,4.16123862845841,2.1753526349586636,1.0186265235897223,4.401702041764882
confirmation,C2/step10000,14,all_q_ge1,38100,0.3864066686038466,0,0.4873318301637967,10.490514489999523,38100,0.7159621834837836,0,3.8370563137287323,1.7880017347937704,0.879023966079449,4.042509067611092
confirmation,C2/step10000,14,second_half_queries,19200,0.415107102337527,0,0.4163728351394335,8.390404700169839,19200,0.4873994397604189,0,3.621571079729347,1.359449609661867,0.879023966079449,3.8200753447761007
confirmation,C2/step10000,15,all_q_ge1,38100,0.42823417101676287,0,0.5443721836805344,20.195892507061384,38100,1.2892424753408676,0,4.5884821805599225,2.5225504184149825,0.999040062612284,4.798020934436352
confirmation,C2/step10000,15,second_half_queries,19200,0.436096067212257,0,0.4932200189431508,17.256888067936956,19200,0.9738162051901005,0,4.403695673843908,2.1408027336702053,0.999040062612284,4.619176060335625
confirmation,C2/step10000,16,all_q_ge1,38100,0.3348925462970069,0,0.6387756943702698,13.980205503239644,38100,0.9804266999004058,0,4.406431272123585,2.637038733944386,0.7866783298944139,4.537811164427353
confirmation,C2/step10000,16,second_half_queries,19200,0.3422857683517605,0,0.5923118708531062,12.456606319599503,19200,0.7565332596104432,0,4.280734181221558,2.3160778536309987,0.7866783298944139,4.414068367186165
confirmation,C2/step10000,17,all_q_ge1,38100,0.3621143971852281,0,0.5757690700888634,10.33966586781302,38100,0.6005140293610699,0,4.0534691098694715,2.1067444120719934,0.9189450260515292,4.244953329166524
confirmation,C2/step10000,17,second_half_queries,19200,0.3793912224100918,0,0.5283513649304707,8.997544672158881,19200,0.4712541247032643,0,3.922721591847953,1.8229872839710188,0.9189450260515292,4.127131689925001
confirmation,C2/step10000,18,all_q_ge1,38100,0.3523062844200361,0,0.6364283221960068,12.81519091356928,38100,0.8823228886693504,0,4.317817672541385,2.5132722146232855,0.9276997280503484,4.515268186535047
confirmation,C2/step10000,18,second_half_queries,19200,0.3634984325102163,0,0.5796692908803622,10.74306606462056,19200,0.6529725716814649,0,4.1753592056928435,2.13493491192279,0.9276997280503484,4.384390143879762
confirmation,C2/step10000,19,all_q_ge1,38100,0.3587349332993503,0,0.6886452877521515,18.20244529742953,38100,1.2566196188244436,0,4.578165940250659,3.048489591790226,0.8510610426952806,4.726861040727902
confirmation,C2/step10000,19,second_half_queries,19200,0.3729922932196199,0,0.6432909613847733,17.054584570560472,19200,1.070033200835651,0,4.485187186925628,2.7781402483662427,0.8510610426952806,4.6478415863003315
confirmation,C2/step10000,2,all_q_ge1,38100,0.72311716310749,0,0.061754215061664584,1.8005729728736268,38100,0.1732975388504914,0,1.1427716888717843,0.16030417178418238,2.1918523259801934,2.544788454809424
confirmation,C2/step10000,2,second_half_queries,19200,0.7991652399208716,0,0.033526702293505274,1.3168767026040098,19200,0.15071144571937814,0,1.0771451815325337,0.08540690503071371,2.1918523259801934,2.6113772628031655
confirmation,C2/step10000,20,all_q_ge1,38100,0.3514455827042098,0,0.6467236395676931,13.222596780297474,38100,0.8590537779842665,0,4.42671241126596,2.512545101472955,0.9857665966979026,4.578102855121178
confirmation,C2/step10000,20,second_half_queries,19200,0.3629970941738594,0,0.6031521471341451,12.029530119385074,19200,0.712551418837489,0,4.38542969012809,2.255139201603443,0.9857665966979026,4.549736055629737
confirmation,C2/step10000,21,all_q_ge1,38100,0.3650304610295034,0,0.5621824018160502,12.824244357900858,38100,0.6530378630198074,0,4.493912678786117,2.246957460533334,1.5678058714146053,4.929439500162606
confirmation,C2/step10000,21,second_half_queries,19200,0.37563786492487705,0,0.5259259188175202,11.738755619967595,19200,0.5726968257500386,0,4.487672895765222,2.039171370611092,1.5678058714146053,4.921084073862552
confirmation,C2/step10000,22,all_q_ge1,38100,0.46655974162126274,0,0.30254354506731035,7.918996876485979,38100,0.3211620596699193,0,4.198751892131976,1.1195391297567265,4.600285130076085,6.7450834976090395
confirmation,C2/step10000,22,second_half_queries,19200,0.4883951810894918,0,0.2592732622722785,6.053143608036206,19200,0.2459375611574113,0,4.175614689993416,0.8966534578493714,4.600285130076085,6.747367777287664
confirmation,C2/step10000,23,all_q_ge1,38100,0.5680309622086592,0,0.07087454200411836,3.695656834669676,38100,0.12080711456576795,0,4.25720628552507,0.36558696105329697,4.8508964133466055,6.449193971354937
confirmation,C2/step10000,23,second_half_queries,19200,0.6099566421430649,0,0.034112439422557754,1.942081950581578,19200,0.06512234178988435,0,4.216328032935006,0.1657646659335472,4.8508964133466055,6.4612419713792715
confirmation,C2/step10000,3,all_q_ge1,38100,0.7323848943174152,0,0.052770103737711904,1.7307367534644822,38100,0.1529800666291808,0,1.4986638838659894,0.16060233992229103,2.045763007435809,2.6245708045777207
confirmation,C2/step10000,3,second_half_queries,19200,0.8504267047249277,0,0.02257961591084798,1.1131666367284883,19200,0.10723560227725493,0,1.431577633704529,0.06585170689096118,2.045763007435809,2.6319104980955808
confirmation,C2/step10000,4,all_q_ge1,38100,0.7101776627837384,0,0.08609833721071482,2.069309016377385,38100,0.2035845840511622,0,1.58567197961321,0.21376979178663874,1.6475894835775775,2.3671670255341164
confirmation,C2/step10000,4,second_half_queries,19200,0.8263221148660079,0,0.042391696715106564,1.2138228255924786,19200,0.12174619985822867,0,1.5195038197561255,0.08729451563565385,1.6475894835775775,2.328835831380582
confirmation,C2/step10000,5,all_q_ge1,38100,0.6046816937928777,0,0.19381467392047247,4.439535577804569,38100,0.4609618678271657,0,1.8659936865643534,0.4777564746701709,1.3828808683481455,2.4135579091908355
confirmation,C2/step10000,5,second_half_queries,19200,0.676551837563539,0,0.1413827974597613,3.5863185105384385,19200,0.3672275172897741,0,1.7731368806249779,0.31819470950780865,1.3828808683481455,2.344469872817806
confirmation,C2/step10000,6,all_q_ge1,38100,0.6138647729589607,0,0.24740434060494104,8.859168690409088,38100,0.8974543806150664,0,2.2946542809698705,0.7934151371419979,1.184534594499096,2.6966356217026615
confirmation,C2/step10000,6,second_half_queries,19200,0.6525019591906414,0,0.20991136262814203,8.38456869796072,19200,0.8416607870212948,0,2.1994754030833215,0.664444761309745,1.184534594499096,2.6174158280146274
confirmation,C2/step10000,7,all_q_ge1,38100,0.46746984889340926,0,0.4128986781835556,10.49117556681449,38100,1.0612936560451776,0,2.6322343241286346,1.2303495785667373,0.9658712295408556,2.88205910270936
confirmation,C2/step10000,7,second_half_queries,19200,0.48386011980045995,0,0.38404244561990103,9.994481318708255,19200,0.999236636262508,0,2.527937946528778,1.103756769210995,0.9658712295408556,2.791322323368216
confirmation,C2/step10000,8,all_q_ge1,38100,0.45616690320783276,0,0.3755451458692551,8.421984697555994,38100,0.6725366500713472,0,3.0446577851099375,1.1225932417348259,1.0312832170148474,3.3125243867100505
confirmation,C2/step10000,8,second_half_queries,19200,0.47676198648010265,0,0.34305493901173273,7.798593034059718,19200,0.6072494344638777,0,2.9086624340311835,0.9614087488625052,1.0312832170148474,3.1808806422859393
confirmation,C2/step10000,9,all_q_ge1,38100,0.4887804290823704,0,0.332449048558871,7.357298652952117,38100,0.539057721472902,0,3.220609632909484,0.9892292571835267,1.0470009381484777,3.4542235580736427
confirmation,C2/step10000,9,second_half_queries,19200,0.5149825385355594,0,0.2969716241955757,6.65884139244348,19200,0.46877215499834335,0,3.0844718418427504,0.8196824043206918,1.0470009381484777,3.312165835985786
confirmation,C2/step2000,0,all_q_ge1,38100,0.6367321099867062,0,0.01567908262057851,1.0985015852838378,38100,0.019431657642310748,0,6.732059532097921,0.13210978691911054,9.306098924772977,11.24516303003405
confirmation,C2/step2000,0,second_half_queries,19200,0.660250039179348,0,0.00509875770813475,0.35638050041945907,19200,0.006630028315002265,0,6.55284838670901,0.03749274761212227,9.306098924772977,11.244296118679182
confirmation,C2/step2000,1,all_q_ge1,38100,0.7281196720380337,0,0.06349962736169497,5.058988139379302,38100,0.07922419261077578,0,4.242729961047605,0.4207746961920434,6.143929747176401,6.9159023847967624
confirmation,C2/step2000,1,second_half_queries,19200,0.8042845959358161,0,0.030509316300352415,3.8432859811733326,19200,0.06420512515713193,0,4.116129367038531,0.2364977520487326,6.143929747176401,7.395448110105603
confirmation,C2/step2000,10,all_q_ge1,38100,0.4157358473412324,0,0.4608865021665891,12.205539525292776,38100,0.4412955472161549,0,5.477133942005441,2.011061724587559,2.388971854257939,6.072037827595666
confirmation,C2/step2000,10,second_half_queries,19200,0.4302439944766416,0,0.4343557533621788,11.499879476520425,19200,0.386665946926326,0,5.539221211544278,1.8526221121261557,2.388971854257939,6.157919188435609
confirmation,C2/step2000,11,all_q_ge1,38100,0.41557538238294717,0,0.48557125210762025,16.394340427056022,38100,0.5381803084196355,0,5.823422671681623,2.305943847522205,2.365935811766205,6.3674052612217755
confirmation,C2/step2000,11,second_half_queries,19200,0.4314983627920961,0,0.45594777941703796,15.99072959824349,19200,0.48727201682273374,0,5.91304263190896,2.144100141450081,2.365935811766205,6.502093964020729
confirmation,C2/step2000,12,all_q_ge1,38100,0.40716577498942036,0,0.4819025632739067,11.535490457770528,38100,0.45200332274362554,0,5.1350627657359516,1.9794089874627556,2.247870949635174,5.714692278738736
confirmation,C2/step2000,12,second_half_queries,19200,0.4289503527852986,0,0.4324413287639618,9.940496625430704,19200,0.3353765173367921,0,5.212488446837579,1.6768047337557048,2.247870949635174,5.814239634519122
confirmation,C2/step2000,13,all_q_ge1,38100,0.43344625959963873,0,0.5089686034123103,16.801217241797964,38100,0.5776432806762971,0,5.662185855321477,2.336549858782578,2.3739820962342355,6.238026067277686
confirmation,C2/step2000,13,second_half_queries,19200,0.4539299199780326,0,0.4601782961686452,14.494139629097196,19200,0.44316283693226827,0,5.709260114425486,1.9959794764671455,2.3739820962342355,6.324671308651002
confirmation,C2/step2000,14,all_q_ge1,38100,0.4456005908490528,0,0.43771236886580783,12.659579382405363,38100,0.42377453657247305,0,5.647823317901246,1.9437518870237298,2.4048324695153434,6.208482067201764
confirmation,C2/step2000,14,second_half_queries,19200,0.4817434939593392,0,0.3765933582186699,10.870056266952552,19200,0.3198143973958266,0,5.675207576707728,1.5742698903049828,2.4048324695153434,6.273236500623709
confirmation,C2/step2000,15,all_q_ge1,38100,0.42113686267473754,0,0.4639322143793106,12.514664227938681,38100,0.42997229112223373,0,5.602520192401898,2.0871337798094913,2.3835196661587927,6.155745768006584
confirmation,C2/step2000,15,second_half_queries,19200,0.4492454265592369,0,0.4044307945171992,10.33607097232956,19200,0.30365757869865734,0,5.608391349025361,1.7039158808855677,2.3835196661587927,6.2102779347896755
confirmation,C2/step2000,16,all_q_ge1,38100,0.3753085860771601,0,0.5796237930655479,11.869277152336398,38100,0.4710164679217616,0,5.296673905584188,2.4815409218894757,2.037138205948998,5.70044667972818
confirmation,C2/step2000,16,second_half_queries,19200,0.3908759480640425,0,0.5281579884886741,10.1457123269897,19200,0.3537715945731,0,5.302059820734879,2.166436037639672,2.037138205948998,5.731620999067047
confirmation,C2/step2000,17,all_q_ge1,38100,0.3853322146969663,0,0.5600846034288406,11.539722215635702,38100,0.3861865680956122,0,5.492294525180737,2.3519815799030415,2.1697178918718767,5.918005800045063
confirmation,C2/step2000,17,second_half_queries,19200,0.4008360444662228,0,0.5199898685018222,10.222778067725633,19200,0.3101321970103403,0,5.470057664782217,2.088455913000444,2.1697178918718767,5.931553966434187
confirmation,C2/step2000,18,all_q_ge1,38100,0.3714416906124337,0,0.6254406547546387,12.109325089122777,38100,0.528234785408444,0,5.06670441323292,2.5883906056673296,2.0917769080412953,5.447287682511101
confirmation,C2/step2000,18,second_half_queries,19200,0.38168332648627196,0,0.5743246708313624,10.22218091477803,19200,0.39412826330070994,0,5.043206191951494,2.257672310088178,2.0917769080412953,5.47616228238726
confirmation,C2/step2000,19,all_q_ge1,38100,0.3529617933383133,0,0.6384965658187867,11.475132020926706,38100,0.4762269060213337,0,5.041801939157457,2.7275211048669323,2.2089614351698716,5.443855635272316
confirmation,C2/step2000,19,second_half_queries,19200,0.3621761736437119,0,0.5958189539114634,10.04699625078106,19200,0.3750851788373494,0,5.028720487590639,2.4626712183297643,2.2089614351698716,5.478876070437458
confirmation,C2/step2000,2,all_q_ge1,38100,0.7924346122241215,0,0.050219538876165946,4.057553266524591,38100,0.11278146943378704,0,3.384495492329354,0.30096378912771593,5.388315854667233,6.509087273198682
confirmation,C2/step2000,2,second_half_queries,19200,0.860261017841585,0,0.026393391750752927,3.868893280783321,19200,0.11302353423934082,0,3.4150642280168495,0.20133795223743986,5.388315854667233,7.258513779002797
confirmation,C2/step2000,20,all_q_ge1,38100,0.3788880686897887,0,0.6211255202690761,12.568201963222798,38100,0.48643723782216924,0,5.23284639192655,2.6147790492946315,2.2984024253005853,5.634794872492131
confirmation,C2/step2000,20,second_half_queries,19200,0.3881041367690077,0,0.5754903855919838,10.910523877885346,19200,0.37959306630516126,0,5.231736951147361,2.3234672561960066,2.2984024253005853,5.669298696700292
confirmation,C2/step2000,21,all_q_ge1,38100,0.40553954599091835,0,0.5307369171579679,12.859296776243061,38100,0.4003924796981739,0,5.581292625719032,2.3608526663818523,3.192260920894713,6.364580182289838
confirmation,C2/step2000,21,second_half_queries,19200,0.4168823483575327,0,0.48571718007326126,10.812419155843404,19200,0.31804381534195447,0,5.573729677184113,2.0443467121478633,3.192260920894713,6.41287997507509
confirmation,C2/step2000,22,all_q_ge1,38100,0.5007879450151528,0,0.29121872946619987,9.467702190324092,38100,0.24677228268839335,0,5.6208802410280505,1.4149431681434428,4.930363627479789,7.269622171143384
confirmation,C2/step2000,22,second_half_queries,19200,0.5364029032128402,0,0.24429893672466277,8.04719711188454,19200,0.20688597222033006,0,5.617704689761986,1.1455394527347795,4.930363627479789,7.437747988608146
confirmation,C2/step2000,23,all_q_ge1,38100,0.6726510146741007,0,0.07094775343934695,5.302250506556325,38100,0.12619885388012708,0,5.766384727784626,0.49627404520443585,6.376619706967882,8.303975240163501
confirmation,C2/step2000,23,second_half_queries,19200,0.724738435705942,0,0.034722770554944875,3.2372985352737618,19200,0.07779336417331205,0,5.730087876634192,0.2465019910544906,6.376619706967882,8.46697596699052
confirmation,C2/step2000,3,all_q_ge1,38100,0.7734548031571894,0,0.03632671223953366,2.2900874585693556,38100,0.0659284417728394,0,4.09475379364863,0.20256020844085545,4.534084445006573,6.130236173553701
confirmation,C2/step2000,3,second_half_queries,19200,0.8906068673962874,0,0.010653508055644731,1.5600535887660663,19200,0.048547812263209894,0,4.058720547703855,0.0782871305072106,4.534084445006573,6.549978012342642
confirmation,C2/step2000,4,all_q_ge1,38100,0.7345260964929474,0,0.0948498573899269,3.2381241948129986,38100,0.10712642924440732,0,4.25999750264908,0.3677854903123073,3.755272628016841,5.66859254202261
confirmation,C2/step2000,4,second_half_queries,19200,0.79716697252892,0,0.06993828924993674,2.160442608344135,19200,0.07081899826562729,0,4.218740464771841,0.2282119250200099,3.755272628016841,5.843407041610779
confirmation,C2/step2000,5,all_q_ge1,38100,0.6661372291304035,0,0.19107323865095774,9.953821157349577,38100,0.36486782411869406,0,4.528546763137063,0.880233499826658,3.020490665002807,5.50076338146333
confirmation,C2/step2000,5,second_half_queries,19200,0.731853051705636,0,0.1417125291377306,9.059105099645357,19200,0.3199238650883827,0,4.5076990706204025,0.6669596720012604,3.020490665002807,5.5772741511045725
confirmation,C2/step2000,6,all_q_ge1,38100,0.6383685086259344,0,0.22267422358194988,18.28037605811735,38100,0.6491914938604216,0,5.062409855541034,1.3414243584483463,3.0129016043584134,6.037061854527333
confirmation,C2/step2000,6,second_half_queries,19200,0.6769148075130029,0,0.18769466350475947,17.94196963170688,19200,0.6165505918881578,0,5.060206676139778,1.1730938355960332,3.0129016043584134,6.077971603831232
confirmation,C2/step2000,7,all_q_ge1,38100,0.5298842961984129,0,0.38223554074764254,21.42978982137014,38100,0.7549532570827981,0,5.399730949866775,1.9749047118495104,2.524731905071623,6.04737862754545
confirmation,C2/step2000,7,second_half_queries,19200,0.5485511805761053,0,0.35407303323348366,20.816989474757918,19200,0.6981729208960633,0,5.408108788540945,1.8071089252454975,2.524731905071623,6.085469677783419
confirmation,C2/step2000,8,all_q_ge1,38100,0.5157968769421475,0,0.3627821789185206,17.870897227780183,38100,0.5766785533761157,0,5.600097771926378,1.8264651148101014,2.6531601095608495,6.30807209492617
confirmation,C2/step2000,8,second_half_queries,19200,0.5312015117376525,0,0.34044854521751405,17.37407258321347,19200,0.5446780854817687,0,5.607514968654331,1.6914833384818522,2.6531601095608495,6.3279997609583605
confirmation,C2/step2000,9,all_q_ge1,38100,0.49550589691553487,0,0.3194391875465711,12.138532247795238,38100,0.3503224708930943,0,5.916318279083001,1.5099235477244035,2.8088590189462854,6.617938112960144
confirmation,C2/step2000,9,second_half_queries,19200,0.5199315080566258,0,0.2888622057437897,11.33473922572321,19200,0.3096454895941241,0,5.947573434658976,1.3412538203226434,2.8088590189462854,6.678737988308191
confirmation,C2/step500,0,all_q_ge1,38100,0.4694291702168196,0,0.033526112890491885,1.10532841693253,38100,0.09492393772959475,0,2.423956404249063,0.22420381164693737,5.971680419441227,6.536574335516619
confirmation,C2/step500,0,second_half_queries,19200,0.4834890234414636,0,0.013322047141070168,0.42879558921839506,19200,0.04956862040258348,0,2.0252343568381055,0.07834650220692758,5.971680419441227,6.366209788227308
confirmation,C2/step500,1,all_q_ge1,38100,0.5923253380237911,0,0.06804475990434487,3.286343211437008,38100,0.13565101179352862,0,4.12156300871144,0.5284160471964884,7.033643563684335,7.8924051746683626
confirmation,C2/step500,1,second_half_queries,19200,0.6628347673606683,0,0.02210700146233042,1.869370419155822,19200,0.09168664354124252,0,3.953090695010702,0.21625059331457783,7.033643563684335,8.49859561806958
confirmation,C2/step500,10,all_q_ge1,38100,0.3844290405562142,0,0.4975366936127345,10.76790520300639,38100,0.4608191728235399,0,5.999845741660407,2.4189642198217434,3.892798955777941,6.823856893416934
confirmation,C2/step500,10,second_half_queries,19200,0.3939631450637947,0,0.4729363543788592,10.36229537502428,19200,0.43193104018241135,0,6.001420079895674,2.282411455374284,3.892798955777941,6.970907671420801
confirmation,C2/step500,11,all_q_ge1,38100,0.40579155587741567,0,0.5167093256115913,14.328913812738811,38100,0.5336594906917779,0,6.174951080053908,2.7460239684308076,4.133371790570669,7.221065374123014
confirmation,C2/step500,11,second_half_queries,19200,0.41635065718076236,0,0.4904665413498879,14.069726025464545,19200,0.5078123416904095,0,6.196920842532333,2.615001801127491,4.133371790570669,7.378937858952579
confirmation,C2/step500,12,all_q_ge1,38100,0.43268237557942657,0,0.4642163952191671,12.127272740237387,38100,0.48905282822629376,0,6.04009857430773,2.3108210364770536,4.120421016557095,6.987734156588045
confirmation,C2/step500,12,second_half_queries,19200,0.4527973288178322,0,0.4283176216483116,12.059972198120235,19200,0.46071338809499046,0,6.14297821346285,2.171719673064814,4.120421016557095,7.275948711173619
confirmation,C2/step500,13,all_q_ge1,38100,0.4023325590300888,0,0.516241262058417,11.423128132505681,38100,0.5628981070333554,0,5.351947110384609,2.4358268922780217,3.969634121232644,6.43437057432954
confirmation,C2/step500,13,second_half_queries,19200,0.41639209970780566,0,0.47974946717421213,10.826333114448634,19200,0.5065121355986303,0,5.365828678395677,2.232208944139793,3.969634121232644,6.596049568694539
confirmation,C2/step500,14,all_q_ge1,38100,0.4208219579299654,0,0.4587528183062871,10.570244453558962,38100,0.5335078157996409,0,5.0948815967978165,2.1465561069064827,4.124008842300441,6.2505384740692485
confirmation,C2/step500,14,second_half_queries,19200,0.4412433444239485,0,0.42062880386908846,10.069582080118526,19200,0.5020964323893974,0,5.033440944573163,1.9288671920432479,4.124008842300441,6.3437801474231925
confirmation,C2/step500,15,all_q_ge1,38100,0.4139962999941762,0,0.48456704248984656,10.482990674644943,38100,0.4431837484348142,0,5.4370233182176895,2.2512755556402166,4.115870613964672,6.434550443516579
confirmation,C2/step500,15,second_half_queries,19200,0.43127610954394857,0,0.45032482872406643,9.928178136300737,19200,0.3971563503097785,0,5.426929120752757,2.0463897849558355,4.115870613964672,6.554133427839859
confirmation,C2/step500,16,all_q_ge1,38100,0.37915815778447287,0,0.5955035161972045,9.950400597101053,38100,0.5420670486647793,0,4.775528871964075,2.482753665641632,3.78130695050249,5.542553904543241
confirmation,C2/step500,16,second_half_queries,19200,0.3877980853749501,0,0.5741194117069245,9.668782628686351,19200,0.5148255475282985,0,4.730187414301484,2.3628822868853803,3.78130695050249,5.603579683450723
confirmation,C2/step500,17,all_q_ge1,38100,0.3755516837333082,0,0.5582047061125437,9.36166206427687,38100,0.49950145511283556,0,4.817027231988322,2.3775230577563513,3.964045416023431,5.750885302396247
confirmation,C2/step500,17,second_half_queries,19200,0.3817457985227993,0,0.5391892506678899,9.087562993362388,19200,0.4621647873401926,0,4.818940233633084,2.279650379450585,3.964045416023431,5.85047809918439
confirmation,C2/step500,18,all_q_ge1,38100,0.3781220011027504,0,0.5943402540683747,10.202600507561373,38100,0.6556887832051977,0,4.365565351644878,2.560347309963158,4.026008151447022,5.412117911962054
confirmation,C2/step500,18,second_half_queries,19200,0.3861008509216837,0,0.5697609655062358,9.809768211708839,19200,0.6152672403463616,0,4.327405322939364,2.4157552293269213,4.026008151447022,5.492576497263683
confirmation,C2/step500,19,all_q_ge1,38100,0.36874855540595325,0,0.6614320641756057,11.378338347402675,38100,0.6554565794181294,0,4.548087722326714,2.930203281355563,4.0716981325026085,5.5140821917529435
confirmation,C2/step500,19,second_half_queries,19200,0.37602444203864377,0,0.6354743899901708,11.013429776352124,19200,0.6138771573726671,0,4.5249113525206734,2.7966013186175553,4.0716981325026085,5.622242635368968
confirmation,C2/step500,2,all_q_ge1,38100,0.7049663805596825,0,0.050077959112823006,2.859090443705886,38100,0.07559018241021377,0,5.200661525628068,0.38379464687361076,9.340882869147839,9.970641437918896
confirmation,C2/step500,2,second_half_queries,19200,0.7687330901275355,0,0.010745996775416036,1.3911403013066814,19200,0.05632007945092755,0,4.799469752080045,0.12143630752575656,9.340882869147839,11.622957990272473
confirmation,C2/step500,20,all_q_ge1,38100,0.3746842668875864,0,0.6003634889920553,10.246356374143984,38100,0.6396936505583946,0,4.570261145542306,2.621208584746044,4.033290133950444,5.489325230280618
confirmation,C2/step500,20,second_half_queries,19200,0.382159309044496,0,0.5761283983786901,9.893077751944649,19200,0.5909299564541475,0,4.5669034951299725,2.4865031258655894,4.033290133950444,5.5699104775638935
confirmation,C2/step500,21,all_q_ge1,38100,0.3915461353068721,0,0.533235937555631,10.667658853015263,38100,0.5575621721161302,0,4.738127831102648,2.5526838112731114,4.661861009934396,6.063457047336286
confirmation,C2/step500,21,second_half_queries,19200,0.3987950732632053,0,0.5105529513955116,10.27082597389986,19200,0.5192091904544255,0,4.719534940773554,2.423763705598156,4.661861009934396,6.143426389855662
confirmation,C2/step500,22,all_q_ge1,38100,0.46582382807697326,0,0.3273209434747696,8.955134309995058,38100,0.4204265356984193,0,4.999994536792239,1.7238866067189644,5.345422258306713,6.802838930819015
confirmation,C2/step500,22,second_half_queries,19200,0.4842211204721631,0,0.29474589809775353,8.148064662034878,19200,0.36621112988863924,0,4.9881573268331465,1.5218622442482042,5.345422258306713,6.936930976231025
confirmation,C2/step500,23,all_q_ge1,38100,0.6176577353746238,0,0.07990009329592188,4.185648708547627,38100,0.16965045471689974,0,5.424589610384232,0.5744131781621986,6.408439807252614,8.200424716709229
confirmation,C2/step500,23,second_half_queries,19200,0.6674633441301498,0,0.037442603300636014,2.3723393404118043,19200,0.09158896972682459,0,5.424408936974625,0.27153214856539964,6.408439807252614,8.371606237909656
confirmation,C2/step500,3,all_q_ge1,38100,0.7718241697081473,0,0.028087624112764994,1.280612674231891,38100,0.024346967805384947,0,7.908819197700374,0.19552410969458053,8.156232257672912,10.7669010197504
confirmation,C2/step500,3,second_half_queries,19200,0.8765693638716117,0,0.0025145639849749085,0.22367804892614174,19200,0.005518426069210095,0,7.842213445791178,0.0207134178756667,8.156232257672912,12.455070149856045
confirmation,C2/step500,4,all_q_ge1,38100,0.808584634319677,0,0.0782898810878396,4.798074019857691,38100,0.13178975719373803,0,7.266334111798576,0.49979070940381287,6.053323282006587,9.323932346583845
confirmation,C2/step500,4,second_half_queries,19200,0.8920122411988956,0,0.04439351597800851,3.869474560233032,19200,0.10171109593605687,0,7.398718042334283,0.2952584020732918,6.053323282006587,10.09628907021641
confirmation,C2/step500,5,all_q_ge1,38100,0.6626875172186816,0,0.18184714262684187,10.503586745309862,38100,0.3078819057870068,0,7.247898112434938,1.2113513180101214,5.577986107704755,9.070762485864515
confirmation,C2/step500,5,second_half_queries,19200,0.731635340953545,0,0.13782318264245988,9.796791613758195,19200,0.2741144086683755,0,7.381020984341125,0.9764325997647627,5.577986107704755,9.578536168384156
confirmation,C2/step500,6,all_q_ge1,38100,0.5179755070927736,0,0.2734456366300583,11.12468848636277,38100,0.34649415083395957,0,7.166963006801031,1.6376614407039727,4.8588055769203455,8.520781844607264
confirmation,C2/step500,6,second_half_queries,19200,0.5482723964545199,0,0.24231301446755726,10.559925867065916,19200,0.32151626212198625,0,7.219799364676722,1.456389652951996,4.8588055769203455,8.802072609524094
confirmation,C2/step500,7,all_q_ge1,38100,0.4814201950766383,0,0.41425744285186133,18.538350000081117,38100,0.6974236744078715,0,6.994568531530237,2.6897600683557803,4.21789007515811,8.000510199009355
confirmation,C2/step500,7,second_half_queries,19200,0.49921243214853755,0,0.37911614080270134,17.5944918088743,19200,0.633061687383298,0,7.045898558782514,2.448959993812093,4.21789007515811,8.208156855101752
confirmation,C2/step500,8,all_q_ge1,38100,0.4616505858934043,0,0.3924965182940165,14.079412794247398,38100,0.48028106822579986,0,6.812304295257524,2.270518406607171,4.574308808848752,8.04612767211173
confirmation,C2/step500,8,second_half_queries,19200,0.47632961853036837,0,0.3684666032592456,13.423245056926088,19200,0.4482384556905018,0,6.810553679880591,2.099638506247748,4.574308808848752,8.205652178905657
confirmation,C2/step500,9,all_q_ge1,38100,0.5100069577330744,0,0.32220678985118867,12.248241918636037,38100,0.39657105502662293,0,7.091019310096344,1.8213536804382626,4.451877504524438,8.129486754605065
confirmation,C2/step500,9,second_half_queries,19200,0.5355550140910217,0,0.29143647174040477,11.918671299296612,19200,0.37110153000246754,0,7.130811621463543,1.6593851602851462,4.451877504524438,8.35799384014932
confirmation,C3/step10000,0,all_q_ge1,38100,0.6364166202347126,0,0.01441763455979526,0.8613932473682389,38100,0.015257095582601046,0,5.953909272452401,0.09857428385569232,7.528537435421409,9.188717695595244
confirmation,C3/step10000,0,second_half_queries,19200,0.6685329533653246,0,0.0033271768953030308,0.2143546727146508,19200,0.0038599074985759276,0,5.8457942218446695,0.019086074573393546,7.528537435421409,9.2799452121899
confirmation,C3/step10000,1,all_q_ge1,38100,0.6377123432635572,0,0.05829022977501154,1.8866414005693803,38100,0.12606603186881327,0,1.143714892321698,0.16034245088384946,2.3575739548703405,2.609173354243328
confirmation,C3/step10000,1,second_half_queries,19200,0.7170868870429118,0,0.02411934201605618,1.0877096832238815,19200,0.0790187164206902,0,1.0973247342138992,0.0716832962890418,2.3575739548703405,2.683770941597694
confirmation,C3/step10000,10,all_q_ge1,38100,0.3733834085108625,0,0.5694079132874806,9.732250006870867,38100,0.878306663515499,0,3.4356404092256474,1.8437907914514806,0.753124580892832,3.599652379748545
confirmation,C3/step10000,10,second_half_queries,19200,0.3927725625997649,0,0.5209294467171033,8.509929767553718,19200,0.7014732501239989,0,3.260594682678627,1.5576761611263594,0.753124580892832,3.419489921805398
confirmation,C3/step10000,11,all_q_ge1,38100,0.34999490418127976,0,0.6375300254424413,9.069459524907348,38100,0.7417498899093269,0,3.6888416892727065,2.136207358262412,0.7382982959965124,3.824948930545023
confirmation,C3/step10000,11,second_half_queries,19200,0.36832454085132477,0,0.5902580642700195,7.713540022369405,19200,0.5585268306979768,0,3.5075259786022586,1.804580945587823,0.7382982959965124,3.637371575955721
confirmation,C3/step10000,12,all_q_ge1,38100,0.5006610095581907,0,0.6351154824097951,25.499075224067322,38100,2.1593269831246085,0,4.349021552247323,2.8655417261213603,0.8183540054125584,4.535394803297566
confirmation,C3/step10000,12,second_half_queries,19200,0.514618126603234,0,0.5957346451282501,23.682826000507113,19200,1.8567168736274258,0,4.166545527498882,2.5565135207664405,0.8183540054125584,4.349588262464572
confirmation,C3/step10000,13,all_q_ge1,38100,0.39410917159251374,0,0.6722417163848877,15.953927477563449,38100,1.386134635652651,0,4.287188284432773,2.7762706268741426,0.7343213229376372,4.424179553887525
confirmation,C3/step10000,13,second_half_queries,19200,0.39009161645867774,0,0.6195836921532949,12.619526621997776,19200,0.9075246815162247,0,4.087608429235335,2.34707487056073,0.7343213229376372,4.22706310886049
confirmation,C3/step10000,14,all_q_ge1,38100,0.4300649827080553,0,0.609790357152621,20.341882988227148,38100,1.6385379970845735,0,4.437285144965507,2.705989460570532,0.742816147901721,4.555008385946535
confirmation,C3/step10000,14,second_half_queries,19200,0.443760279260599,0,0.5491583397984505,17.65551531394232,19200,1.2292175677844874,0,4.215691198223358,2.2787968343281766,0.742816147901721,4.341829293728944
confirmation,C3/step10000,15,all_q_ge1,38100,0.3523115313404541,0,0.5900872967640559,11.335780017161268,38100,0.7246489786448573,0,4.0862493602676135,2.230699917446354,0.9184688540501406,4.304716616678994
confirmation,C3/step10000,15,second_half_queries,19200,0.3627653073989119,0,0.5404284519950548,9.520951974130137,19200,0.5409067412109017,0,3.90725649216526,1.8820101279265589,0.9184688540501406,4.123618091837698
confirmation,C3/step10000,16,all_q_ge1,38100,0.3293679196422422,0,0.678429543375969,12.196758853222304,38100,0.7724665833675861,0,4.493729930974004,2.7657367159200423,0.7272655760596591,4.612295421020283
confirmation,C3/step10000,16,second_half_queries,19200,0.34142506475444784,0,0.6402736806869507,11.189266935834015,19200,0.6297025092067775,0,4.384524569498965,2.493100302575301,0.7272655760596591,4.511225588298815
confirmation,C3/step10000,17,all_q_ge1,38100,0.3290639133984155,0,0.660589804649353,12.377307120974448,38100,0.8055091993900187,0,4.53949341686709,2.7305608750868573,0.7342989737362993,4.6495354336025
confirmation,C3/step10000,17,second_half_queries,19200,0.34165476508497206,0,0.6067343157529831,10.857816720631206,19200,0.6100980731545362,0,4.429832076473193,2.3851816700755917,0.7342989737362993,4.548162437082966
confirmation,C3/step10000,18,all_q_ge1,38100,0.3429319242596868,0,0.698216503461202,14.449743150170725,38100,1.057377505398872,0,4.425706115264441,2.920388693858996,0.8383977752036771,4.595252502883858
confirmation,C3/step10000,18,second_half_queries,19200,0.35658468373206226,0,0.6558493030071259,13.54977750954223,19200,0.9184206415690691,0,4.306167058849822,2.6400317752706024,0.8383977752036771,4.475709100360516
confirmation,C3/step10000,19,all_q_ge1,38100,0.3277854215858564,0,0.7304312686125437,13.117295095421325,38100,1.062168584545688,0,4.336257201273996,2.9636344350239363,0.8072734732173081,4.463388361086262
confirmation,C3/step10000,19,second_half_queries,19200,0.33866561015850966,0,0.6842215647300084,11.593146152673569,19200,0.803853122407698,0,4.216440017354469,2.632395803534183,0.8072734732173081,4.355284645013007
confirmation,C3/step10000,2,all_q_ge1,38100,0.7045173079037313,0,0.05428461780150731,1.581817419263649,38100,0.15663215432876892,0,1.1639090201808422,0.1532211639576789,2.280965421279723,2.624311235358668
confirmation,C3/step10000,2,second_half_queries,19200,0.7936778910823122,0,0.023184875218818585,1.0121950100380288,19200,0.12399498040054024,0,1.0669476564499512,0.06677328171345032,2.280965421279723,2.6466290564979977
confirmation,C3/step10000,20,all_q_ge1,38100,0.32411560899650205,0,0.6996630710363388,14.272471504437613,38100,0.9706623202957314,0,4.611515673205745,2.90492439530393,0.8712383986348673,4.735863030296952
confirmation,C3/step10000,20,second_half_queries,19200,0.3311816988914148,0,0.657967575788498,12.869234793969445,19200,0.7890052607881524,0,4.54208132023845,2.6174937463653096,0.8712383986348673,4.670439970989983
confirmation,C3/step10000,21,all_q_ge1,38100,0.346188612801251,0,0.6371641172965368,12.884357362606895,38100,0.7732989983606563,0,4.468947561810589,2.530803951530132,1.3745673974639054,4.830489384452162
confirmation,C3/step10000,21,second_half_queries,19200,0.358807170193919,0,0.5888316118717194,11.489330795240447,19200,0.6480052957783607,0,4.460821389039415,2.247816201816249,1.3745673974639054,4.81673118301636
confirmation,C3/step10000,22,all_q_ge1,38100,0.4063095064941166,0,0.39403136054674787,10.902709344124677,38100,0.45452169395522246,0,4.581349918487127,1.6896343243352303,2.5979125547257143,5.487483474241075
confirmation,C3/step10000,22,second_half_queries,19200,0.4281330452731758,0,0.3266679209967454,8.584142450964087,19200,0.35719895726326956,0,4.582531464045609,1.336076789419907,2.5979125547257143,5.476056606333788
confirmation,C3/step10000,23,all_q_ge1,38100,0.6345820150088113,0,0.05724065223398308,4.570996396575142,38100,0.13535300474249137,0,4.381067684729291,0.3461660297649715,6.084095646090199,7.538269542330641
confirmation,C3/step10000,23,second_half_queries,19200,0.6808957242177631,0,0.018977046448271723,1.5562813272181963,19200,0.04954339245015246,0,4.328394240735226,0.10516373640033218,6.084095646090199,7.466022534346236
confirmation,C3/step10000,3,all_q_ge1,38100,0.6879522920411373,0,0.05213667068630457,1.4457401241143795,38100,0.13731691305661373,0,1.566165711342795,0.15633178497464434,2.068178035308413,2.668744576664271
confirmation,C3/step10000,3,second_half_queries,19200,0.8034989564911909,0,0.023380815936252474,1.0284155317122845,19200,0.10662679236575415,0,1.5080343706596615,0.06905813427875532,2.068178035308413,2.688196244230817
confirmation,C3/step10000,4,all_q_ge1,38100,0.5910751094878457,0,0.09167916773507992,1.65717352699161,38100,0.17303951107700166,0,1.7164087813244226,0.2256036391177746,1.646955822018962,2.4472068703284773
confirmation,C3/step10000,4,second_half_queries,19200,0.648536807590337,0,0.03916612131521106,0.6162164147178821,19200,0.06424302929136526,0,1.6160543971836683,0.06558198789251238,1.646955822018962,2.3899770100452686
confirmation,C3/step10000,5,all_q_ge1,38100,0.5296866656055655,0,0.26364659706751503,4.454051000764679,38100,0.42800430755111996,0,2.271814924589232,0.6336546683637216,1.236371033466305,2.669690784801577
confirmation,C3/step10000,5,second_half_queries,19200,0.5927734633199239,0,0.2000486476222674,3.4774425213076667,19200,0.32194741314449776,0,2.1599622066042503,0.4284883146630066,1.236371033466305,2.576883650099403
confirmation,C3/step10000,6,all_q_ge1,38100,0.4884045317925813,0,0.36542775223652524,10.046301084920493,38100,0.9712082104101274,0,2.7763648319334964,1.19857484392671,1.0623697002646497,3.0857715946487936
confirmation,C3/step10000,6,second_half_queries,19200,0.5146834927629563,0,0.3259419117371241,9.51262835880914,19200,0.8981448147284313,0,2.6716807273052936,1.0406850098930513,1.0623697002646497,2.985743027240002
confirmation,C3/step10000,7,all_q_ge1,38100,0.434907286279186,0,0.4970022208491961,8.4788805081241,38100,0.8322135329188368,0,2.8465873369533776,1.389511600759213,0.8169837889070651,3.0279804416386
confirmation,C3/step10000,7,second_half_queries,19200,0.45454608219572235,0,0.4567092564702034,7.9208111589173225,19200,0.7452575027745258,0,2.721139104049527,1.2149411936404322,0.8169837889070651,2.9119242259039524
confirmation,C3/step10000,8,all_q_ge1,38100,0.40983004290774927,0,0.4785507693886757,6.589022597485066,38100,0.5583356781541914,0,3.07491763145854,1.317336728761481,0.8790495975123919,3.262930792945829
confirmation,C3/step10000,8,second_half_queries,19200,0.43527086785990105,0,0.4419512503345807,6.103427405337438,19200,0.49734691791620406,0,2.9363001760695586,1.136332107998862,0.8790495975123919,3.126333270977016
confirmation,C3/step10000,9,all_q_ge1,38100,0.40128030391999703,0,0.44369369556506477,9.101534872733785,38100,0.7323505753401949,0,3.4319433616408315,1.4396092230004134,0.8829465206224115,3.6127190153550175
confirmation,C3/step10000,9,second_half_queries,19200,0.42060802351744203,0,0.40880658497412997,8.311624113621022,19200,0.64025481240362,0,3.275707154636053,1.23655084299313,0.8829465206224115,3.4561704994540037
confirmation,C3/step2000,0,all_q_ge1,38100,0.6779939883797824,0,0.014842993458732962,1.1752003834895872,38100,0.020820221417643517,0,7.316007954254979,0.12999554373500183,9.749846248896535,11.90885288989474
confirmation,C3/step2000,0,second_half_queries,19200,0.7014946860177579,0,0.004415990593455111,0.3390935625188495,19200,0.006343813080545054,0,7.191664335910874,0.0322630185180662,9.749846248896535,11.945906507678982
confirmation,C3/step2000,1,all_q_ge1,38100,0.7441979548349853,0,0.0618283137306571,5.220533436277394,38100,0.0877899799785925,0,4.275033719403206,0.4494583742225507,6.234840508242185,7.466439016586234
confirmation,C3/step2000,1,second_half_queries,19200,0.7937286551401954,0,0.019883787281190356,2.4144909639099628,19200,0.04134516632568969,0,4.214784404042452,0.16294508796293997,6.234840508242185,7.882190564217528
confirmation,C3/step2000,10,all_q_ge1,38100,0.3954598768188383,0,0.5576537474989891,14.236311327839658,38100,0.5140109908281829,0,5.836053902844644,2.56955590856277,2.0883883003488943,6.260147390623642
confirmation,C3/step2000,10,second_half_queries,19200,0.4092989028479496,0,0.5261600672205289,13.15681903998123,19200,0.4351628992225537,0,5.86806467931963,2.3310499371596123,2.0883883003488943,6.304064611344497
confirmation,C3/step2000,11,all_q_ge1,38100,0.3802780337278354,0,0.5917648919423422,14.190183234031158,38100,0.5208692022287287,0,5.762175076061814,2.6795183051312073,1.92638845173132,6.107047986095849
confirmation,C3/step2000,11,second_half_queries,19200,0.3956059311140624,0,0.5532354851563771,12.840028978138598,19200,0.42186837531587124,0,5.763282576943255,2.393083523633362,1.92638845173132,6.117258451393468
confirmation,C3/step2000,12,all_q_ge1,38100,0.3964891910839816,0,0.5925733995437622,16.604127830750574,38100,0.5911292163496333,0,5.8291396566812335,2.7780055675034965,1.9312776259944666,6.156226274095879
confirmation,C3/step2000,12,second_half_queries,19200,0.4132454263252606,0,0.5499639132618904,14.97382749988924,19200,0.4584077569082932,0,5.874133908080752,2.4647756362504922,1.9312776259944666,6.205982458311791
confirmation,C3/step2000,13,all_q_ge1,38100,0.3893764782864062,0,0.6202158790826797,14.127534599316048,38100,0.5738258376124298,0,5.5499072196073245,2.738034522490029,1.8926214917327406,5.927838036904725
confirmation,C3/step2000,13,second_half_queries,19200,0.40851935001767237,0,0.570339750846227,11.880179394713206,19200,0.40750242495596967,0,5.549350640171013,2.351507717016165,1.8926214917327406,5.933977955769132
confirmation,C3/step2000,14,all_q_ge1,38100,0.38666362393368925,0,0.572346508304278,17.02371946118711,38100,0.6094808100512417,0,6.138290719966599,2.876041193890902,1.8763752390744628,6.396256223461014
confirmation,C3/step2000,14,second_half_queries,19200,0.4018062672919025,0,0.5173580312728882,14.004412289021245,19200,0.41433456457087187,0,6.116036493209266,2.442458710890255,1.8763752390744628,6.39060273289754
confirmation,C3/step2000,15,all_q_ge1,38100,0.3951228087884049,0,0.5707203462719918,15.7737880729095,38100,0.5369536395832167,0,6.012981095829925,2.759300029682998,2.1119986708921834,6.434584930276568
confirmation,C3/step2000,15,second_half_queries,19200,0.41491905179674726,0,0.525836445291837,13.953446092929683,19200,0.4192271272636695,0,6.00345837219598,2.412977676067479,2.1119986708921834,6.437226367392223
confirmation,C3/step2000,16,all_q_ge1,38100,0.3570557451973261,0,0.6789134442806244,15.722310685309045,38100,0.6119428494387738,0,5.894143033576817,3.2828442148213473,1.8259231407826262,6.112088694614767
confirmation,C3/step2000,16,second_half_queries,19200,0.3657278796042094,0,0.6348298215866088,13.833931403198516,19200,0.47233811322306035,0,5.892920531586029,2.955615993283125,1.8259231407826262,6.14112180550043
confirmation,C3/step2000,17,all_q_ge1,38100,0.37985430118428665,0,0.6491257107257843,15.476012274325111,38100,0.5515241580315431,0,5.879989670313983,3.046647366121102,2.0036142073364345,6.161734914730051
confirmation,C3/step2000,17,second_half_queries,19200,0.390674515917516,0,0.6059426373243332,13.563700791338617,19200,0.42709149871591534,0,5.849329632586589,2.708011002551468,2.0036142073364345,6.164819790875399
confirmation,C3/step2000,18,all_q_ge1,38100,0.36377774188255985,0,0.703232610821724,16.552550596258826,38100,0.6998668709700389,0,5.715237224509005,3.3964154098095,1.9261957934696865,6.0041057550905235
confirmation,C3/step2000,18,second_half_queries,19200,0.37527290571920946,0,0.6582583244641622,14.897100454332728,19200,0.5709707520120759,0,5.656865680140122,3.045658912172278,1.9261957934696865,5.994650940895218
confirmation,C3/step2000,19,all_q_ge1,38100,0.35552086748893075,0,0.7251580319801967,15.986546534695519,38100,0.651647010466477,0,5.558328249726348,3.4440939756629234,2.040458046593718,5.851502083758859
confirmation,C3/step2000,19,second_half_queries,19200,0.364007217919504,0,0.6770173174142837,13.826951776703412,19200,0.4958739483745264,0,5.505252777525557,3.064454969939173,2.040458046593718,5.853203366347974
confirmation,C3/step2000,2,all_q_ge1,38100,0.7891086426517457,0,0.059824261479079724,5.250258727199943,38100,0.15288641897744096,0,3.7241307237357346,0.39651273814310267,5.395655497139343,6.730017330134211
confirmation,C3/step2000,2,second_half_queries,19200,0.8767771256361852,0,0.028345113256946206,4.577615424657574,19200,0.15062830781845749,0,3.6332202927277946,0.22890877913333757,5.395655497139343,7.266079529480799
confirmation,C3/step2000,20,all_q_ge1,38100,0.3581242539479565,0,0.7039326872428259,15.879514501021173,38100,0.6658150718865372,0,5.706187806739992,3.3925481627302703,2.115436467274326,5.91976280709689
confirmation,C3/step2000,20,second_half_queries,19200,0.3688476334291,0,0.6561029396454493,14.21677130136298,19200,0.5456169007513628,0,5.677439373311486,3.037883129966183,2.115436467274326,5.934832054746164
confirmation,C3/step2000,21,all_q_ge1,38100,0.37732358095579466,0,0.6405763973792394,14.842871068505978,38100,0.5155538063627805,0,5.819481528143603,3.039891627226115,2.716565236477007,6.335773100253487
confirmation,C3/step2000,21,second_half_queries,19200,0.3910662110651789,0,0.5845040784279505,12.354916109919726,19200,0.39620521268542896,0,5.782729951955093,2.5825854019928176,2.716565236477007,6.352321045845187
confirmation,C3/step2000,22,all_q_ge1,38100,0.45035818779467174,0,0.3845571588476499,13.305428760303416,38100,0.3356006760353791,0,6.467577169796795,2.17871222958869,4.329570319752131,7.607316949163246
confirmation,C3/step2000,22,second_half_queries,19200,0.4846150222761524,0,0.31928298622369766,10.672538222485032,19200,0.2589223859127096,0,6.454318682515936,1.69429548346277,4.329570319752131,7.673924391837469
confirmation,C3/step2000,23,all_q_ge1,38100,0.710543949414625,0,0.05578133673717578,4.542615225325955,38100,0.09512817830152832,0,6.42344718321373,0.4189679372366275,6.783247795139222,8.860405583408392
confirmation,C3/step2000,23,second_half_queries,19200,0.7564603329570814,0,0.020147034834759932,2.0530524355009465,19200,0.043187319095766306,0,6.36216269070684,0.14735210474288388,6.783247795139222,8.902676328133065
confirmation,C3/step2000,3,all_q_ge1,38100,0.8107587326492338,0,0.03200551193207502,2.0004661745754557,38100,0.06039377213516612,0,4.665881786140231,0.1865416658281791,4.541453957205877,6.540173130759008
confirmation,C3/step2000,3,second_half_queries,19200,0.8847867288727135,0,0.009086448642192409,0.9296061402760785,19200,0.03075342933041103,0,4.588989846093528,0.05378845350879557,4.541453957205877,6.804496842122579
confirmation,C3/step2000,4,all_q_ge1,38100,0.8130623439512763,0,0.11081307771305243,4.642014584700861,38100,0.16192531814787223,0,4.847614256045723,0.49170622716734597,3.4747603841127055,5.9837052042083165
confirmation,C3/step2000,4,second_half_queries,19200,0.934374214768333,0,0.05626022501538197,2.9667829508756616,19200,0.09710374054488656,0,4.813805870769024,0.2234872495592114,3.4747603841127055,6.128215763617949
confirmation,C3/step2000,5,all_q_ge1,38100,0.5453049889953729,0,0.2690743867556254,9.866276124463845,38100,0.3428862855329357,0,5.316159183662083,1.2815266280614543,2.975840972667707,6.20731868650803
confirmation,C3/step2000,5,second_half_queries,19200,0.5910643315105603,0,0.21482183381915093,8.681489131159386,19200,0.2801663693041266,0,5.342113382820184,0.9971094033070185,2.975840972667707,6.285317131559825
confirmation,C3/step2000,6,all_q_ge1,38100,0.5079485678805671,0,0.3541682755947113,15.433144033065728,38100,0.5546603609915598,0,5.403616759853866,1.7929727536986997,2.641490262358819,6.1528743986325765
confirmation,C3/step2000,6,second_half_queries,19200,0.5250633209748672,0,0.32813213070233666,14.815216401486802,19200,0.5204087113944962,0,5.369897626211903,1.6397348603267687,2.641490262358819,6.152120500423103
confirmation,C3/step2000,7,all_q_ge1,38100,0.43421209625419466,0,0.4839594304561615,17.637239016035668,38100,0.5904113948853644,0,5.941842584276071,2.5465942614653825,2.31592425434538,6.4500677662943575
confirmation,C3/step2000,7,second_half_queries,19200,0.4453967113454318,0,0.4591645675897598,16.91344490332775,19200,0.5388284189973793,0,5.952302611359991,2.3877326263193765,2.31592425434538,6.48286288804987
confirmation,C3/step2000,8,all_q_ge1,38100,0.40878896805897025,0,0.4695950975020727,12.188143965947901,38100,0.42175543931289317,0,5.7565218763236805,2.118393342758454,2.4826221265792374,6.337860063139647
confirmation,C3/step2000,8,second_half_queries,19200,0.4176376256688526,0,0.4495372810959816,11.384389111933295,19200,0.3728046096426641,0,5.771888046798974,1.9712750540188617,2.4826221265792374,6.365821552873462
confirmation,C3/step2000,9,all_q_ge1,38100,0.4221026718198071,0,0.4240502741932869,17.553262020911035,38100,0.5390102941717324,0,6.538296722930259,2.4150775362537122,2.4943981490545064,7.095645058155685
confirmation,C3/step2000,9,second_half_queries,19200,0.43378797575783334,0,0.3998994555075963,16.79040261980424,19200,0.48628824442622176,0,6.5659864271370605,2.2420732168943074,2.4943981490545064,7.126986339990697
confirmation,C3/step500,0,all_q_ge1,38100,0.48128688605200975,0,0.03019407847896218,1.055118282324642,38100,0.09224511518354311,0,2.356934627297211,0.20943443148956234,6.130183115417207,6.65936917536247
confirmation,C3/step500,0,second_half_queries,19200,0.49780655217646624,0,0.010829603597521782,0.3691315826942414,19200,0.04440318302329332,0,1.980418081864396,0.06527895406929475,6.130183115417207,6.487247278614895
confirmation,C3/step500,1,all_q_ge1,38100,0.5717523754431939,0,0.0717416725307703,3.175735535548079,38100,0.11949723194244315,0,4.462944559678702,0.5448712698707775,7.040792699860942,7.9899528575247665
confirmation,C3/step500,1,second_half_queries,19200,0.6318155814559026,0,0.018045562440529465,1.2912984584792817,19200,0.0593922640799056,0,4.249910010365487,0.16691497564883567,7.040792699860942,8.576232349852463
confirmation,C3/step500,10,all_q_ge1,38100,0.37352526251518153,0,0.5506704154610634,12.370937858326572,38100,0.5855011583827708,0,5.971733990947308,2.8636193476457095,3.5522633443966556,6.78657658781691
confirmation,C3/step500,10,second_half_queries,19200,0.3872866645425288,0,0.5094437938928604,11.406467981598594,19200,0.5072851634343818,0,5.94943454705206,2.5625086589101977,3.5522633443966556,6.873312157947215
confirmation,C3/step500,11,all_q_ge1,38100,0.3747391470875468,0,0.5947782168785731,14.36644210913306,38100,0.6783716451595243,0,5.740613227007739,3.195972789054221,3.6926517925389395,6.793803987718858
confirmation,C3/step500,11,second_half_queries,19200,0.3875339668844102,0,0.5526675820350647,13.47648820136648,19200,0.6115018862563926,0,5.762844990632404,2.910662926747323,3.6926517925389395,6.908533205298309
confirmation,C3/step500,12,all_q_ge1,38100,0.39562649589211335,0,0.5819802947839101,15.988428656860313,38100,0.7295162129936248,0,6.037535092265238,3.323477467057753,4.017835841763544,7.23506456441832
confirmation,C3/step500,12,second_half_queries,19200,0.40932471536467785,0,0.5465162744124731,15.49370061067237,19200,0.671996119378814,0,6.096268642378234,3.1040665243919268,4.017835841763544,7.406087747819851
confirmation,C3/step500,13,all_q_ge1,38100,0.3587287585183097,0,0.6502801239490509,12.320442367481416,38100,0.6414292433438934,0,5.437532263085836,3.0595790754284917,3.36984710862642,6.171396128450016
confirmation,C3/step500,13,second_half_queries,19200,0.3682838124312905,0,0.6119098569949468,11.297932066238905,19200,0.5515204675377227,0,5.405017116218719,2.7699204127317825,3.36984710862642,6.222890623502353
confirmation,C3/step500,14,all_q_ge1,38100,0.41708677607771627,0,0.5520158632596334,18.247335602440955,38100,0.701113766746498,0,6.462963563068518,3.339873147486642,4.23658709902994,7.907495890083282
confirmation,C3/step500,14,second_half_queries,19200,0.43984022791931465,0,0.49881101022164026,16.366742842130773,19200,0.585702448683171,0,6.457170585666989,2.851606630345094,4.23658709902994,7.989952641574374
confirmation,C3/step500,15,all_q_ge1,38100,0.3755027940073298,0,0.5730125466982524,11.979476440594645,38100,0.488013899436258,0,5.956666207473559,2.8294082163864718,3.914375848485147,6.963607655162502
confirmation,C3/step500,15,second_half_queries,19200,0.3896597870193994,0,0.5330326935648918,10.958192894017683,19200,0.41577085629101385,0,5.9552521857076295,2.5255979542744615,3.914375848485147,7.036925404362296
confirmation,C3/step500,16,all_q_ge1,38100,0.35342892531112746,0,0.6766738545894623,12.806751919461515,38100,0.7067547611101326,0,5.221720027714801,3.2802926409974678,3.648182692407932,6.121971282923134
confirmation,C3/step500,16,second_half_queries,19200,0.36140774237853074,0,0.6467577715714773,12.10228315644808,19200,0.6325908566077608,0,5.1977233513520495,3.064841543599127,3.648182692407932,6.194312732954708
confirmation,C3/step500,17,all_q_ge1,38100,0.3807387233582829,0,0.6332702998320262,12.164090592420603,38100,0.6402448571981575,0,5.202651590340901,2.9148422685561264,3.889034892770476,6.170756552686628
confirmation,C3/step500,17,second_half_queries,19200,0.3953094193976733,0,0.5974922559658686,11.392908479840209,19200,0.5598558400531194,0,5.197507529874112,2.6417569880866463,3.889034892770476,6.260589759579557
confirmation,C3/step500,18,all_q_ge1,38100,0.3741045135946584,0,0.6861211715141932,15.133889310153371,38100,0.7341044758340046,0,5.38669545871185,3.5090721457103013,3.979845424579162,6.427558840886788
confirmation,C3/step500,18,second_half_queries,19200,0.38488633786176896,0,0.6459199792146683,13.902533752201887,19200,0.6423839992280141,0,5.347894982577808,3.187859302111642,3.979845424579162,6.4792168297456865
confirmation,C3/step500,19,all_q_ge1,38100,0.353152957721374,0,0.720226411819458,13.745221613841057,38100,0.7456379352919181,0,4.97422775742576,3.553227404417042,3.992070331611498,6.078265654037323
confirmation,C3/step500,19,second_half_queries,19200,0.35965583117384897,0,0.6860248774290085,12.746886019543416,19200,0.665678171076031,0,4.9171789376779005,3.288200729496717,3.992070331611498,6.134895197224711
confirmation,C3/step500,2,all_q_ge1,38100,0.6078835776641125,0,0.04545201242590944,2.142542559545662,38100,0.05531826655931603,0,5.313330502781137,0.3489965413589017,7.606321626306332,9.039016930383992
confirmation,C3/step500,2,second_half_queries,19200,0.6620518000259149,0,0.005986410495825112,0.5000216842969151,19200,0.019071289898307395,0,5.071665023559179,0.05681478117823872,7.606321626306332,10.026471020436393
confirmation,C3/step500,20,all_q_ge1,38100,0.3501663181938977,0,0.70599052131176,13.725199739397189,38100,0.8445808205020704,0,4.982947857045664,3.6171347985826943,3.914382434147918,6.092983762093653
confirmation,C3/step500,20,second_half_queries,19200,0.3592908413160424,0,0.6633150867621104,12.750201794945202,19200,0.7585797250076391,0,4.95755120414972,3.312170444439206,3.914382434147918,6.161357313365054
confirmation,C3/step500,21,all_q_ge1,38100,0.3650698268408052,0,0.6315399777889251,12.735755504800816,38100,0.6948237974263924,0,4.948407973753465,3.209259671168924,4.283544198153492,6.2238554975271345
confirmation,C3/step500,21,second_half_queries,19200,0.3772612094697858,0,0.5831316538651784,11.641210317089575,19200,0.5942170072377888,0,4.941814541185329,2.8765542674228373,4.283544198153492,6.327429148282503
confirmation,C3/step500,22,all_q_ge1,38100,0.4246221541908266,0,0.3913363383213679,10.987394885673922,38100,0.4922190869395997,0,5.484014794703462,2.3067373708126064,5.370905430910597,7.45432440824376
confirmation,C3/step500,22,second_half_queries,19200,0.4515458919852672,0,0.3335555146634579,9.621614564319675,19200,0.4174365822272998,0,5.473937488495416,1.9169364629230463,5.370905430910597,7.618009735080213
confirmation,C3/step500,23,all_q_ge1,38100,0.6450573284463156,0,0.06409353035812576,3.712628632035854,38100,0.12187024842503075,0,6.190946861974599,0.4802001310503178,6.9195344319571115,9.057447406655996
confirmation,C3/step500,23,second_half_queries,19200,0.6845513226331209,0,0.028154564424573134,1.935370218589926,19200,0.0638158393361666,0,6.0808477498107445,0.20508910394961066,6.9195344319571115,9.118137103312794
confirmation,C3/step500,3,all_q_ge1,38100,0.7524142958889108,0,0.03959581507990757,2.8741397747642186,38100,0.07807177393966044,0,7.1749802710794786,0.3543826120197739,7.030768565732303,10.057306103483171
confirmation,C3/step500,3,second_half_queries,19200,0.8165746257963823,0,0.009096752744129239,1.1843164879036223,19200,0.0351844362912692,0,7.256312066031695,0.09664370321467054,7.030768565732303,10.910623577910005
confirmation,C3/step500,4,all_q_ge1,38100,0.7993710221964143,0,0.0988232800612847,8.500255689646234,38100,0.2597647415945993,0,7.326277499875855,0.8900155260265887,6.7724303489314455,10.186471203811893
confirmation,C3/step500,4,second_half_queries,19200,0.8913163247711353,0,0.050399615739782654,6.531605841660547,19200,0.19087239239236312,0,7.552584040715554,0.4941453120273068,6.7724303489314455,11.009202893626815
confirmation,C3/step500,5,all_q_ge1,38100,0.5976393125879561,0,0.22568941881259283,12.299133643629995,38100,0.3987919927650738,0,7.403621764761579,1.7728791512305513,5.2701410385807,9.4033460453177
confirmation,C3/step500,5,second_half_queries,19200,0.6733458788181358,0,0.15198641076683997,10.719658740045025,19200,0.3239977394367534,0,7.575853625592126,1.3068658219950167,5.2701410385807,9.91374514503073
confirmation,C3/step500,6,all_q_ge1,38100,0.48109989018341287,0,0.35144009739160537,17.0973774704311,38100,0.5820775980350966,0,7.4052957145037865,2.5735512466406782,4.810196064053457,8.90666925968277
confirmation,C3/step500,6,second_half_queries,19200,0.515974712642749,0,0.2934150696794192,15.447046324030177,19200,0.5075325069994647,0,7.406410426547037,2.1162781700353737,4.810196064053457,9.094300841626165
confirmation,C3/step500,7,all_q_ge1,38100,0.4556269481458842,0,0.48319586892922717,20.380618208126073,38100,0.7242891845664473,0,7.242481709163664,3.2908975720611,4.288725524764761,8.548636767729173
confirmation,C3/step500,7,second_half_queries,19200,0.47845075200520276,0,0.44152120222647984,19.317075781177035,19200,0.6540603978576819,0,7.275331893546346,2.9521348599680564,4.288725524764761,8.66765517435348
confirmation,C3/step500,8,all_q_ge1,38100,0.42444164619190955,0,0.44318811972935995,12.568254120372863,38100,0.46613032997710124,0,6.738125405869917,2.4192103558155162,4.190262976545009,7.765026483612089
confirmation,C3/step500,8,second_half_queries,19200,0.4433967410389032,0,0.40317020495732625,11.324633635537682,19200,0.3973746877534013,0,6.7501670709257695,2.1144578930271027,4.190262976545009,7.884489301285467
confirmation,C3/step500,9,all_q_ge1,38100,0.447271428562415,0,0.4212115548054377,21.390536193376903,38100,0.7657840788191949,0,7.373679301041699,3.365015484156051,4.383942130524578,8.896111385502762
confirmation,C3/step500,9,second_half_queries,19200,0.4718266859718688,0,0.3762211529413859,20.478623792266184,19200,0.6974145335512115,0,7.407129171452736,3.0180817521720944,4.383942130524578,9.02958234928018
confirmation,C5/step10000,0,all_q_ge1,38100,0.6010467120498738,0,0.013354886310795943,0.6645836849180503,38100,0.012103766189251124,0,5.132245203029516,0.07952584080216896,6.900430049224626,8.235927811003165
confirmation,C5/step10000,0,second_half_queries,19200,0.6286482498161687,0,0.004128275444575896,0.22942279411980246,19200,0.00435700345118905,0,4.996208052619356,0.022912582568508044,6.900430049224626,8.274699331282243
confirmation,C5/step10000,1,all_q_ge1,38100,0.6309628604553635,0,0.052103230903546016,1.621909146690748,38100,0.09301521886232385,0,1.133211069338249,0.13667952407625839,2.495026313400483,2.733816266126593
confirmation,C5/step10000,1,second_half_queries,19200,0.7306811626656956,0,0.02235786620217065,1.0919652106853093,19200,0.07233912713883496,0,1.0700973036266521,0.06455750530527718,2.495026313400483,2.830791783318775
confirmation,C5/step10000,10,all_q_ge1,38100,0.710619667347785,0,0.03929484623173873,1.2015674187483043,38100,0.0866748730384499,0,2.6963599542682095,0.15518493039808548,2.218327316713688,3.593939022370065
confirmation,C5/step10000,10,second_half_queries,19200,0.7837623972439929,0,0.00478814986301586,0.1694524117158632,19200,0.012614422593371297,0,2.544490300105471,0.012596826190539404,2.218327316713688,3.4664149287238497
confirmation,C5/step10000,11,all_q_ge1,38100,0.7153640925235469,0,0.05754983556146423,1.981401047043535,38100,0.14324660645357057,0,2.782329566129491,0.23287461805146636,2.0786414463847156,3.6215025387451285
confirmation,C5/step10000,11,second_half_queries,19200,0.7896467370926836,0,0.008906461998509864,0.3762943988139016,19200,0.02694086961468811,0,2.6288863606914283,0.026878763626875173,2.0786414463847156,3.4779897471128383
confirmation,C5/step10000,12,all_q_ge1,38100,0.7592078925260468,0,0.11382697770992915,6.747397664972446,38100,0.4881513070088781,0,3.0056601561978487,0.49349614933832636,1.9111775468858576,3.7001484901249677
confirmation,C5/step10000,12,second_half_queries,19200,0.8633495728593203,0,0.04767727048446735,4.309655781514824,19200,0.2972160055628496,0,2.8361443572052276,0.19644803482910592,1.9111775468858576,3.558550973824854
confirmation,C5/step10000,13,all_q_ge1,38100,0.6681059181886074,0,0.14579612446328005,7.7005290034125675,38100,0.5500553179411213,0,3.0678125295296024,0.6014100888343845,1.7448479331748084,3.6347124884984905
confirmation,C5/step10000,13,second_half_queries,19200,0.7531448683434276,0,0.06883497222016255,4.7584733596448325,19200,0.31099561920579694,0,2.8967588348494053,0.2568376053199139,1.7448479331748084,3.4707346135011017
confirmation,C5/step10000,14,all_q_ge1,38100,0.5084297862700535,0,0.10323543259253104,2.7501033639689396,38100,0.19920692359760664,0,3.057743615711576,0.37672063174338893,1.8013458731000438,3.646266031007635
confirmation,C5/step10000,14,second_half_queries,19200,0.5709207595595553,0,0.029323107260279358,0.8582472031893059,19200,0.05389539771183658,0,2.9434988911951576,0.08268786476343334,1.8013458731000438,3.535582160250041
confirmation,C5/step10000,15,all_q_ge1,38100,0.5242584347285749,0,0.10111017821977536,3.081939401381396,38100,0.18450350364193088,0,3.431572780228124,0.39023972634336757,1.9413707785742262,4.059597595992918
confirmation,C5/step10000,15,second_half_queries,19200,0.599004746078332,0,0.032175537939183416,1.0705975766990674,19200,0.053191919503361086,0,3.3499565399201385,0.09471261741389374,1.9413707785742262,3.9889108403339235
confirmation,C5/step10000,16,all_q_ge1,38100,0.5338285161767102,0,0.12795630848656098,4.214011866352115,38100,0.2292327645212166,0,3.506599720649155,0.4930776592903527,1.9581809298933073,4.106776184906332
confirmation,C5/step10000,16,second_half_queries,19200,0.6092708325221072,0,0.054646019799013935,2.1023432012198495,19200,0.09975095271885656,0,3.3897968134212326,0.1757809718974744,1.9581809298933073,4.011859627167201
confirmation,C5/step10000,17,all_q_ge1,38100,0.4928336547753612,0,0.09226095587636034,2.465752345625009,38100,0.1347591593962659,0,3.5257228656139175,0.3495994588071424,2.0266825055874875,4.147422629065577
confirmation,C5/step10000,17,second_half_queries,19200,0.55783678546296,0,0.023584719316568227,0.7465882841593435,19200,0.033603915710885654,0,3.45367480685362,0.07375049849498141,2.0266825055874875,4.094093105481776
confirmation,C5/step10000,18,all_q_ge1,38100,0.4479358021560933,0,0.12064930799106757,3.197613054699933,38100,0.192632584671413,0,3.2656031370075143,0.45271157135979956,2.1214871690970836,3.958198167200401
confirmation,C5/step10000,18,second_half_queries,19200,0.4992034996870701,0,0.043891429410626494,1.3161432235130497,19200,0.06823161692246778,0,3.1794235898023278,0.1425319234630583,2.1214871690970836,3.8883754809034206
confirmation,C5/step10000,19,all_q_ge1,38100,0.44651641647170365,0,0.1182321447506547,3.4286880166316083,38100,0.18209387675932512,0,3.48974406556609,0.4666057756781681,2.393331515346871,4.310744019038341
confirmation,C5/step10000,19,second_half_queries,19200,0.4926640189585915,0,0.04595489432569593,1.505912780833678,19200,0.07156673152866815,0,3.4323935624700854,0.16384338124634912,2.393331515346871,4.299401964551604
confirmation,C5/step10000,2,all_q_ge1,38100,0.706413174010391,0,0.060884790209432445,2.0312383563765652,38100,0.21314813463999596,0,1.026594827872116,0.1604536780370243,2.202759167536151,2.52833985303813
confirmation,C5/step10000,2,second_half_queries,19200,0.8054418837389954,0,0.03464197457457582,1.810495380006702,19200,0.19657280807684308,0,0.9821820646229333,0.10121573512398778,2.202759167536151,2.592084086304568
confirmation,C5/step10000,20,all_q_ge1,38100,0.4544713682020138,0,0.09748870321859916,2.9612653227775367,38100,0.15061302649469377,0,3.630025138362102,0.398238694489675,2.7764670096821074,4.648808057958268
confirmation,C5/step10000,20,second_half_queries,19200,0.4973206286582211,0,0.04285174206985782,1.443698550624338,19200,0.07042148930695107,0,3.5910464954106485,0.16011773687316228,2.7764670096821074,4.659291378737997
confirmation,C5/step10000,21,all_q_ge1,38100,0.49094775960437076,0,0.07762201180060704,2.9621769448128132,38100,0.12424018164396361,0,3.984742776313245,0.34946424499214307,3.4540242673901957,5.318795310751431
confirmation,C5/step10000,21,second_half_queries,19200,0.5403478508711004,0,0.034413845012895766,1.5646134564768455,19200,0.06444135338239691,0,3.9873301896750455,0.14397009140464034,3.4540242673901957,5.399387717906693
confirmation,C5/step10000,22,all_q_ge1,38100,0.5548740174392547,0,0.07033322242399057,3.7853560046009753,38100,0.147164091555487,0,3.9247865553213113,0.3407188713211372,4.070004540201315,5.641923576503813
confirmation,C5/step10000,22,second_half_queries,19200,0.6045007480679759,0,0.042787839793600145,2.8333591624416057,19200,0.11442784502658554,0,3.895773077185742,0.20232068486988042,4.070004540201315,5.707554667204999
confirmation,C5/step10000,23,all_q_ge1,38100,0.5532688749360556,0,0.038414602316915986,1.7214038861210637,38100,0.05809049811036851,0,4.075202476578822,0.18787980896190992,4.627632592246926,6.017845152296118
confirmation,C5/step10000,23,second_half_queries,19200,0.5926443635027437,0,0.017011779717480142,0.8651799554290382,19200,0.03143540079889698,0,4.02277906181958,0.0801261777852736,4.627632592246926,6.082762397475862
confirmation,C5/step10000,3,all_q_ge1,38100,0.7443683639428473,0,0.04599657618130247,1.4075969430950979,38100,0.15132359601386614,0,1.1410588981946983,0.11920143954163845,2.073921596900072,2.44065307538198
confirmation,C5/step10000,3,second_half_queries,19200,0.8438583923567772,0,0.02244358146873613,1.1088614869014524,19200,0.1381431147676835,0,1.0842388606907367,0.0597941595877879,2.073921596900072,2.4644105524339164
confirmation,C5/step10000,4,all_q_ge1,38100,0.6435768789009969,0,0.042971172866721946,0.9857973967799213,38100,0.11365204145171569,0,1.1772551485882168,0.11134053341601712,1.996136600659963,2.378984206755352
confirmation,C5/step10000,4,second_half_queries,19200,0.7208527308164643,0,0.012840083244567117,0.3632073557031647,19200,0.04944859735154233,0,1.0984886204829278,0.029553755447437963,1.996136600659963,2.3597906732099463
confirmation,C5/step10000,5,all_q_ge1,38100,0.7259185960810235,0,0.04021928655604522,1.0785153194390957,38100,0.11540080456707916,0,1.299496781162819,0.11279018019083507,2.026624078485611,2.4671981990696965
confirmation,C5/step10000,5,second_half_queries,19200,0.8108714816280904,0,0.009833266586841395,0.3590018008421328,19200,0.045336433077620975,0,1.2205174344555807,0.025011170860913673,2.026624078485611,2.4447570607760514
confirmation,C5/step10000,6,all_q_ge1,38100,0.721280853506728,0,0.029945191623022158,0.8685120626464006,38100,0.08454729553005738,0,1.5065836835342161,0.09635135716188553,2.092121189546196,2.633154016158926
confirmation,C5/step10000,6,second_half_queries,19200,0.8082130815381343,0,0.003907254274236038,0.14486683983771034,19200,0.016557074002820724,0,1.421313691537148,0.00980348620131392,2.092121189546196,2.6014361302660736
confirmation,C5/step10000,7,all_q_ge1,38100,0.7029205930156932,0,0.028743791620557506,0.8842056816649321,38100,0.08089106620863547,0,1.6713198008999541,0.10143968413145948,2.18481222058921,2.8124564189881287
confirmation,C5/step10000,7,second_half_queries,19200,0.7803788455634213,0,0.00217243503643355,0.07374800915951776,19200,0.00807154375574255,0,1.574670246005823,0.005417546922463352,2.18481222058921,2.7564185089950946
confirmation,C5/step10000,8,all_q_ge1,38100,0.823804117337353,0,0.02697674504791697,0.8300327086901197,38100,0.07146263438442908,0,1.9929724952337429,0.1020115450327103,2.207291730023233,3.0349704545915004
confirmation,C5/step10000,8,second_half_queries,19200,0.9162316215482955,0,0.0019577819770590092,0.07801338150657587,19200,0.007180472272047022,0,1.8979411195601816,0.005032622583914473,2.207291730023233,2.9745056124410136
confirmation,C5/step10000,9,all_q_ge1,38099,0.7692131525623163,0,0.030844656405970453,0.9652858408649837,38100,0.06746150919140338,1,2.5099934886341657,0.12261155475122601,2.3978403416570773,3.5621100766433367
confirmation,C5/step10000,9,second_half_queries,19199,0.8702776754547247,0,0.002341174549655989,0.0892721329010513,19200,0.006511789696692761,1,2.393340218637259,0.006086453043603677,2.3978403416570773,3.476680416429848
confirmation,C5/step2000,0,all_q_ge1,38100,0.6148304872603125,0,0.014530021018969516,0.9108330293481319,38100,0.015226642723010362,0,6.68889685733918,0.1137774133832001,8.96817998786905,11.028159392467222
confirmation,C5/step2000,0,second_half_queries,19200,0.6292459272890647,0,0.004700045343100404,0.3040687927868864,19200,0.005169179272633661,0,6.536591205060252,0.03396577264468763,8.96817998786905,11.063031475551991
confirmation,C5/step2000,1,all_q_ge1,38100,0.7405382949526467,0,0.0534120524302125,4.244263666282529,38100,0.07875330081348068,0,3.759938798609701,0.360514571054611,6.594691405764529,7.236925907157047
confirmation,C5/step2000,1,second_half_queries,19200,0.7874347820207646,0,0.028999922207246225,3.397278297712355,19200,0.0652217508257952,0,3.6386836671469434,0.23619362716975478,6.594691405764529,7.80889556940594
confirmation,C5/step2000,10,all_q_ge1,38100,0.7826957262045955,0,0.019684582750002542,1.3428975918927064,38100,0.038713792981757436,0,5.498062687724998,0.14094055380575785,5.378227002825248,7.8004495668701415
confirmation,C5/step2000,10,second_half_queries,19200,0.8412031126293202,0,0.000866202583614116,0.07738491951194572,19200,0.002224223334762619,0,5.4195827252197075,0.00485862598229076,5.378227002825248,7.836549578201871
confirmation,C5/step2000,11,all_q_ge1,38100,0.7970091490695841,0,0.024788911258801817,1.6971751892234668,38100,0.04568837967734745,0,5.813658240697792,0.17756604217088637,5.802629418156442,8.36051948062708
confirmation,C5/step2000,11,second_half_queries,19200,0.8758511455006491,0,0.0016039197662030347,0.1541228586661235,19200,0.004446380822082318,0,5.7839622436700715,0.009945443409906732,5.802629418156442,8.521232573053888
confirmation,C5/step2000,12,all_q_ge1,38100,0.7080432773212196,0,0.034839126185203594,2.7352634100491464,38100,0.08044846845971536,0,5.585729726503773,0.25068920758080343,5.559543348970476,7.940650131161666
confirmation,C5/step2000,12,second_half_queries,19200,0.7723197344494376,0,0.004446957333711908,0.45647194402413654,19200,0.013119945053994008,0,5.585411260930364,0.029087321022463693,5.559543348970476,8.100030176472094
confirmation,C5/step2000,13,all_q_ge1,38100,0.6993386098549308,0,0.04268246995906035,3.911673082259955,38100,0.11958157132373953,0,5.4508668891914756,0.31566884542277235,5.499048013202141,7.773715004215969
confirmation,C5/step2000,13,second_half_queries,19200,0.7398709490613955,0,0.005945115584957724,0.7655518534195306,19200,0.022753435621373275,0,5.456983196562934,0.04312716448043263,5.499048013202141,7.918824793118714
confirmation,C5/step2000,14,all_q_ge1,38100,0.6238469053093,0,0.03557806789254149,2.0511759467562385,38100,0.06812666712800657,0,5.358125591617593,0.233115950002555,5.284358374300021,7.567194148737138
confirmation,C5/step2000,14,second_half_queries,19200,0.6854653677791586,0,0.004001702815973355,0.3372235432406193,19200,0.010368290391959013,0,5.396005205581014,0.0246737678274315,5.284358374300021,7.708516580652788
confirmation,C5/step2000,15,all_q_ge1,38100,0.6463401424303611,0,0.0361228702403605,2.287270643027954,38100,0.06380374040547059,0,5.931439214527841,0.24769288282865534,5.742234791287953,8.277465761765173
confirmation,C5/step2000,15,second_half_queries,19200,0.7171314748386803,0,0.004838392750437682,0.4143533898122734,19200,0.010651338952115253,0,6.017134688341987,0.030472146846128492,5.742234791287953,8.504193658855671
confirmation,C5/step2000,16,all_q_ge1,38100,0.6455716029424459,0,0.0407815628995498,2.870158841189459,38100,0.07864115365969192,0,5.864123859041413,0.28915795287633644,5.905488119348503,8.269001205098633
confirmation,C5/step2000,16,second_half_queries,19200,0.7058414819456232,0,0.006776683105854318,0.6817991592056086,19200,0.018186110226978285,0,5.900989820961698,0.046564813901769406,5.905488119348503,8.46360594213239
confirmation,C5/step2000,17,all_q_ge1,38100,0.6197968405998463,0,0.03583560787451764,2.2236873863848423,38100,0.060393276360865215,0,5.7700515974269075,0.23991572559373606,5.7434296580448,8.044920623599339
confirmation,C5/step2000,17,second_half_queries,19200,0.6752318453624523,0,0.004987530750222504,0.4296695178272821,19200,0.011639972293689882,0,5.759542306053965,0.031168268449683546,5.7434296580448,8.247555566451366
confirmation,C5/step2000,18,all_q_ge1,38100,0.578648743946053,0,0.04561964256688952,2.6123804978291765,38100,0.07776552736827634,0,5.217758610409218,0.299153416629658,5.697549441360846,7.57618286798843
confirmation,C5/step2000,18,second_half_queries,19200,0.6278205123420558,0,0.010347156366527391,0.7504272118833584,19200,0.021880599565395648,0,5.150439492863418,0.06454932181794595,5.697549441360846,7.707735499014738
confirmation,C5/step2000,19,all_q_ge1,38100,0.5832308410274097,0,0.04255877692873279,2.64203113518591,38100,0.07313049914511016,0,5.597764033867431,0.28686014947070915,5.934740405233731,7.949011045792645
confirmation,C5/step2000,19,second_half_queries,19200,0.6259259950998352,0,0.01001365488783146,0.7923871033631839,19200,0.02047505366267043,0,5.5894590363169545,0.06525772802941371,5.934740405233731,8.125969475619936
confirmation,C5/step2000,2,all_q_ge1,38100,0.7711246107865309,0,0.03485612366658946,2.3202681037601254,38100,0.06415719843705234,0,3.1163380409444965,0.20267034786091842,5.846721910405675,6.613394996873579
confirmation,C5/step2000,2,second_half_queries,19200,0.8423167516372994,0,0.011410617037521054,1.6607921361514817,19200,0.053062494856740014,0,3.0669973351761226,0.09302922199831767,5.846721910405675,7.263289284614164
confirmation,C5/step2000,20,all_q_ge1,38100,0.5832632450223683,0,0.04019692614364127,2.3169570847245624,38100,0.06604983545820102,0,5.379301926714143,0.26095893790800234,5.794363659841204,7.640906917329093
confirmation,C5/step2000,20,second_half_queries,19200,0.6270735687388789,0,0.010794930083599562,0.797213083980845,19200,0.02208381295885255,0,5.34019854127931,0.06801189645847393,5.794363659841204,7.799399562097743
confirmation,C5/step2000,21,all_q_ge1,38100,0.6252969368986279,0,0.041279272033522524,2.5690540634571892,38100,0.07047931713615994,0,5.599204948849319,0.26959849411104253,6.180643306227739,7.973161906034933
confirmation,C5/step2000,21,second_half_queries,19200,0.6734812292519003,0,0.015682414307569465,1.1762368230717273,19200,0.0324582256816073,0,5.554026276422073,0.09743012318350204,6.180643306227739,8.150484293435458
confirmation,C5/step2000,22,all_q_ge1,38100,0.6147213463645606,0,0.05340511905650298,3.0906729083847995,38100,0.085641557185963,0,5.282081417760081,0.327569687920397,5.848561110387904,7.494088468536249
confirmation,C5/step2000,22,second_half_queries,19200,0.66153045733016,0,0.026121074315160513,1.910585117100067,19200,0.05287609977592727,0,5.234011984403111,0.16179971634708812,5.848561110387904,7.660026662379383
confirmation,C5/step2000,23,all_q_ge1,38100,0.6186757192037704,0,0.036636319688210885,1.946614518719437,38100,0.055658928178681184,0,4.953672131198033,0.2158607228691633,5.938770084661287,7.15292799720501
confirmation,C5/step2000,23,second_half_queries,19200,0.6566665622839857,0,0.012868176266395798,0.855260607513815,19200,0.025791567573886866,0,4.888896068213411,0.07667380921228524,5.938770084661287,7.3665848309979225
confirmation,C5/step2000,3,all_q_ge1,38100,0.7862252939442398,0,0.028830429386968413,1.7380167287005523,38100,0.05434641142583891,0,3.5413435560182203,0.1611150581575872,5.510588316214038,6.579588812207699
confirmation,C5/step2000,3,second_half_queries,19200,0.8429095847660271,0,0.00789226334852477,0.9534449315239963,19200,0.03524922988560801,0,3.5016978619392405,0.05458685046385757,5.510588316214038,7.137955689122469
confirmation,C5/step2000,4,all_q_ge1,38100,0.780592812913552,0,0.021246324672053257,1.178912533449017,38100,0.037819070494810834,0,3.628613769757036,0.11533632313746806,5.1784495705990805,6.372919395858964
confirmation,C5/step2000,4,second_half_queries,19200,0.8473032233588437,0,0.0032635371910873802,0.40890278541712516,19200,0.016175937155197846,0,3.5400208277581715,0.020993383594922227,5.1784495705990805,6.816752534025265
confirmation,C5/step2000,5,all_q_ge1,38100,0.8090830163215039,0,0.021103620945165553,1.3809151565007216,38100,0.043530669515621456,0,3.8224645240692112,0.1258107665388547,5.092104592913192,6.367142024788973
confirmation,C5/step2000,5,second_half_queries,19200,0.8720521855199755,0,0.0027694985018266987,0.38590119338504464,19200,0.015035059457562021,0,3.74127699519445,0.019737823890807842,5.092104592913192,6.7045078495143455
confirmation,C5/step2000,6,all_q_ge1,38100,0.8343749217060448,0,0.01702836824891468,1.128652365084238,38100,0.03844100753997091,0,4.128487410320746,0.10800794673726961,4.883492229705283,6.424637966884322
confirmation,C5/step2000,6,second_half_queries,19200,0.8948270271704261,0,0.001873808952126031,0.17389891496183751,19200,0.006636363874491769,0,4.045285026775729,0.009974832065579668,4.883492229705283,6.584061210366641
confirmation,C5/step2000,7,all_q_ge1,38100,0.8924143992351912,0,0.015755248847417535,1.0979722913819152,38100,0.036666108875036914,0,4.4185038218285815,0.10567310296824509,4.856767535311352,6.566350516394358
confirmation,C5/step2000,7,second_half_queries,19200,0.9660730297011181,0,0.000991557555195565,0.08686714062648891,19200,0.003135242120946196,0,4.3571912059569105,0.005146255591784902,4.856767535311352,6.668745154595024
confirmation,C5/step2000,8,all_q_ge1,38100,0.9041358917227807,0,0.014589697724829117,1.0394694790863201,38100,0.03135837497391364,0,4.93336284044831,0.10202125341545325,4.987324096904141,6.996241472349299
confirmation,C5/step2000,8,second_half_queries,19200,0.9616372582723759,0,0.0006547208619304001,0.06173810148257262,19200,0.002159825010071687,0,4.857417336327482,0.003563651258692389,4.987324096904141,7.097211304054973
confirmation,C5/step2000,9,all_q_ge1,35894,0.865747786910528,0,0.017790198666043578,1.4002676410511,38100,0.036873098554012954,2206,5.484007791711588,0.13027653011204846,5.506706486427228,7.800448452943061
confirmation,C5/step2000,9,second_half_queries,17049,0.9436291521253153,0,0.001593056489606776,0.1749278779870058,19200,0.00509053039867253,2151,5.414139952987869,0.009788276517546744,5.506706486427228,7.8824056780904534
confirmation,C5/step500,0,all_q_ge1,38100,0.4566686609069894,0,0.03350985713923971,1.037706078408712,38100,0.08677060391468079,0,2.505176284505554,0.21573346202232863,5.836851861859437,6.424984798259536
confirmation,C5/step500,0,second_half_queries,19200,0.4720528455810169,0,0.013889566476767262,0.44016893643663263,19200,0.047796828010713235,0,2.1094538271279215,0.08065921840707321,5.836851861859437,6.273984584489894
confirmation,C5/step500,1,all_q_ge1,38100,0.5266933317683242,0,0.05383226967106263,1.9302109192464452,38100,0.10279887842600086,0,3.544486977118358,0.34109472590069984,6.453034121676202,6.812659795311822
confirmation,C5/step500,1,second_half_queries,19200,0.5671780496339817,0,0.022856312387933335,1.209204944099083,19200,0.0793861676117976,0,3.3055200311514046,0.1764973536022574,6.453034121676202,7.346933194309374
confirmation,C5/step500,10,all_q_ge1,38100,0.7361261299553724,0,0.01885076183825731,0.7997292279086131,38100,0.027264892490516886,0,6.735637122309922,0.11673856226022157,6.494928091837862,8.70447358630238
confirmation,C5/step500,10,second_half_queries,19200,0.7964318893716841,0,0.0015906441440650572,0.0901011561162314,19200,0.0029037810078686305,0,6.807152320945626,0.00864975029425851,6.494928091837862,9.195435456616833
confirmation,C5/step500,11,all_q_ge1,38100,0.7689114047263681,0,0.01805271958000958,0.8452999602861896,38100,0.02539853808856303,0,7.0391585458291885,0.12196892207887719,7.174820014448923,9.40930180623791
confirmation,C5/step500,11,second_half_queries,19200,0.8717496141929756,0,0.0013191023315691078,0.08338284928578941,19200,0.002430940960497956,0,7.076789780356576,0.007764174943270833,7.174820014448923,9.991053674335031
confirmation,C5/step500,12,all_q_ge1,38100,0.621813054675668,0,0.021458510433634122,0.8722667215544222,38100,0.03213882255892062,0,5.929382955962089,0.1365014048184083,6.706897695677202,8.278462595612798
confirmation,C5/step500,12,second_half_queries,19200,0.6841457305925871,0,0.003311052863330891,0.15883743527083194,19200,0.005747516540451704,0,5.923698945088704,0.01920198997439493,6.706897695677202,8.699784584248802
confirmation,C5/step500,13,all_q_ge1,38100,0.6090993499661199,0,0.024659823238228757,0.9735437123999489,38100,0.037059955669999124,0,5.618917969302931,0.15176501300879977,6.568016475431023,7.973781825062719
confirmation,C5/step500,13,second_half_queries,19200,0.6533015170402817,0,0.0038355153899950287,0.17622706527771514,19200,0.006954103392701142,0,5.5536081733841085,0.02208045725861867,6.568016475431023,8.379999001314275
confirmation,C5/step500,14,all_q_ge1,38100,0.5894157544403162,0,0.02482785167482992,0.9528683170325881,38100,0.03802045730609897,0,5.3593253928868405,0.15293504579918593,6.621990854674596,7.805170770613831
confirmation,C5/step500,14,second_half_queries,19200,0.6286751225952035,0,0.004503154246291766,0.206936990286189,19200,0.009044754688627062,0,5.199751105952354,0.026143692884631437,6.621990854674596,8.095926883946028
confirmation,C5/step500,15,all_q_ge1,38100,0.6194514729929979,0,0.02310095127671957,0.9332080536316503,38100,0.03393403934937306,0,5.823678359679996,0.14357086085660944,6.7083394118168105,8.156536736425426
confirmation,C5/step500,15,second_half_queries,19200,0.6622897793395559,0,0.003781048433156684,0.1740361354675501,19200,0.006282289326863066,0,5.737458842151014,0.021007003740637957,6.7083394118168105,8.461708620709244
confirmation,C5/step500,16,all_q_ge1,38100,0.586962107692836,0,0.025004205411920943,0.9426980448855656,38100,0.03929208700632522,0,5.2029254456035465,0.14877148588093664,6.326094350756247,7.410434912311493
confirmation,C5/step500,16,second_half_queries,19200,0.6203515166187255,0,0.00513377303412805,0.2065977415530928,19200,0.0087855040853948,0,5.099439011017666,0.027549806442383976,6.326094350756247,7.662086323072106
confirmation,C5/step500,17,all_q_ge1,38100,0.5782137027656377,0,0.02572369983419776,1.0630157104255091,38100,0.04190302405063778,0,5.367512360205386,0.15920632363989604,6.516097897601004,7.659879473628796
confirmation,C5/step500,17,second_half_queries,19200,0.6154668168061398,0,0.005457329407023887,0.275133229786386,19200,0.010595533689579738,0,5.339099523264923,0.03257356997468005,6.516097897601004,7.971528629751461
confirmation,C5/step500,18,all_q_ge1,38100,0.5335891936694281,0,0.029937901934608817,0.9922961123867041,38100,0.04731063582771898,0,4.510288556339615,0.16823366820142627,5.985692284523795,6.618724660947855
confirmation,C5/step500,18,second_half_queries,19200,0.56037864564631,0,0.00778117438700671,0.3297369311258615,19200,0.015559485994906218,0,4.429424883846828,0.04412151242894981,5.985692284523795,6.837749061359952
confirmation,C5/step500,19,all_q_ge1,38100,0.5225651322884405,0,0.03231732645072043,1.2145211919217682,38100,0.05584346814689046,0,4.652945991489208,0.184144499389304,5.880365660955804,6.681633560645132
confirmation,C5/step500,19,second_half_queries,19200,0.5391194414863457,0,0.00840463262749836,0.4115339093555457,19200,0.0175119419589701,0,4.634253899375727,0.04938252064333594,5.880365660955804,6.945850033715947
confirmation,C5/step500,2,all_q_ge1,38100,0.6231344014425151,0,0.05411292434980472,2.477648307889823,38100,0.09491165051370376,0,4.3662640081339505,0.36626736117972575,7.829312479594339,8.223158066163155
confirmation,C5/step500,2,second_half_queries,19200,0.6924719477389143,0,0.02106633548003932,1.8034753808695787,19200,0.09794094398227036,0,3.9087307319807953,0.19283005321668434,7.829312479594339,9.41028577140684
confirmation,C5/step500,20,all_q_ge1,38100,0.5190316322961275,0,0.03001093804836273,1.0130180533494704,38100,0.049645140792091626,0,4.418525382117385,0.16347722413432159,5.736755405979122,6.370432250383178
confirmation,C5/step500,20,second_half_queries,19200,0.5365451522005112,0,0.008067172913967321,0.3355718278697897,19200,0.015661846243629585,0,4.387921734174825,0.04475952302033727,5.736755405979122,6.601643595876286
confirmation,C5/step500,21,all_q_ge1,38100,0.516915393652473,0,0.026620391889785728,0.8545249616765492,38100,0.04326308600788827,0,4.478476530196391,0.14358730187442661,5.704887028905952,6.416032876757758
confirmation,C5/step500,21,second_half_queries,19200,0.5350162585917058,0,0.006759872909169644,0.27232599486988235,19200,0.012784445185271788,0,4.448015837588372,0.03703875545734108,5.704887028905952,6.616437193853637
confirmation,C5/step500,22,all_q_ge1,38100,0.5055731257793777,0,0.031375594803442555,0.9359672942220272,38100,0.048938274353345926,0,4.24884492353485,0.1632990566630558,5.595785028520059,6.032329291317286
confirmation,C5/step500,22,second_half_queries,19200,0.5263963467902265,0,0.010285029789277663,0.3768949763783043,19200,0.019552267373351213,0,4.171785969094303,0.05408965137194252,5.595785028520059,6.19203036851358
confirmation,C5/step500,23,all_q_ge1,38100,0.5296941522076465,0,0.02525938551252087,0.9296962405638255,38100,0.04245719258324196,0,4.651691559899612,0.14124940145511913,5.803619052146125,6.546234562162046
confirmation,C5/step500,23,second_half_queries,19200,0.5472635636342922,0,0.007138930687215179,0.2951299292400285,19200,0.013148752940810117,0,4.56382223135609,0.03756631803687466,5.803619052146125,6.705906576080407
confirmation,C5/step500,3,all_q_ge1,38100,0.7877824414933421,0,0.035727023339519895,1.9586510936773953,38100,0.05250935547151377,0,6.350600614519221,0.2510085696619518,8.760824993852005,9.886673769437477
confirmation,C5/step500,3,second_half_queries,19200,0.8883534767564069,0,0.009726429513345161,1.2743591070118876,19200,0.046825270223936226,0,5.9146514547261395,0.10308341869356474,8.760824993852005,11.374132595233103
confirmation,C5/step500,4,all_q_ge1,38100,0.7430741792515033,0,0.0309866715533038,1.3023327548095038,38100,0.031103091834695874,0,6.469713653705854,0.1884943301882605,8.565810518945412,9.728950750360228
confirmation,C5/step500,4,second_half_queries,19200,0.8034229254506398,0,0.003405301251526301,0.3806814771970822,19200,0.013853002865069769,0,6.173211143412689,0.03476910770709041,8.565810518945412,11.427043346293546
confirmation,C5/step500,5,all_q_ge1,38100,0.8261946629459034,0,0.01969557712165018,1.0913140760512163,38100,0.027156211926028073,0,6.79619786508799,0.13267744214244928,8.172924139162353,9.863655383083644
confirmation,C5/step500,5,second_half_queries,19200,0.9302442673746563,0,0.003168852946255356,0.6963134332569172,19200,0.02135672132837751,0,6.756383235019763,0.0457589608103796,8.172924139162353,11.391867544229006
confirmation,C5/step500,6,all_q_ge1,38100,0.797680253111104,0,0.016387461284175515,0.5957011890568251,38100,0.020736801074559164,0,6.78615999535806,0.09163562509930111,6.086323462204014,8.621278668467289
confirmation,C5/step500,6,second_half_queries,19200,0.9054382560883224,0,0.0007695451132409896,0.05145318788186554,19200,0.0015623723573444431,0,7.081381576431664,0.004643134062926261,6.086323462204014,9.489240132998344
confirmation,C5/step500,7,all_q_ge1,38100,0.7608146888147724,0,0.015130428168922662,0.6164262540164867,38100,0.02303440947676613,0,6.768144819795061,0.08749897195735286,5.65452605690126,8.42522734460772
confirmation,C5/step500,7,second_half_queries,19200,0.8528555342544505,0,0.0012617776111195174,0.07387529892460011,19200,0.0020798338530781564,0,7.13204385475108,0.00672069838765861,5.65452605690126,9.108036741270075
confirmation,C5/step500,8,all_q_ge1,38100,0.8438130125773036,0,0.013609728316466013,0.596389341112369,38100,0.02100429955897224,0,7.159696882443909,0.08307287929985421,5.846069383140985,8.689936776770253
confirmation,C5/step500,8,second_half_queries,19200,0.9427567285031305,0,0.0008247431699419394,0.04642669226781407,19200,0.0012735691978141154,0,7.405419004779255,0.0041945711504747405,5.846069383140985,9.177054295609391
confirmation,C5/step500,9,all_q_ge1,37005,0.8478074078082776,0,0.013839943264611066,0.7648861213920602,38100,0.023380678623061906,1095,7.731343063180826,0.09507980035024056,6.3855503000616105,9.456729384437441
confirmation,C5/step500,9,second_half_queries,18110,0.9439181091427997,0,0.0016172709490638226,0.12899237276204714,19200,0.0033589140350390873,1090,7.974699791812507,0.009579771588191429,6.3855503000616105,10.00378948845665
confirmation,C6/step10000,0,all_q_ge1,38100,0.6524882913328737,0,0.012811724925413728,0.8448007243785988,38100,0.01415953857074273,0,6.332062478624104,0.09191714622068188,7.85504127847748,9.608281958990725
confirmation,C6/step10000,0,second_half_queries,19200,0.6845500046396392,0,0.0030623513143897677,0.2100099307368334,19200,0.0035737089212333688,0,6.24675808413947,0.018408811743349077,7.85504127847748,9.71667582913656
confirmation,C6/step10000,1,all_q_ge1,38100,0.5771281508945655,0,0.06084388791273038,1.5344885421165997,38100,0.092757749620505,0,1.2458596938092594,0.15996664804647723,2.2671113401535052,2.529545601016758
confirmation,C6/step10000,1,second_half_queries,19200,0.6671813370979962,0,0.023379692711556953,0.8201071320206944,19200,0.054830214389198675,0,1.1995746708696455,0.06522910363431754,2.2671113401535052,2.6034447941074497
confirmation,C6/step10000,10,all_q_ge1,38100,0.4174966173658361,0,0.5018316467603048,7.045253947218061,38100,0.5766530401428805,0,3.1841868590728786,1.4355861089031412,0.9046805428789867,3.3627680824706374
confirmation,C6/step10000,10,second_half_queries,19200,0.4330178373941418,0,0.46997054855028786,6.407575818686356,19200,0.4897988683575881,0,3.080580821772378,1.267435866479315,0.9046805428789867,3.257627464280901
confirmation,C6/step10000,11,all_q_ge1,38100,0.4207294661265891,0,0.512215673327446,9.174120672984404,38100,0.5646528330430471,0,3.758553658835171,1.6383423051028176,0.984170444924504,3.958049326898526
confirmation,C6/step10000,11,second_half_queries,19200,0.43436655235680016,0,0.4847586813569069,8.355101831613261,19200,0.4912767629718413,0,3.6242219964136932,1.4517163814730019,0.984170444924504,3.82538496126848
confirmation,C6/step10000,12,all_q_ge1,38100,0.3985092206247147,0,0.5697631434599558,10.606993692418111,38100,0.8826541102888613,0,3.4758989403244214,1.9079132086930344,0.976773992388638,3.7398327534604423
confirmation,C6/step10000,12,second_half_queries,19200,0.40026168147105007,0,0.5262226271629333,8.455021818181136,19200,0.6503723122140719,0,3.277264260150109,1.595119457160199,0.976773992388638,3.528517411658045
confirmation,C6/step10000,13,all_q_ge1,38100,0.37329970484859193,0,0.6106575363874436,14.491699390732656,38100,1.0350219691369487,0,4.196221204766728,2.4127403172321564,0.8377555338997621,4.3459661780078225
confirmation,C6/step10000,13,second_half_queries,19200,0.3792323072520556,0,0.566033819715182,12.548690026298084,19200,0.7968417434097489,0,4.0451955613612505,2.0890270670443303,0.8377555338997621,4.1870860385133515
confirmation,C6/step10000,14,all_q_ge1,38100,0.38539044416226353,0,0.5533681899309159,14.218722867606186,38100,0.9711781839838982,0,4.381823018635818,2.326384270004761,0.9151193251667995,4.550444457784583
confirmation,C6/step10000,14,second_half_queries,19200,0.3885546260596418,0,0.49873694707949956,11.65692342921993,19200,0.6887327942571972,0,4.232187256435927,1.9657667176239704,0.9151193251667995,4.401868344734714
confirmation,C6/step10000,15,all_q_ge1,38100,0.5028674763734251,0,0.5585415483514468,23.787857629920484,38100,1.5461382982533254,0,4.558041433554653,2.5824726253795203,1.0112497912640306,4.77494263294678
confirmation,C6/step10000,15,second_half_queries,19200,0.5194239582699502,0,0.5064959381024042,21.835371987832715,19200,1.2913063155145033,0,4.4340792592422105,2.263361893881487,1.0112497912640306,4.647538921705921
confirmation,C6/step10000,16,all_q_ge1,38100,0.3604551801009936,0,0.634414736032486,13.103233435833223,38100,0.9060451395611099,0,4.223673783483047,2.488092510339698,0.943483059461476,4.395696319024953
confirmation,C6/step10000,16,second_half_queries,19200,0.3636537695650158,0,0.5834271913766861,10.612493384740922,19200,0.6159461085162868,0,4.08062579195215,2.1333793514482986,0.943483059461476,4.260666636489175
confirmation,C6/step10000,17,all_q_ge1,38100,0.3535568563748759,0,0.5866831223169963,9.371875909194037,38100,0.5716846825299844,0,4.0293701287410855,2.049009624524081,0.8638508168019557,4.173518366258922
confirmation,C6/step10000,17,second_half_queries,19200,0.3691344000638016,0,0.5433634966611862,8.372579461825918,19200,0.45996426460367756,0,3.9303508375464054,1.799238370534018,0.8638508168019557,4.084720547194674
confirmation,C6/step10000,18,all_q_ge1,38100,0.3511344864041213,0,0.6557548920313517,14.071009971664735,38100,0.8741864672990197,0,4.57187045051281,2.6446794736274537,0.8962090025387793,4.698249896953317
confirmation,C6/step10000,18,second_half_queries,19200,0.35631903587107316,0,0.6022847751776378,11.637414168422286,19200,0.6245261557236436,0,4.451484041854209,2.2704825479735034,0.8962090025387793,4.590504000200872
confirmation,C6/step10000,19,all_q_ge1,38100,0.3335334589446133,0,0.6768157811959584,12.665051666273557,38100,0.9347601438479395,0,4.350327847083885,2.7880067088274267,0.9043772255635589,4.497839687905255
confirmation,C6/step10000,19,second_half_queries,19200,0.3470081593250894,0,0.6252580446004867,11.591469915577772,19200,0.7359652307633792,0,4.3018238375091045,2.511289876363573,0.9043772255635589,4.467527618133336
confirmation,C6/step10000,2,all_q_ge1,38100,0.6353953663593842,0,0.06299192139257988,1.9906313643282434,38100,0.173717295482431,0,1.433130302154817,0.19571354151476683,2.2318084551363757,2.679235164399141
confirmation,C6/step10000,2,second_half_queries,19200,0.7404175759113536,0,0.022203360830123225,1.1585913963906354,19200,0.10929807243558204,0,1.357651706577616,0.07161567330590528,2.2318084551363757,2.7321434475516257
confirmation,C6/step10000,20,all_q_ge1,38100,0.3508831120997907,0,0.664115075469017,12.531830637680818,38100,0.886106774842238,0,4.4048964860000765,2.5071591123428987,0.9773203156181514,4.522563872234195
confirmation,C6/step10000,20,second_half_queries,19200,0.360843700356207,0,0.6192708996931712,11.223021104313226,19200,0.7116920988846113,0,4.3700748829574385,2.2410357257659803,0.9773203156181514,4.498161318960673
confirmation,C6/step10000,21,all_q_ge1,38100,0.37094851346716656,0,0.5609669111172358,10.227614275441276,38100,0.4935214898362369,0,4.323905616427284,1.9993309074701293,1.5997318787945356,4.677822832682426
confirmation,C6/step10000,21,second_half_queries,19200,0.3851644446408904,0,0.5150499319036802,8.8462261260182,19200,0.4193464110363532,0,4.279521923872052,1.7396005711754017,1.5997318787945356,4.635930931017353
confirmation,C6/step10000,22,all_q_ge1,38100,0.4233352842258753,0,0.3675222769379616,9.420961948341718,38100,0.3784704083501143,0,4.554799449252566,1.5063966770146138,2.6788715520498148,5.3882915800193345
confirmation,C6/step10000,22,second_half_queries,19200,0.45275360286903726,0,0.30895076935489973,7.9315560008941866,19200,0.3085299549871495,0,4.600542879456135,1.227439917358644,2.6788715520498148,5.450911960988203
confirmation,C6/step10000,23,all_q_ge1,38100,0.5740327649532386,0,0.059093988612294195,3.1041369138666117,38100,0.09889382370282415,0,4.368080114674131,0.3151819741582346,4.627529904446996,6.290683418748404
confirmation,C6/step10000,23,second_half_queries,19200,0.6103956991139632,0,0.023663519877009095,1.3714800006606909,19200,0.04587120246084439,0,4.345427190613914,0.11921301339934051,4.627529904446996,6.318100874519533
confirmation,C6/step10000,3,all_q_ge1,38100,0.6818765364924713,0,0.048809076721469564,1.0822932419855387,38100,0.10458355427484411,0,1.5473598968856843,0.13757917812125572,2.0211696504496146,2.6467616025049328
confirmation,C6/step10000,3,second_half_queries,19200,0.7693396822988603,0,0.012299643858956794,0.4229127005712095,19200,0.04177910769951649,0,1.5204805154222365,0.035195917431431356,2.0211696504496146,2.7472511956856662
confirmation,C6/step10000,4,all_q_ge1,38100,0.6103995249071962,0,0.11439678661525249,2.4139792708376024,38100,0.2642770987426976,0,1.586130192799526,0.2907879523825701,1.6175417285152174,2.381645896569819
confirmation,C6/step10000,4,second_half_queries,19200,0.7268499027093518,0,0.05780651764323314,2.0166265513356993,19200,0.23307288447649166,0,1.4997262427871318,0.15001110019184932,1.6175417285152174,2.3806517269470557
confirmation,C6/step10000,5,all_q_ge1,38100,0.5480772386240091,0,0.24183347021540005,3.8248319895328096,38100,0.39753171408967136,0,2.088587296502457,0.5441532866541353,1.3970820992917317,2.613771225642288
confirmation,C6/step10000,5,second_half_queries,19200,0.6141466656698069,0,0.1790254278977712,3.0086658985691215,19200,0.30034865979954883,0,2.002647977840484,0.3578640738498846,1.3970820992917317,2.579467294257338
confirmation,C6/step10000,6,all_q_ge1,38100,0.5162247952547208,0,0.34942469795544945,6.705520467469675,38100,0.6411378815240317,0,2.545083044648532,0.9349295965380742,1.1774170014016931,2.8971053724219376
confirmation,C6/step10000,6,second_half_queries,19200,0.5453334226652263,0,0.3133546710014343,6.188184065444299,19200,0.575675624896525,0,2.46985346602241,0.7967204552575606,1.1774170014016931,2.8517101265506515
confirmation,C6/step10000,7,all_q_ge1,38100,0.40241931453926233,0,0.4789953010280927,7.923052607132435,38100,0.8640546547619896,0,2.6402260135153277,1.3782730006983188,0.9290979172762769,2.8832599216231554
confirmation,C6/step10000,7,second_half_queries,19200,0.41636709102666064,0,0.4517740156253179,7.646937988591379,19200,0.8144978907820388,0,2.5764769825903864,1.2711288451937308,0.9290979172762769,2.8351313774351694
confirmation,C6/step10000,8,all_q_ge1,38100,0.48443773897416614,0,0.3938637099663417,6.130297110632271,38100,0.5309419565347661,0,2.855138862921549,1.0432321762381545,1.0505331946036087,3.1111198646793055
confirmation,C6/step10000,8,second_half_queries,19200,0.5114817679559372,0,0.3608142077922821,5.673189386254998,19200,0.4676554558443551,0,2.77467703078251,0.8975220223023865,1.0505331946036087,3.042149245714273
confirmation,C6/step10000,9,all_q_ge1,38100,0.44225477835717786,0,0.3863554087281227,7.264634050982277,38100,0.5949540232963108,0,3.1323324809456503,1.2206849149726255,1.0216134671228678,3.3578916000649808
confirmation,C6/step10000,9,second_half_queries,19200,0.46862107946111414,0,0.3466998513539632,6.532099900186615,19200,0.5066352441775934,0,3.0146195091199477,1.036565173553066,1.0216134671228678,3.2428819593606892
confirmation,C6/step2000,0,all_q_ge1,38100,0.6867125614548595,0,0.014363670437596739,1.2158996000994435,38100,0.020735640655855484,0,7.508735485009264,0.1299730645847988,10.009266387536705,12.241112079339903
confirmation,C6/step2000,0,second_half_queries,19200,0.7083709960112824,0,0.004028847250932207,0.32212892442791047,19200,0.005767868557164831,0,7.409111714195872,0.030631498305165806,10.009266387536705,12.331241667233728
confirmation,C6/step2000,1,all_q_ge1,38100,0.7233356302914336,0,0.04863371747235457,3.636062202362445,38100,0.05850934850169821,0,4.4191599825307035,0.3407374692320634,6.783028114319867,7.483878739825385
confirmation,C6/step2000,1,second_half_queries,19200,0.7851920387846032,0,0.015353352036327124,1.8126728305134172,19200,0.03691581884392361,0,4.151385244074477,0.12448001094194472,6.783028114319867,7.980158528090637
confirmation,C6/step2000,10,all_q_ge1,38100,0.450443455633519,0,0.5059120531876882,14.969138006934834,38100,0.4319825377131839,0,6.159619109300482,2.2647055916737986,2.5424136080744493,6.665264995270951
confirmation,C6/step2000,10,second_half_queries,19200,0.4581209287148335,0,0.4931597356001536,14.545853909216554,19200,0.3931589365239059,0,6.268569271411581,2.1748618058865246,2.5424136080744493,6.775590870917509
confirmation,C6/step2000,11,all_q_ge1,38100,0.43805394720842095,0,0.48746465116739274,14.991216692608216,38100,0.41880885424097,0,6.4608054709307,2.2675275653596043,2.5865240179579927,6.936517729473317
confirmation,C6/step2000,11,second_half_queries,19200,0.44721618458368273,0,0.46433903406063715,14.11732069312322,19200,0.3626970570889272,0,6.6011472160039615,2.118780042562885,2.5865240179579927,7.10113377055177
confirmation,C6/step2000,12,all_q_ge1,38100,0.3932334565863382,0,0.5210627234975497,12.675781780129542,38100,0.40134336373583956,0,6.066640935202732,2.3797925621601315,2.465085054999302,6.530735436868818
confirmation,C6/step2000,12,second_half_queries,19200,0.4080128769140134,0,0.482685733238856,11.311712705500003,19200,0.3220362453089191,0,6.146560207077188,2.1223359275642593,2.465085054999302,6.615669791360739
confirmation,C6/step2000,13,all_q_ge1,38100,0.3995045729054022,0,0.5733015237251917,18.941942675073157,38100,0.5659964893135856,0,6.5265496500288105,2.945087766413565,2.3790036210385344,6.95925281512061
confirmation,C6/step2000,13,second_half_queries,19200,0.4145836201427595,0,0.542195617556572,17.90628262215572,19200,0.4841075601478382,0,6.638925790415608,2.7123847867803823,2.3790036210385344,7.083446513959181
confirmation,C6/step2000,14,all_q_ge1,38100,0.4076210664977319,0,0.4883411834637324,14.674689257556494,38100,0.4245020574988538,0,6.587210134710151,2.4451623836347953,2.5935894836258258,7.0469195851505555
confirmation,C6/step2000,14,second_half_queries,19200,0.42611117621929423,0,0.44193811605374017,12.63004272123528,19200,0.3245647747933242,0,6.666442729202655,2.1067549150798275,2.5935894836258258,7.1626322356290775
confirmation,C6/step2000,15,all_q_ge1,38100,0.4245124738155257,0,0.5420453481872877,16.218561226755927,38100,0.49342739800295743,0,6.308418080055256,2.611064150664548,2.56594874355723,6.772377506758391
confirmation,C6/step2000,15,second_half_queries,19200,0.44245935607109305,0,0.4935932403802872,13.462187551618994,19200,0.34465439889938887,0,6.426811072351993,2.2355849049783703,2.56594874355723,6.927533006494322
confirmation,C6/step2000,16,all_q_ge1,38100,0.388766579427323,0,0.5769203621149063,15.6700794110889,38100,0.4822206714798677,0,6.35438052865727,2.860306521751748,2.427084727983229,6.759491817149775
confirmation,C6/step2000,16,second_half_queries,19200,0.4059624922397479,0,0.5294849225878715,13.695190268387693,19200,0.3595133025538868,0,6.450832414229162,2.5105898663153834,2.427084727983229,6.881879124332951
confirmation,C6/step2000,17,all_q_ge1,38100,0.3969660919941084,0,0.5652254291375478,11.673355045339802,38100,0.3654969284022691,0,5.977464001940776,2.390080004386338,2.478499984837759,6.387952841008944
confirmation,C6/step2000,17,second_half_queries,19200,0.4116995519837408,0,0.5165529298782349,9.556721913576686,19200,0.26271990337157675,0,6.027592978915141,2.0304718545917635,2.478499984837759,6.457888457136513
confirmation,C6/step2000,18,all_q_ge1,38100,0.3863257838725482,0,0.5968902216355005,14.15004986867192,38100,0.4685315954427661,0,6.081564939370535,2.769118969907746,2.553098279560364,6.42668755420666
confirmation,C6/step2000,18,second_half_queries,19200,0.39876618760340005,0,0.5415252075592677,11.43576404200358,19200,0.33047760046098945,0,6.088322261279501,2.32946552269642,2.553098279560364,6.474722229489087
confirmation,C6/step2000,19,all_q_ge1,38100,0.36175549997329115,0,0.6633875944217046,14.66224686814604,38100,0.5633435927868232,0,5.796531480384958,3.22735570646307,2.545736330996629,6.212507483968173
confirmation,C6/step2000,19,second_half_queries,19200,0.37353650132069993,0,0.6202730697393417,13.297375910161081,19200,0.45973364638967934,0,5.87253065711274,2.941306625792415,2.545736330996629,6.343754004942394
confirmation,C6/step2000,2,all_q_ge1,38100,0.7569105183375255,0,0.045408646228412786,3.1886116540083687,38100,0.07274460369557534,0,4.360992007351463,0.29104510080276536,5.40616957983699,6.907229861684957
confirmation,C6/step2000,2,second_half_queries,19200,0.8546480903618988,0,0.00786806169586877,1.542922246588797,19200,0.044293480452137005,0,4.242293871341686,0.07524126510589806,5.40616957983699,7.566916141540724
confirmation,C6/step2000,20,all_q_ge1,38100,0.3918626408399279,0,0.6167996875445048,17.330668550794346,38100,0.5850800702236294,0,6.459665625624911,3.233908088189188,2.7537272522561937,6.792948993808775
confirmation,C6/step2000,20,second_half_queries,19200,0.4052266898975271,0,0.5679508777459462,15.616978084220152,19200,0.47877193709070326,0,6.537820217635715,2.8932276480906083,2.7537272522561937,6.918560972215989
confirmation,C6/step2000,21,all_q_ge1,38100,0.3998648726813568,0,0.5438559512297313,12.696512288352816,38100,0.41534814193292063,0,5.953841201427086,2.5530541905243047,3.467206694286529,6.6677639740455374
confirmation,C6/step2000,21,second_half_queries,19200,0.41636399489511683,0,0.49298685481150945,10.70517699734729,19200,0.32665296309606534,0,6.000878987295495,2.1597218690078392,3.467206694286529,6.759236965960208
confirmation,C6/step2000,22,all_q_ge1,38100,0.464091076734234,0,0.3509711743891239,12.553402261866717,38100,0.27894319945783724,0,7.112760352769005,2.082887319132594,4.697684970675166,8.198922443858129
confirmation,C6/step2000,22,second_half_queries,19200,0.5009708314191518,0,0.2913456592957179,10.798676290000738,19200,0.22824730199565318,0,7.248785401761945,1.6953061951410817,4.697684970675166,8.442676141747695
confirmation,C6/step2000,23,all_q_ge1,38100,0.7338728865203737,0,0.057875895419468484,4.799979916427086,38100,0.09475619961845859,0,7.151315101364932,0.43762482499472555,6.565366800824285,9.11064655531979
confirmation,C6/step2000,23,second_half_queries,19200,0.7899002943303366,0,0.023523051445372402,2.4783394435848862,19200,0.04814923041612846,0,7.190718551115002,0.17510865042702117,6.565366800824285,9.297287523161389
confirmation,C6/step2000,3,all_q_ge1,38097,0.8675275554456255,0,0.0626396987773478,2.845974701161799,38100,0.10221122894977315,3,4.792258251477322,0.31578756682788117,4.381033476894601,6.362850917021507
confirmation,C6/step2000,3,second_half_queries,19197,0.9442160034677205,0,0.017341846022839794,1.0410364413310118,19200,0.04106317119442913,3,4.853454752098279,0.08037163865237329,4.381033476894601,6.898051612031168
confirmation,C6/step2000,4,all_q_ge1,38100,0.645867739061506,0,0.14299187536040942,4.398073033695021,38100,0.17131259291936685,0,4.5725553914185015,0.5888359514147818,3.9894879471618707,6.031316278256534
confirmation,C6/step2000,4,second_half_queries,19200,0.7136211552001944,0,0.07623594174782435,2.597372492051598,19200,0.10901158052332152,0,4.608283861355576,0.27237054066247884,3.9894879471618707,6.580580834345626
confirmation,C6/step2000,5,all_q_ge1,38100,0.627779722136545,0,0.21858977203567823,8.675928306046998,38100,0.29155414292762705,0,5.472372734497522,1.034590847222939,3.345781107446947,6.419805723060575
confirmation,C6/step2000,5,second_half_queries,19200,0.7019221541280878,0,0.15810133904218673,7.208884807688537,19200,0.22553430820039197,0,5.6147001295998225,0.7244314404417624,3.345781107446947,6.781712489394434
confirmation,C6/step2000,6,all_q_ge1,38100,0.50979224458091,0,0.32450297350684804,11.302927045519901,38100,0.4405028258540036,0,5.190180163034376,1.4797539972600617,2.8285451947777744,5.957942529531394
confirmation,C6/step2000,6,second_half_queries,19200,0.5342807587789051,0,0.28852236941456794,10.450845669243257,19200,0.3836561339619704,0,5.327845165753597,1.2908651814522987,2.8285451947777744,6.193887037302638
confirmation,C6/step2000,7,all_q_ge1,38100,0.41403828515426994,0,0.466363574663798,14.1921865211067,38100,0.5010636684970945,0,5.47790702656683,2.1917577281936613,2.4567493658333315,5.985901347009625
confirmation,C6/step2000,7,second_half_queries,19200,0.4206284838065113,0,0.44686734189589816,13.630761263150907,19200,0.4473818999360967,0,5.599450678856295,2.088759519368437,2.4567493658333315,6.161799962578965
confirmation,C6/step2000,8,all_q_ge1,38100,0.48401454319657194,0,0.37417828977108003,11.105725211079346,38100,0.326784426955042,0,6.053223278567773,1.6201396531774317,2.836586213219377,6.696798247274109
confirmation,C6/step2000,8,second_half_queries,19200,0.49681012319279605,0,0.3546931664148966,10.410567526807018,19200,0.2828065264337816,0,6.205584700496339,1.4947316573367881,2.836586213219377,6.881794139841656
confirmation,C6/step2000,9,all_q_ge1,38100,0.44817247272460586,0,0.3596633266409238,12.583915446107028,38100,0.3604406769822994,0,6.376311211156284,1.8299611191221055,2.725377730453008,6.972136223076633
confirmation,C6/step2000,9,second_half_queries,19200,0.46962889337421293,0,0.3268530530730883,11.920000485114164,19200,0.316084367964993,0,6.553465562553626,1.6459446336843466,2.725377730453008,7.157249816267047
confirmation,C6/step500,0,all_q_ge1,38100,0.47744727286845073,0,0.030385240397105613,1.0576159139857,38100,0.09272261091102649,0,2.347761875911191,0.21162103679262367,6.1821003349770685,6.678851589609989
confirmation,C6/step500,0,second_half_queries,19200,0.49529932175049785,0,0.010517547493800522,0.3619438904399597,19200,0.0434897361988086,0,1.9878251591123721,0.06371172427177034,6.1821003349770685,6.503103490424878
confirmation,C6/step500,1,all_q_ge1,38100,0.5456076408707207,0,0.07058894144992034,3.047183748959168,38100,0.12278743183795984,0,4.4614481859861135,0.5259524092520708,7.0074436470301755,7.779246905160857
confirmation,C6/step500,1,second_half_queries,19200,0.5839280844625027,0,0.019805132860007384,1.1731133873900756,19200,0.05613338291791461,0,4.268254696748522,0.17014307754721394,7.0074436470301755,8.238075953904739
confirmation,C6/step500,10,all_q_ge1,38100,0.41255498414983105,0,0.4931906154751778,14.065642075483694,38100,0.5206348113590367,0,6.717781843273376,2.7708791467377654,4.184512208739071,7.721583656962449
confirmation,C6/step500,10,second_half_queries,19200,0.4246907258187502,0,0.4647174846132596,13.487819770078138,19200,0.46928519633072785,0,6.798875746826371,2.57922690455283,4.184512208739071,7.861170905119003
confirmation,C6/step500,11,all_q_ge1,38100,0.3948740364815443,0,0.5184592165549596,12.207574412385286,38100,0.4474050561578397,0,6.437674198888734,2.5687799569742746,4.115871601282059,7.41294877819786
confirmation,C6/step500,11,second_half_queries,19200,0.4048990481591309,0,0.49537753889958064,11.55193368053615,19200,0.39515029644981464,0,6.512583315889087,2.3881804049081254,4.115871601282059,7.570412671917291
confirmation,C6/step500,12,all_q_ge1,38100,0.4059505459161924,0,0.4950111996134122,10.197176892855861,38100,0.38960104665990025,0,6.102234478862867,2.271644046763482,4.067572570969467,6.967391145886017
confirmation,C6/step500,12,second_half_queries,19200,0.4221618002371627,0,0.45218119194110235,9.22890995920364,19200,0.3215225228691798,0,6.194149990309118,1.984325665935437,4.067572570969467,7.165689947023464
confirmation,C6/step500,13,all_q_ge1,38100,0.3850602348484495,0,0.5424001217881839,12.37902890567798,38100,0.5423451642684097,0,6.071811294068189,2.7945921089436183,4.047667979021374,6.982004393686542
confirmation,C6/step500,13,second_half_queries,19200,0.39656732085521157,0,0.5151007655262947,11.882165704234646,19200,0.49260146023694046,0,6.138621398883329,2.6076326258486766,4.047667979021374,7.160257077819328
confirmation,C6/step500,14,all_q_ge1,38100,0.4109312713585213,0,0.48685769041379295,12.860920171565146,38100,0.5035792074790024,0,6.37034674801094,2.652347612215617,4.4429134862207125,7.646200067684454
confirmation,C6/step500,14,second_half_queries,19200,0.4300362797006553,0,0.4389777063330014,11.46921819049261,19200,0.4186291719403704,0,6.417261040745698,2.290360881052807,4.4429134862207125,7.827757917450173
confirmation,C6/step500,15,all_q_ge1,38100,0.3996739135670504,0,0.5168076078097026,11.819081772962376,38100,0.47372209318036806,0,6.218302059870722,2.6445085044803824,4.283966697898816,7.155026905456309
confirmation,C6/step500,15,second_half_queries,19200,0.41435517379932707,0,0.48269280672073367,11.291703558297973,19200,0.434602782186535,0,6.292015700326509,2.4457248018224416,4.283966697898816,7.360149155767772
confirmation,C6/step500,16,all_q_ge1,38100,0.3726677826888292,0,0.589562152326107,11.23659289686344,38100,0.5070609050513646,0,5.49552813309247,2.7701945267929844,4.134343463177744,6.394471165008303
confirmation,C6/step500,16,second_half_queries,19200,0.38434913249696945,0,0.5557224553823471,10.483053701664218,19200,0.44770993509188145,0,5.529561434221955,2.5351258746127465,4.134343463177744,6.532299999792926
confirmation,C6/step500,17,all_q_ge1,38100,0.390642614897833,0,0.5579797591765722,10.665221950446233,38100,0.44319879125894174,0,5.838445269862385,2.5535438810249156,4.425191866819606,6.84664711991054
confirmation,C6/step500,17,second_half_queries,19200,0.4020184732242405,0,0.5251892385880153,9.834178712627564,19200,0.38018972101269566,0,5.890323217217755,2.309939007875884,4.425191866819606,7.007816552161941
confirmation,C6/step500,18,all_q_ge1,38100,0.39427978921303225,0,0.5646966073910396,11.471376642258296,38100,0.5082704661372275,0,5.717912868575148,2.707991085009516,4.5462993600549755,6.797669223863185
confirmation,C6/step500,18,second_half_queries,19200,0.41137476610494406,0,0.520960336526235,10.385108244003147,19200,0.42427554943401213,0,5.779550735424422,2.3760724894750713,4.5462993600549755,7.011310552252359
confirmation,C6/step500,19,all_q_ge1,38100,0.38266143522642304,0,0.5996568077802658,13.2305950403904,38100,0.5266948685366367,0,5.990152782147941,3.0917967573025016,4.639380485316134,7.1050414980796734
confirmation,C6/step500,19,second_half_queries,19200,0.3935519889160711,0,0.5622274174292883,12.476858505058216,19200,0.4605706560832202,0,6.111228142884948,2.8429012078872358,4.639380485316134,7.342694979357801
confirmation,C6/step500,2,all_q_ge1,38100,0.5350147578272618,0,0.045619782799233996,1.9850762230474068,38100,0.06603868224915056,0,4.962684941411989,0.3377448521164285,6.700926367604186,8.053216799792807
confirmation,C6/step500,2,second_half_queries,19200,0.563384045246334,0,0.005500911097042263,0.2936493382119363,19200,0.012901634258394567,0,4.76547666430339,0.042760069701772326,6.700926367604186,8.49397069949173
confirmation,C6/step500,20,all_q_ge1,38100,0.3663809341175515,0,0.6069931149482727,11.784677767388002,38100,0.5432943889034192,0,5.622666231644411,3.0251975170121126,4.324067440048587,6.68031000866869
confirmation,C6/step500,20,second_half_queries,19200,0.3733202194418579,0,0.5763490359981854,11.244329896343437,19200,0.488854736210152,0,5.684045908513443,2.8503581416541754,4.324067440048587,6.869533679647908
confirmation,C6/step500,21,all_q_ge1,38100,0.3869149434048204,0,0.521298975745837,11.415354258327522,38100,0.5196009080694979,0,5.8001050030175945,2.709437454658261,5.038583561375013,7.1760209659011975
confirmation,C6/step500,21,second_half_queries,19200,0.4002302871748649,0,0.48149605045715965,10.563910778011017,19200,0.46473257102314014,0,5.813721287254828,2.445788904506994,5.038583561375013,7.343507581132445
confirmation,C6/step500,22,all_q_ge1,38100,0.4456113244084021,0,0.3648453779021899,10.417805451199687,38100,0.42907961451300813,0,5.9407158723276545,2.0958209750994223,5.533938586141672,7.446808346354126
confirmation,C6/step500,22,second_half_queries,19200,0.4719322946234745,0,0.3157893987496694,9.33769976317682,19200,0.3692055861150672,0,5.971456436184589,1.7692810241168182,5.533938586141672,7.6512471480923585
confirmation,C6/step500,23,all_q_ge1,38100,0.6502218259590008,0,0.06015414762621125,3.1142052484364657,38100,0.10654790199580781,0,6.462041139138506,0.4256368299620113,6.640991455412731,8.72325214785782
confirmation,C6/step500,23,second_half_queries,19200,0.6976696757046328,0,0.02310858545980106,1.4998003534831486,19200,0.048318504269165494,0,6.524062204201823,0.16168552656968257,6.640991455412731,9.015051382600674
confirmation,C6/step500,3,all_q_ge1,38100,0.7029016214338317,0,0.050289892045160135,2.59199586477046,38100,0.076496105845641,0,6.627513033467885,0.38951425428661796,6.829704063953958,9.547530266972613
confirmation,C6/step500,3,second_half_queries,19200,0.7667885463802669,0,0.004033922334201634,0.33313015942489893,19200,0.010561600267621206,0,6.729018358594635,0.03289065719740362,6.829704063953958,10.40708307862117
confirmation,C6/step500,4,all_q_ge1,38100,0.7595189633664415,0,0.09066332942495743,6.342700736412973,38100,0.19212933425770173,0,7.0671470972244075,0.7465561987552476,7.285452047919012,10.363267127190559
confirmation,C6/step500,4,second_half_queries,19200,0.8499813584931329,0,0.04327358121673266,4.431936265036348,19200,0.12850813588580132,0,7.326646329087002,0.38833133449748536,7.285452047919012,11.563679509097883
confirmation,C6/step500,5,all_q_ge1,38100,0.6015305444291573,0,0.21352776616811753,13.270692393968869,38100,0.4068136084395702,0,7.500699101214695,1.783670645805598,6.33593840337794,9.97533269937251
confirmation,C6/step500,5,second_half_queries,19200,0.6774272750585919,0,0.14503353632986546,11.306066302589624,19200,0.3417937191125268,0,7.631877062471453,1.268027248957748,6.33593840337794,10.777100458170196
confirmation,C6/step500,6,all_q_ge1,38100,0.45530320979323397,0,0.3682377967238426,16.546974550994126,38100,0.5744257395857013,0,7.535380285418139,2.7977108199092195,5.521928211590087,9.521339247872284
confirmation,C6/step500,6,second_half_queries,19200,0.4851166383436069,0,0.3168338653445244,15.375723109921783,19200,0.5105781306132535,0,7.706948234275712,2.424475012829802,5.521928211590087,10.07017026105847
confirmation,C6/step500,7,all_q_ge1,38100,0.43451114128303553,0,0.4211231564482053,15.241429921232557,38100,0.5121394373154651,0,7.395495209693407,2.7890315834110972,5.066241337172588,9.001801466910017
confirmation,C6/step500,7,second_half_queries,19200,0.46212152203860046,0,0.3589787232875824,13.273503381403234,19200,0.4291877381496355,0,7.492256186361648,2.2802854627565354,5.066241337172588,9.41357473515941
confirmation,C6/step500,8,all_q_ge1,38100,0.445499626157446,0,0.4153293707966805,16.57415156524392,38100,0.5181418064503649,0,7.534075645265082,2.7062327696935604,4.764406703328659,8.762910110263837
confirmation,C6/step500,8,second_half_queries,19200,0.4597219417967752,0,0.3880102813243866,16.012282859711696,19200,0.4777675924736035,0,7.629184402265099,2.521084957288053,4.764406703328659,9.092530577363599
confirmation,C6/step500,9,all_q_ge1,38100,0.45535238881240814,0,0.3748729309439659,13.84047262701754,38100,0.4936154006916114,0,6.839654614930888,2.3585640104876933,4.845476379763011,8.354780226853908
confirmation,C6/step500,9,second_half_queries,19200,0.4820825859993736,0,0.33412264813979464,12.963831997308898,19200,0.43942808765306873,0,6.964848035080781,2.076425378729562,4.845476379763011,8.676445893501686
confirmation,teacher,0,all_q_ge1,38100,0.2548970478660723,0,0.045754722903172174,0.3632583486264363,38100,0.06756905106662285,0,0.8957006825690488,0.06441989281820018,1.1744240078872001,1.499555767637892
confirmation,teacher,0,second_half_queries,19200,0.27089237300646174,0,0.018451100007320444,0.16069320434529444,19200,0.026859992914581715,0,0.882203903873146,0.02467937399768009,1.1744240078872001,1.489566240698579
confirmation,teacher,1,all_q_ge1,38100,0.3806046491245758,0,0.06820720377067725,1.1521202357655973,38100,0.14329535181416173,0,0.9837067502479332,0.1102284449969698,1.1298617045280677,1.4951000106454881
confirmation,teacher,1,second_half_queries,19200,0.4184927070654329,0,0.026786252077048024,0.5821322461441907,19200,0.06312947968511083,0,0.9230738874358886,0.03772510723900284,1.1298617045280677,1.4526129750473271
confirmation,teacher,10,all_q_ge1,38100,0.22194105205999423,0,0.4059968561927478,4.517565838543798,38100,0.7948787653238004,0,1.7441168397426776,0.6988636707463136,0.3626679975565455,1.7811253104437246
confirmation,teacher,10,second_half_queries,19200,0.22755671140010075,0,0.33709016342957815,3.3305162588278403,19200,0.5242364860724509,0,1.6059264387216323,0.5026582447561144,0.3626679975565455,1.639781663793073
confirmation,teacher,11,all_q_ge1,38100,0.23006042074363467,0,0.5365007576346398,7.061025905627412,38100,1.1666881210614988,0,2.0048576608570565,1.0517528938330218,0.3422934793727157,2.028675986730925
confirmation,teacher,11,second_half_queries,19200,0.23909913634916113,0,0.47795667459567387,5.749850200558698,19200,0.837714066035214,0,1.8413885281075113,0.8218515041252367,0.3422934793727157,1.8640265189708942
confirmation,teacher,12,all_q_ge1,38100,0.2175436838781811,0,0.5630339179436366,10.218076661587487,38100,1.6473141963344857,0,2.4339860255374384,1.3994621600074189,0.5522380885160586,2.5257585067696264
confirmation,teacher,12,second_half_queries,19200,0.22129894305120676,0,0.5102816389997801,8.438042929860805,19200,1.220893140199848,0,2.237139083547733,1.126243686817621,0.5522380885160586,2.331067455565276
confirmation,teacher,13,all_q_ge1,38100,0.2140595025994251,0,0.5203808192412058,8.389290580336208,38100,1.2278332476759886,0,2.349620798825051,1.209571804394026,0.3846628694685194,2.4123492211333404
confirmation,teacher,13,second_half_queries,19200,0.21573019925562995,0,0.4751271625359853,6.9721972070010905,19200,0.9461350506491795,0,2.20365302476758,1.0005709246807768,0.3846628694685194,2.2663736317418346
confirmation,teacher,14,all_q_ge1,38100,0.24261310684398701,0,0.46900965422391894,9.054996937144608,38100,1.2098079362445293,0,2.436247976235395,1.1188230290849484,0.41619443366072983,2.501469000350306
confirmation,teacher,14,second_half_queries,19200,0.2515509920863837,0,0.42448249022165935,7.949596786422773,19200,0.9667498331950238,0,2.3152839529608764,0.93814447178503,0.41619443366072983,2.382514845088327
confirmation,teacher,15,all_q_ge1,38100,0.1866679603740817,0,0.49766581267118454,9.013513312206525,38100,1.1338533673406617,0,2.8328617876136635,1.4154925473145252,0.5919544459677233,2.9437950757427136
confirmation,teacher,15,second_half_queries,19200,0.19144840576913366,0,0.4457404085993767,7.649865268555744,19200,0.8641609816093307,0,2.696571496590354,1.1693028532735064,0.5919544459677233,2.812538640684131
confirmation,teacher,16,all_q_ge1,38100,0.20275632661082804,0,0.5941707952817281,13.376522691539396,38100,1.572529258062413,0,2.97382888901669,1.8324821771269377,0.5734010109091856,3.095561317775201
confirmation,teacher,16,second_half_queries,19200,0.20746405136811752,0,0.5459967136383057,11.492989361608712,19200,1.2215124782898508,0,2.7988904802813206,1.5434463228173152,0.5734010109091856,2.9205110796294154
confirmation,teacher,17,all_q_ge1,38100,0.22004147558430392,0,0.6291368087132772,16.42489547554697,38100,1.9217729875029261,0,3.1788542140110345,2.026753075479327,0.6606006912433847,3.2952586511271313
confirmation,teacher,17,second_half_queries,19200,0.22484697956332966,0,0.5812419282396635,14.448060689824636,19200,1.4703061380814135,0,3.015329767566143,1.7396101681206637,0.6606006912433847,3.1363932924084152
confirmation,teacher,18,all_q_ge1,38100,0.22578940533286732,0,0.5776145535707474,14.811441191716705,38100,1.7258694621544428,0,3.118813118418408,1.7962268557524308,0.4903489406418089,3.174313804116596
confirmation,teacher,18,second_half_queries,19200,0.2346613593273542,0,0.5249627471963565,13.268339605682831,19200,1.3355610274540413,0,2.975970736937189,1.5208880582066402,0.4903489406418089,3.032182012792968
confirmation,teacher,19,all_q_ge1,38100,0.22749340147503375,0,0.6249986110130946,17.00975781140356,38100,2.0388236886725513,0,3.1726695629740793,1.978787862428056,0.412565712496802,3.2110379316288316
confirmation,teacher,19,second_half_queries,19200,0.23617150651147284,0,0.5672977744539579,14.852858510015055,19200,1.4937088637508016,0,2.9636037801366166,1.6364189471665345,0.412565712496802,3.0052088152357452
confirmation,teacher,2,all_q_ge1,38100,0.28757039909816545,0,0.06715029103060563,1.1598372790491738,38100,0.13807281115542785,0,1.1277901272463642,0.12458496910023302,1.4473931223262708,1.7930171583735888
confirmation,teacher,2,second_half_queries,19200,0.30691876772996235,0,0.028693968672305347,0.5538041288712812,19200,0.06011095194018719,0,1.0586088271380203,0.04662327203553772,1.4473931223262708,1.7558598203404663
confirmation,teacher,20,all_q_ge1,38100,0.17453863264370648,0,0.670174347559611,15.339131585239574,38100,1.789260030554915,0,3.375326033048881,2.241543408616014,0.5435092333167114,3.436058871861088
confirmation,teacher,20,second_half_queries,19200,0.17751947657770564,0,0.614572285314401,12.989134441173542,19200,1.280174195088397,0,3.143515845977713,1.8572447672477845,0.5435092333167114,3.2104598938484292
confirmation,teacher,21,all_q_ge1,38100,0.2094154732614118,0,0.6246639386812846,14.981236731767217,38100,1.7178949477604966,0,3.06078053719316,1.9176659430632892,0.34732051753110554,3.103738559839639
confirmation,teacher,21,second_half_queries,19200,0.21396154931081113,0,0.5691317215561866,12.731075978067471,19200,1.2627472274485299,0,2.8459333367529727,1.5827815818475577,0.34732051753110554,2.8938979830308544
confirmation,teacher,22,all_q_ge1,38100,0.21435748024004855,0,0.6062620787819226,16.975734703453586,38100,1.831643462386821,0,3.1247904741629604,1.914744651875747,0.4285163016905855,3.183348768631599
confirmation,teacher,22,second_half_queries,19200,0.21716078930564553,0,0.5399791399637858,13.878001822998591,19200,1.2612787783441768,0,2.9105055964988695,1.5449181785076571,0.4285163016905855,2.9710908956575794
confirmation,teacher,23,all_q_ge1,38100,0.2022066258447797,0,0.6184958311915397,15.376317388736044,38100,1.6128700843337842,0,3.1862250518136706,1.9550427144150802,0.3877998415861323,3.2679754666806504
confirmation,teacher,23,second_half_queries,19200,0.2059117714021295,0,0.562775661945343,13.222300806277527,19200,1.2011962250103525,0,3.0041486765683745,1.6375568951685278,0.3877998415861323,3.09039659090233
confirmation,teacher,24,all_q_ge1,38100,0.22019165754413708,0,0.6133916102846464,15.209611503251772,38100,1.5551932508570303,0,3.085993324452344,1.8686598911173218,0.32178105469298224,3.1226532817369854
confirmation,teacher,24,second_half_queries,19200,0.22727208897166595,0,0.5533555185794831,13.102236978370785,19200,1.180590179394169,0,2.895859252526725,1.5445659217919179,0.32178105469298224,2.9351575282093885
confirmation,teacher,25,all_q_ge1,38100,0.21121478253334355,0,0.6993455864985784,17.584547994117226,38100,1.907906140647784,0,3.250967952614949,2.229244644925301,0.26906062070137443,3.2786812014863522
confirmation,teacher,25,second_half_queries,19200,0.216241152855889,0,0.6512737035751343,15.49926476889439,19200,1.4705731906901405,0,3.0513285084528494,1.911345078552385,0.26906062070137443,3.080718321224159
confirmation,teacher,26,all_q_ge1,38100,0.21214504686086372,0,0.6778430251280466,18.55855558793865,38100,1.6972718595565255,0,3.404603575926565,2.2080487264560484,0.418794461667535,3.402037179338479
confirmation,teacher,26,second_half_queries,19200,0.2174353376408505,0,0.6249764556686084,16.19081404882378,19200,1.2961182593317886,0,3.222009407491516,1.8827245421284022,0.418794461667535,3.2181349857831436
confirmation,teacher,27,all_q_ge1,38100,0.19952981539227302,0,0.6819317897160848,17.2140225969309,38100,1.6010716461707977,0,3.4237612271197193,2.255967902188444,0.36215448424622254,3.434076393968959
confirmation,teacher,27,second_half_queries,19200,0.20262010823548252,0,0.6323904198408127,15.043129792654485,19200,1.2667566838310333,0,3.24487387223447,1.9382345326607866,0.36215448424622254,3.2539875812371073
confirmation,teacher,28,all_q_ge1,38100,0.20739074162928223,0,0.7080034812291464,18.577318705610235,38100,1.9566262646654384,0,3.356777564527266,2.3298968787436087,0.28231564765068706,3.3930026766707777
confirmation,teacher,28,second_half_queries,19200,0.21092883152247624,0,0.6529624897241593,16.17880564069705,19200,1.4846527063753518,0,3.1663219787225763,1.991273844517163,0.28231564765068706,3.2042404176021706
confirmation,teacher,29,all_q_ge1,38100,0.20178401262435253,0,0.7429446272055308,19.525285557522363,38100,1.8771650438343652,0,3.4556723347712883,2.5090346103451386,0.2839170655779254,3.4909090345648948
confirmation,teacher,29,second_half_queries,19200,0.20381210956869839,0,0.6952817571163178,17.298038244234373,19200,1.457425370291557,0,3.2929059370793716,2.20123619086375,0.2839170655779254,3.32859861799865
confirmation,teacher,3,all_q_ge1,38100,0.3231680760549913,0,0.0636498872563243,1.032954815025061,38100,0.17121276816181238,0,1.1996757085046483,0.11905742676414047,1.6017689994952833,1.8444669996684848
confirmation,teacher,3,second_half_queries,19200,0.32284838080559264,0,0.0292556998009483,0.42696696542702123,19200,0.07393101633897699,0,1.1447317737903557,0.044946415263917995,1.6017689994952833,1.7897007730869454
confirmation,teacher,30,all_q_ge1,38100,0.20570899394880615,0,0.7417563859621684,21.446538017210866,38100,2.080640330277321,0,3.5051126123890697,2.5240615800037345,0.27218705808172633,3.5095888260043813
confirmation,teacher,30,second_half_queries,19200,0.20940534916530815,0,0.6902876996994018,19.03180333565774,19200,1.7090649783095326,0,3.332629502659473,2.193612657350302,0.27218705808172633,3.335472627829751
confirmation,teacher,31,all_q_ge1,38100,0.21736645311489577,0,0.7167792177200317,21.495732220648634,38100,1.6261209540506063,0,3.4611842316079695,2.3950091039981563,0.3002239223176934,3.4613046305555315
confirmation,teacher,31,second_half_queries,19200,0.22001771795748093,0,0.6608291730284691,19.04616065565871,19200,1.284671043069563,0,3.350734614437388,2.0973050437136087,0.3002239223176934,3.3489404335034125
confirmation,teacher,32,all_q_ge1,38100,0.22058374725144292,0,0.6642649143934249,23.92245434776327,38100,1.1483470923479642,0,3.5794771608643856,2.2992650920827082,0.43800038337996294,3.618539121930266
confirmation,teacher,32,second_half_queries,19200,0.23266898011024886,0,0.6047636682788531,22.079143716561305,19200,1.0395275376105098,0,3.4946603919213017,2.004591413593899,0.43800038337996294,3.532208407661406
confirmation,teacher,33,all_q_ge1,38100,0.21901647460353751,0,0.6206158964832624,18.23669953893941,38100,0.705302136241854,0,3.2784374478832987,2.0004796932636824,0.8973118792298509,3.738970073455248
confirmation,teacher,33,second_half_queries,19200,0.22590798670293774,0,0.5596557453274726,16.21327072360581,19200,0.6092584430018181,0,3.245616269346283,1.7616883939519645,0.8973118792298509,3.707862323530145
confirmation,teacher,34,all_q_ge1,38100,0.23925375616387254,0,0.4174357858300209,12.346410465792845,38100,0.48505084076953603,0,2.592823010890924,1.0627052822807592,2.2118760220365585,3.9766315156062597
confirmation,teacher,34,second_half_queries,19200,0.24924994479630408,0,0.3382615743080775,10.012606415779443,19200,0.37289023987075,0,2.5782261155718533,0.8286327562655291,2.2118760220365585,3.9576452214942526
confirmation,teacher,35,all_q_ge1,38100,0.3178601745424332,0,0.09854133470604817,4.3442580329443645,38100,0.07857888689457716,0,2.042896207299763,0.2648877951344803,2.658154032030928,3.369274909132154
confirmation,teacher,35,second_half_queries,19200,0.3282376710550617,0,0.05316104057244957,2.400971324791428,19200,0.03953246816941891,0,2.021585311652089,0.13549587947869196,2.658154032030928,3.3670410364206718
confirmation,teacher,4,all_q_ge1,38100,0.3643545055797796,0,0.047933533291021985,0.7950548198284005,38100,0.14752528254329156,0,1.1775731760767632,0.08994728927815471,1.4737021442140719,1.8265061933254962
confirmation,teacher,4,second_half_queries,19200,0.36093109715904037,0,0.01846338336976866,0.2878152333649974,19200,0.05462130187439337,0,1.129787787690291,0.027898128814606155,1.4737021442140719,1.796187534214766
confirmation,teacher,5,all_q_ge1,38100,0.3291006953181058,0,0.04729841869324446,0.6952219002903917,38100,0.12618852278138384,0,1.3158459711735697,0.0904366675833371,1.6735560005986059,2.0097321797133114
confirmation,teacher,5,second_half_queries,19200,0.3656818353491519,0,0.018046834957785904,0.30184487038580404,19200,0.05685069667282557,0,1.2891582232470906,0.02974735216579879,1.6735560005986059,1.9939480733960657
confirmation,teacher,6,all_q_ge1,38100,0.24872761681069935,0,0.06812592287858327,0.7765423381004976,38100,0.14396123200669483,0,1.2974952416372187,0.11960680997128867,1.3383082537627173,1.7302702317887935
confirmation,teacher,6,second_half_queries,19200,0.25756274734670215,0,0.0251651599102964,0.2676101044256445,19200,0.04884406190467802,0,1.2551456289678748,0.03689327680597609,1.3383082537627173,1.7044391886280281
confirmation,teacher,7,all_q_ge1,38100,0.29848832460801694,0,0.1308809211353461,1.315282006553912,38100,0.24974387596407252,0,1.2143010631508928,0.18674840162765752,0.7585881747772494,1.3505782145580278
confirmation,teacher,7,second_half_queries,19200,0.3473498336431439,0,0.07283241635809343,0.8099419966342863,19200,0.14587556473931712,0,1.1399270122190424,0.08388274972687126,0.7585881747772494,1.2793354211529624
confirmation,teacher,8,all_q_ge1,38100,0.23555895866516557,0,0.2884948041041692,2.9330016024631105,38100,0.5725245456471668,0,1.4565251175682037,0.43101984841224833,0.5317569728105419,1.4595286081677883
confirmation,teacher,8,second_half_queries,19200,0.23743537686000246,0,0.2054644952217738,1.7034094415154393,19200,0.29150594069055896,0,1.3350140585679915,0.24497829529584778,0.5317569728105419,1.3306025057265678
confirmation,teacher,9,all_q_ge1,38100,0.22016310425234478,0,0.3085854802529017,3.031269532385755,38100,0.5537446288735394,0,1.5629866458913726,0.4686574630941962,0.41872877452093765,1.577683059994407
confirmation,teacher,9,second_half_queries,19200,0.22342557425466372,0,0.2285996951162815,1.8573713026301562,19200,0.29352610291293013,0,1.4329579854636394,0.2775707460962838,0.41872877452093765,1.439983687327742
discovery,C1/step10000,0,all_q_ge1,38100,0.6520780269235842,0,0.009985597474345317,0.6818506167999864,38100,0.01117006149773735,0,6.133468889318427,0.07063704307571209,7.751984197447956,9.440639896461228
discovery,C1/step10000,0,second_half_queries,19200,0.6810939247806008,0,0.0025926078035263343,0.18485222529226655,19200,0.0030987013852591732,0,5.995688580050755,0.015743654895861527,7.751984197447956,9.54984181350072
discovery,C1/step10000,1,all_q_ge1,38100,0.6017096466873028,0,0.04942902383084098,1.3928413328720246,38100,0.08274200043932835,0,1.1057705238330506,0.12563245859377134,2.444027270429926,2.653103506572497
discovery,C1/step10000,1,second_half_queries,19200,0.7061449676731274,0,0.02197883875730137,1.009142080483194,19200,0.06448299660025478,0,1.046228747722911,0.06258276300765916,2.444027270429926,2.7929411978969063
discovery,C1/step10000,10,all_q_ge1,37893,0.8241191854326329,0,0.02789529343135655,0.8959060173533073,38100,0.06857740650992504,207,2.542128316373807,0.12036169839276563,2.3948659499300695,3.582305609256737
discovery,C1/step10000,10,second_half_queries,18993,0.9174398807785981,0,0.0019072642917065726,0.08067651453421108,19200,0.006809868872855339,207,2.4321517717327623,0.005475270790231533,2.3948659499300695,3.50648669810732
discovery,C1/step10000,11,all_q_ge1,38100,0.8061262670827328,0,0.03373450320834915,1.0573556570835418,38100,0.06728526898065902,0,3.1653164473504147,0.1484027577335362,2.431114974693376,4.110057207336664
discovery,C1/step10000,11,second_half_queries,19200,0.915566643671824,0,0.0030932414069926987,0.1227600853834761,19200,0.008288349992510066,0,3.0508926123003297,0.00910360644205146,2.431114974693376,4.027434680616918
discovery,C1/step10000,12,all_q_ge1,38100,0.7988735417948792,0,0.06749105870723725,3.235287192351807,38100,0.2110920536347249,0,3.144648669151602,0.2909246717563757,2.2055267020246054,3.885670718351517
discovery,C1/step10000,12,second_half_queries,19200,0.8811772604744512,0,0.01556996098253876,1.1001105763468457,19200,0.06764773113482081,0,3.039330497508258,0.05534988516632568,2.2055267020246054,3.793299779432679
discovery,C1/step10000,13,all_q_ge1,38100,0.6586728704778528,0,0.053203442823141815,1.6339138039380827,38100,0.1120224667391249,0,3.139202579823916,0.22365423865741788,2.2208681260827317,3.956330876828041
discovery,C1/step10000,13,second_half_queries,19200,0.7532106719128223,0,0.006026131692924537,0.2248530086246446,19200,0.013970786547973122,0,3.0621255155503277,0.018565603459791465,2.2208681260827317,3.8773700222964407
discovery,C1/step10000,14,all_q_ge1,38100,0.6886256812539728,0,0.0930362577115496,4.487152010903035,38100,0.2678836885674115,0,3.40637315333754,0.4061980050985808,2.1445520651222423,4.169688016406525
discovery,C1/step10000,14,second_half_queries,19200,0.8022629232754849,0,0.02917567377289136,2.102510692845171,19200,0.1143697252476382,0,3.285376003025382,0.10945684097912116,2.1445520651222423,4.069824800103729
discovery,C1/step10000,15,all_q_ge1,38100,0.6491142756970651,0,0.05500406267121434,1.6056179328624143,38100,0.09071886529478519,0,3.545256561338754,0.21828432221671173,2.182866208216541,4.311238618755797
discovery,C1/step10000,15,second_half_queries,19200,0.752539981729556,0,0.009033086457444975,0.32710855098868796,19200,0.01720575916292984,0,3.4876677475912707,0.02677068818401697,2.182866208216541,4.263618267596237
discovery,C1/step10000,16,all_q_ge1,38100,0.6484046859196613,0,0.13801331261793773,6.664278016932503,38100,0.38333704484786296,0,3.58053918401137,0.5689884654522827,1.9372956408638178,4.168352995680627
discovery,C1/step10000,16,second_half_queries,19200,0.7281593663519725,0,0.06668474663048983,4.018231937147376,19200,0.20581138781541725,0,3.5068956899317785,0.2388625563659412,1.9372956408638178,4.0991490085911675
discovery,C1/step10000,17,all_q_ge1,38100,0.5209975392273012,0,0.07825050087024768,2.364157442277031,38100,0.12786482325873352,0,3.613447441110222,0.3102900999882124,2.2042349675065664,4.335881467909891
discovery,C1/step10000,17,second_half_queries,19200,0.5861051612833156,0,0.019090966823277995,0.6754633959020688,19200,0.03048956511070213,0,3.600800195001757,0.062174560359107615,2.2042349675065664,4.325799288782863
discovery,C1/step10000,18,all_q_ge1,38100,0.5068049989989675,0,0.129774766266346,4.158356151782756,38100,0.21010151818311293,0,3.8574053713185883,0.5078251884623199,2.3301322207885837,4.5570426657289245
discovery,C1/step10000,18,second_half_queries,19200,0.5686014090819237,0,0.05516169675936301,1.9095258387324179,19200,0.0837130584774091,0,3.8883562843924064,0.18179585366281306,2.3301322207885837,4.6195949969508305
discovery,C1/step10000,19,all_q_ge1,38100,0.4805229939936313,0,0.08375286219020685,2.4617949998053557,38100,0.11489547501617955,0,3.698541745540177,0.3351328865977304,2.590189716417167,4.5255653464381576
discovery,C1/step10000,19,second_half_queries,19200,0.5314642422897515,0,0.023909076090785675,0.8078263524170447,19200,0.035601449807518545,0,3.62830720099682,0.08435798953361444,2.590189716417167,4.518584844290834
discovery,C1/step10000,2,all_q_ge1,38100,0.6597384354734999,0,0.0556576187039415,1.492556604065376,38100,0.14878001023533563,0,1.0094048637676434,0.1377936400148375,2.186896085441761,2.4701241168428276
discovery,C1/step10000,2,second_half_queries,19200,0.7646180408730289,0,0.02202397835130493,1.0506004926598649,19200,0.11311322752906286,0,0.9567528627902796,0.06171875697778024,2.186896085441761,2.545816046001132
discovery,C1/step10000,20,all_q_ge1,38100,0.5077750241215434,0,0.09395408716673652,3.0186088047454125,38100,0.1342866785256029,0,3.9583947835542004,0.39197131217424397,2.987398638285422,4.962543015366564
discovery,C1/step10000,20,second_half_queries,19200,0.5645147068032751,0,0.03525028317545851,1.2917731082251878,19200,0.05675571688159771,0,3.96573874782457,0.13092337312314514,2.987398638285422,5.045644932087008
discovery,C1/step10000,21,all_q_ge1,38100,0.5224124612126839,0,0.056934053065876164,2.0793620271290267,38100,0.09048333334801381,0,3.8062474085934563,0.25756510915406094,3.602545385438416,5.221150918855864
discovery,C1/step10000,21,second_half_queries,19200,0.5702184565840004,0,0.018914632417533238,0.8157729946408145,19200,0.037469878825464493,0,3.7909094699901753,0.07864344509590353,3.602545385438416,5.296986283762151
discovery,C1/step10000,22,all_q_ge1,38100,0.5769886287553727,0,0.05304004116294285,2.3276973669570142,38100,0.08917029897392934,0,4.13431659164567,0.2541503499245223,4.259436319012087,5.880352699954926
discovery,C1/step10000,22,second_half_queries,19200,0.6259921322397278,0,0.026649525951361285,1.3105931807908011,19200,0.05288145925053331,0,4.134392390043758,0.11628540191081098,4.259436319012087,5.976616686729183
discovery,C1/step10000,23,all_q_ge1,38100,0.6028198612881583,0,0.026715294246872266,1.3322679086906628,38100,0.0499806052950941,0,3.9364835275702155,0.13688628645307854,4.6100041082484795,5.939660162415821
discovery,C1/step10000,23,second_half_queries,19200,0.6377106585977947,0,0.011066478572708245,0.6329461191889,19200,0.026014046668813517,0,3.8794870158710975,0.05314613920045834,4.6100041082484795,6.015541096041167
discovery,C1/step10000,3,all_q_ge1,38100,0.6837271399986511,0,0.05372184985006849,1.4288334930187228,38100,0.1784204284495949,0,1.0488218343974718,0.13630897769372594,2.134517821492806,2.436186442771296
discovery,C1/step10000,3,second_half_queries,19200,0.7982569671246305,0,0.02614579745878776,1.3022286134341754,19200,0.1966465966347807,0,0.9707904526989413,0.07521532819065517,2.134517821492806,2.4811242357935304
discovery,C1/step10000,4,all_q_ge1,38100,0.6601985333172622,0,0.04018983403841654,0.805223579600899,38100,0.1036989787237115,0,1.1271740347947443,0.10381312799397303,2.2046354823053766,2.5534793949611303
discovery,C1/step10000,4,second_half_queries,19200,0.7551083773243409,0,0.011091763114091008,0.4240619425957898,19200,0.06421532769371416,0,1.073844467446903,0.03335299681566177,2.2046354823053766,2.6286652745525534
discovery,C1/step10000,5,all_q_ge1,38100,0.6791135083573877,0,0.02682327267403404,0.6029469959307417,38100,0.0625012691503634,0,1.4568742794175136,0.08118212134922675,2.383325912537092,2.8384481986505286
discovery,C1/step10000,5,second_half_queries,19200,0.747184641848105,0,0.004220551287289709,0.1454837398741948,19200,0.018065793734642392,0,1.4032505555239139,0.012599706183859246,2.383325912537092,2.9047010204550245
discovery,C1/step10000,6,all_q_ge1,38100,0.8013813985521171,0,0.021775015064825615,0.5326843373228897,38100,0.053510160527884314,0,1.6596136791673992,0.07141378108251148,2.2529759561633527,2.8442742497565874
discovery,C1/step10000,6,second_half_queries,19200,0.9107068003572698,0,0.0007447090247296728,0.026253096272845982,19200,0.0029697655640631274,0,1.601181575750984,0.0019172844806067426,2.2529759561633527,2.847033201471831
discovery,C1/step10000,7,all_q_ge1,38099,0.8042344446001928,0,0.02421588160097599,0.7122972631991484,38100,0.06277302264373151,1,1.7759749059286951,0.088468886849281,2.329007861585021,2.9786093737240886
discovery,C1/step10000,7,second_half_queries,19199,0.8897148112995935,0,0.0008931339990037183,0.033840053616546545,19200,0.003468349999040021,1,1.6946823488980771,0.0023128844527281482,2.329007861585021,2.947159179563971
discovery,C1/step10000,8,all_q_ge1,36706,0.8474606862024188,0,0.02125499000462393,0.6395676653891992,38100,0.05350758005325484,1394,2.011938963480997,0.08452166363542934,2.2944515886420973,3.1077916415033657
discovery,C1/step10000,8,second_half_queries,17806,0.9399046396295769,0,0.0005155209543211943,0.02128335258852887,19200,0.002034555303254566,1394,1.9333448834145524,0.00140690029708069,2.2944515886420973,3.0745180027207306
discovery,C1/step10000,9,all_q_ge1,35342,0.7942977012976571,0,0.02520066063851118,0.7977991089710242,38100,0.06358871014884247,2758,2.258217885691149,0.10693055522788611,2.4154012655533337,3.3715435485915304
discovery,C1/step10000,9,second_half_queries,16447,0.9038980365826297,0,0.0004997084143527294,0.020324846575316614,19200,0.0017660973296470428,2753,2.1696127616516545,0.0014404617259001786,2.4154012655533337,3.323419061122415
discovery,C1/step2000,0,all_q_ge1,38100,0.6650423601208124,0,0.011284329717357953,0.9325017085965788,38100,0.014894720872072643,0,7.585300065026978,0.10133498893501017,9.684038451698166,12.182996537160957
discovery,C1/step2000,0,second_half_queries,19200,0.6846829886477683,0,0.00297281178063713,0.22085848904488012,19200,0.0038040257080979756,0,7.4480640314369655,0.022110787680203116,9.684038451698166,12.312069685174714
discovery,C1/step2000,1,all_q_ge1,38100,0.7727186172856678,0,0.036968447901308536,3.300389461905575,38100,0.05425632941192123,0,4.376755629682975,0.2744416853527538,7.574854288146197,8.539979965106257
discovery,C1/step2000,1,second_half_queries,19200,0.8061145651829742,0,0.014326266373197238,2.046778250625414,19200,0.03609623598183143,0,4.221042256634475,0.13536769724800174,7.574854288146197,9.329369156006804
discovery,C1/step2000,10,all_q_ge1,35775,0.9031609215455549,0,0.013693164844686787,1.2204399163054005,38100,0.03307869363386609,2325,6.075988180424996,0.1057084165582798,5.804234008436845,8.414535129875395
discovery,C1/step2000,10,second_half_queries,17043,0.9684429420086984,0,0.002864854710151121,0.32857607563680974,19200,0.008885444852315351,2157,6.1236415761659115,0.01841305102571457,5.804234008436845,8.578191605184069
discovery,C1/step2000,11,all_q_ge1,35737,0.8907091161466097,0,0.015292249623065194,1.2576354621681958,38100,0.03160522528475418,2363,6.730998623252918,0.11890100208133467,5.975431455971609,8.970483156351227
discovery,C1/step2000,11,second_half_queries,17015,0.9576949748873615,0,0.001846992936504345,0.21607329197340527,19200,0.005550577201509174,2185,6.7709922582172535,0.012473418087126664,5.975431455971609,9.109331975117477
discovery,C1/step2000,12,all_q_ge1,38039,0.8608175590524225,0,0.023621771972005566,2.2938405998586346,38100,0.057391692090128496,61,6.766665539980465,0.18214894235223636,5.970128388242213,9.0087339539439
discovery,C1/step2000,12,second_half_queries,19139,0.9252619576242135,0,0.00431494993021867,0.6475323865285613,19200,0.015304442515013724,61,6.8466732170324525,0.030458920209118327,5.970128388242213,9.152803879728515
discovery,C1/step2000,13,all_q_ge1,37862,0.8184729866525605,0,0.017612836157592633,1.453327019234464,38100,0.038553420314960875,238,6.737121561645422,0.13812203218649113,6.233084443818749,9.174129678961672
discovery,C1/step2000,13,second_half_queries,18967,0.8870786258973814,0,0.002509497535502305,0.2856200573165551,19200,0.007399829850912267,233,6.773174915545753,0.0179421538238412,6.233084443818749,9.323145225801207
discovery,C1/step2000,14,all_q_ge1,38065,0.7747574881223512,0,0.028564452631399034,2.2992999575214306,38100,0.058481657011618185,35,6.958643042442504,0.219919377034798,6.356937545181532,9.346873984327361
discovery,C1/step2000,14,second_half_queries,19165,0.8431323900526699,0,0.0041136951208075815,0.4928542367483425,19200,0.011952195720949044,35,7.049660267319995,0.02990724879850857,6.356937545181532,9.536991531746922
discovery,C1/step2000,15,all_q_ge1,37927,0.8028836599641167,0,0.021312600498398147,1.8335108870901389,38100,0.04452480411295094,173,7.068507912479836,0.1691818048581012,6.48456354128748,9.519451703251649
discovery,C1/step2000,15,second_half_queries,19029,0.8707777265337086,0,0.0032533647695284647,0.40270970219559016,19200,0.009527023748352789,171,7.141550283177321,0.024197559982018276,6.48456354128748,9.706115954036285
discovery,C1/step2000,16,all_q_ge1,38100,0.7382749405064947,0,0.032219042864938575,2.8540218743074925,38100,0.06862336069722023,0,6.901136550175006,0.2593958276603277,6.710368165564527,9.573317053683345
discovery,C1/step2000,16,second_half_queries,19200,0.8079833138929257,0,0.004166871620206318,0.6121536526651842,19200,0.0139025562669899,0,7.0308303693467975,0.03475148555941272,6.710368165564527,9.86440694799835
discovery,C1/step2000,17,all_q_ge1,38094,0.7287823612219908,0,0.028607536281148593,2.319060066482778,38100,0.05508045305237468,6,6.840465952399364,0.22211502407611722,6.5182032428141925,9.324601659110153
discovery,C1/step2000,17,second_half_queries,19194,0.7902851490714123,0,0.0036220216086561173,0.4404238532840777,19200,0.010306710906966082,6,6.911430115316055,0.027594263599222686,6.5182032428141925,9.572251451042296
discovery,C1/step2000,18,all_q_ge1,38100,0.7292416270680734,0,0.03235639209859073,2.8739958186520895,38100,0.06585859946839831,0,7.046634997035412,0.2649248618603189,6.876820505281339,9.653729577929147
discovery,C1/step2000,18,second_half_queries,19200,0.7829595332299546,0,0.0037773410122827044,0.5135407328242242,19200,0.011083182148693058,0,7.144535702756626,0.03137692789136732,6.876820505281339,9.95027318641226
discovery,C1/step2000,19,all_q_ge1,38100,0.7229095965443197,0,0.02998821041236321,2.544536963816858,38100,0.05687013250962757,0,6.978920890991624,0.23212733148981302,6.638782553791031,9.38976199040956
discovery,C1/step2000,19,second_half_queries,19200,0.7651342214934977,0,0.005649005108474133,0.6729499976290599,19200,0.014684594328393906,0,6.978623922860868,0.04390054562953454,6.638782553791031,9.611125938491915
discovery,C1/step2000,2,all_q_ge1,38100,0.7824094085887142,0,0.03419586813387771,2.721343034484855,38100,0.06795376002194585,0,3.7403332450067728,0.22267497169437797,6.2599169337517315,7.369958602845307
discovery,C1/step2000,2,second_half_queries,19200,0.8515132733321106,0,0.012731939887162298,2.0891249502673825,19200,0.058523749751001365,0,3.702809300963347,0.11103595758463604,6.2599169337517315,8.054424771780797
discovery,C1/step2000,20,all_q_ge1,38100,0.7278586793523599,0,0.0352545727075388,2.78794534519825,38100,0.06655085812191548,0,6.87595218487393,0.27071253014291596,6.660131363275791,9.222049941316278
discovery,C1/step2000,20,second_half_queries,19200,0.7774272364517401,0,0.006373060433543287,0.7093723532256758,19200,0.016541244475844416,0,6.924325197464085,0.04840762219574564,6.660131363275791,9.470135306654006
discovery,C1/step2000,21,all_q_ge1,38100,0.7423684002305388,0,0.03020348958671093,2.31541321921168,38100,0.06155613696618867,0,6.543297792008425,0.22567703963494287,6.4528671457156594,8.841414533654152
discovery,C1/step2000,21,second_half_queries,19200,0.7860764604456433,0,0.006702338399870011,0.7089226075488526,19200,0.018471951185982927,0,6.592468922906447,0.049497261185147724,6.4528671457156594,9.097059128771637
discovery,C1/step2000,22,all_q_ge1,38100,0.7614904220301878,0,0.03479496500144402,2.7908083179761487,38100,0.06678931755945099,0,6.818595930242962,0.257254781489784,6.742214552034404,9.139986258718043
discovery,C1/step2000,22,second_half_queries,19200,0.8058084638539361,0,0.012161582564003766,1.2723199350105063,19200,0.030104626436706607,0,6.919623582638077,0.08902890675247696,6.742214552034404,9.450522694725368
discovery,C1/step2000,23,all_q_ge1,38100,0.7908788511353961,0,0.03260135991033167,2.3744535425333524,38100,0.06101204451505449,0,6.401631892132774,0.2283972630926002,6.46314665909115,8.515498214521262
discovery,C1/step2000,23,second_half_queries,19200,0.8317353768803867,0,0.010320270862672867,0.9662485020465906,19200,0.02487644385347582,0,6.484426148135727,0.07193276340265073,6.46314665909115,8.820400268161254
discovery,C1/step2000,3,all_q_ge1,38100,0.8190268113437819,0,0.023985458373402557,1.2518096686162326,38100,0.036625419811894114,0,3.9934025458189337,0.1274257582600433,6.008102345193177,7.164160432486484
discovery,C1/step2000,3,second_half_queries,19200,0.831924632892464,0,0.006901466712976496,0.6482215033083213,19200,0.023860505009982703,0,3.92475790616712,0.04189850986823262,6.008102345193177,7.956522447686437
discovery,C1/step2000,4,all_q_ge1,35113,0.9073210150204646,0,0.02055054220681389,0.7968496027542056,38100,0.028118817774788484,2987,4.297454185730434,0.10201287234742099,5.488261219528973,7.035832254222943
discovery,C1/step2000,4,second_half_queries,16300,0.9571036647015938,0,0.0005552371182745238,0.030631497727344942,19200,0.0013280180211927468,2900,4.369362539626752,0.002374833805967209,5.488261219528973,7.789553274875366
discovery,C1/step2000,5,all_q_ge1,29550,0.9120002550028883,0,0.014992964984072992,0.7104692091413172,38100,0.022250357083548607,8550,4.6242526381176665,0.08247700664153591,5.423675438954532,7.035998230849584
discovery,C1/step2000,5,second_half_queries,13178,0.9735895698681037,0,0.00047453186796017437,0.030337710247480776,19200,0.0011708880256757323,6022,4.590898886638059,0.002218327932851849,5.423675438954532,7.60533212842661
discovery,C1/step2000,6,all_q_ge1,37034,0.9425519531567685,0,0.02803307359262059,1.6931668635241197,38100,0.05632335591519589,1066,4.87552225910502,0.14534357982061605,5.1227137936105915,6.996537887678188
discovery,C1/step2000,6,second_half_queries,19029,0.985763555992416,0,0.030646174663246106,1.8460669417133324,19200,0.0626834618375559,171,4.89424872396798,0.14109035928611136,5.1227137936105915,7.269731107609263
discovery,C1/step2000,7,all_q_ge1,23142,0.8930027322674705,0,0.014429278649234524,1.003742612930465,38100,0.029383789989658984,14958,5.083585900792683,0.09644929909029651,5.490828542021165,7.43989642031405
discovery,C1/step2000,7,second_half_queries,7481,0.9714643424713106,0,0.0013165784496140987,0.13440938219574247,19200,0.0043208878379847005,11719,5.0763920151706765,0.007652434187031436,5.490828542021165,7.7183870297934725
discovery,C1/step2000,8,all_q_ge1,24317,0.900209096119626,0,0.014383893891548117,1.1104682350936568,38100,0.0303131678463942,13783,5.419628488017146,0.10149957976242201,5.349230884307143,7.556855834325195
discovery,C1/step2000,8,second_half_queries,8840,0.9828847804356426,0,0.003100198785905377,0.27841759145462874,19200,0.007833189840189636,10360,5.391163689450945,0.017301412665657823,5.349230884307143,7.7111414906134845
discovery,C1/step2000,9,all_q_ge1,20570,0.8547876027504117,0,0.014743681066514303,1.1592027194418477,38100,0.03285131851651598,17530,5.775497411971779,0.10778382075984538,5.554361685572574,7.9859353815362155
discovery,C1/step2000,9,second_half_queries,5143,0.9698379164189603,0,0.0015603285407439671,0.14324380835899286,19200,0.004096700935691184,14057,5.816832061149215,0.008936457440864616,5.554361685572574,8.151463174105428
discovery,C1/step500,0,all_q_ge1,38100,0.4732205150323306,0,0.029415576849132777,0.9696865174493465,38100,0.08424588317612138,0,2.369380060248683,0.19668404797263606,6.021445700810205,6.5659469985855115
discovery,C1/step500,0,second_half_queries,19200,0.48889286437474727,0,0.010862727734881143,0.36671647996986717,19200,0.04344573979233685,0,1.9799613344447322,0.06516616240932632,6.021445700810205,6.436228868593953
discovery,C1/step500,1,all_q_ge1,38100,0.5023794035595759,0,0.03598459123944243,1.2495901818044448,38100,0.0516895332841784,0,3.9777702261349592,0.23265858908626974,7.058004814937469,7.3571235940036335
discovery,C1/step500,1,second_half_queries,19200,0.5220669292489091,0,0.008379026657591264,0.38803346340081457,19200,0.021872007730620813,0,3.672915654325316,0.06488495823958099,7.058004814937469,7.925142242682854
discovery,C1/step500,10,all_q_ge1,36617,0.8386119804760379,0,0.015212036585435271,0.7116086339410252,38100,0.026233312361736674,1483,7.210253428968815,0.09671839203907079,6.168735205936991,9.207316306363712
discovery,C1/step500,10,second_half_queries,17736,0.914351582271525,0,0.0020134932539076543,0.12930956682634728,19200,0.004195889189520612,1464,7.368086667151108,0.011189083262996906,6.168735205936991,9.846464662761157
discovery,C1/step500,11,all_q_ge1,35925,0.8477366091759801,0,0.01449081913412859,0.7015570473837529,38100,0.022889683194090422,2175,6.890660759511688,0.09412100423367965,6.471785974109134,9.062985254584339
discovery,C1/step500,11,second_half_queries,17068,0.9269306084700278,0,0.001892134529989562,0.14285031754331567,19200,0.004301248366706967,2132,6.9798558220654146,0.01098962359095538,6.471785974109134,9.685946924118271
discovery,C1/step500,12,all_q_ge1,37999,0.8210680079868795,0,0.018181003304198383,0.8330398869176826,38100,0.030955572612002633,101,6.589078366077874,0.11399783197835883,6.344823749433829,8.684598851383868
discovery,C1/step500,12,second_half_queries,19099,0.8947157281713071,0,0.0035107238727020255,0.21731958892324055,19200,0.007575403535121128,101,6.71980386649542,0.01922838007472392,6.344823749433829,9.323482779384396
discovery,C1/step500,13,all_q_ge1,37435,0.8116329865139555,0,0.01670884249887119,0.7015621168832835,38100,0.027308652522277467,665,6.273820910592345,0.10462408446295798,6.369708663445999,8.496457823167674
discovery,C1/step500,13,second_half_queries,18536,0.8869611262327722,0,0.0013353972328453286,0.08631723959552613,19200,0.003381834333155985,664,6.4201636262504485,0.008000104384150164,6.369708663445999,9.171816703982644
discovery,C1/step500,14,all_q_ge1,38100,0.7570805682606202,0,0.020100750013565025,0.8959607525304922,38100,0.03330760736114496,0,6.114767425004374,0.1315986658660055,6.835405092402067,8.726181747195028
discovery,C1/step500,14,second_half_queries,19200,0.8251671311159373,0,0.0019202116216668703,0.13857327949984524,19200,0.005662391160857269,0,6.125866122544705,0.012780338080163623,6.835405092402067,9.343475778406095
discovery,C1/step500,15,all_q_ge1,38069,0.7614637685771728,0,0.017483323278526464,0.7949481494552825,38100,0.029890469786728137,31,6.1864186584491065,0.1169688428784139,6.741345783330191,8.751363349033705
discovery,C1/step500,15,second_half_queries,19169,0.8256937796940629,0,0.001765246018015508,0.12010315088772487,19200,0.004903721043148217,31,6.234685215838448,0.01115345438665698,6.741345783330191,9.311969304165897
discovery,C1/step500,16,all_q_ge1,38100,0.7427711563488621,0,0.018132038378777603,0.8539270451270242,38100,0.03065116664134074,0,6.408040437333136,0.12484967031656966,6.947760462887978,8.829179057388526
discovery,C1/step500,16,second_half_queries,19200,0.801234337396939,0,0.001853487154294271,0.1156387789368224,19200,0.00463712208735163,0,6.435898410832538,0.011559831832038686,6.947760462887978,9.327381934489228
discovery,C1/step500,17,all_q_ge1,38100,0.7487511686907774,0,0.017565492358990013,0.8656927654006713,38100,0.031891801580008476,0,6.290116294573771,0.12191557737363898,6.990892621815363,8.947710417148086
discovery,C1/step500,17,second_half_queries,19200,0.7990054220465242,0,0.0018750414388584128,0.11906989719603901,19200,0.00461893706342392,0,6.300861116639627,0.011622403714615053,6.990892621815363,9.434490571983158
discovery,C1/step500,18,all_q_ge1,38100,0.7110476957634186,0,0.021885286673593025,1.0146570366116643,38100,0.03747735403205017,0,6.075053591880004,0.1456488559092527,6.675707597185758,8.410478187953181
discovery,C1/step500,18,second_half_queries,19200,0.7618733190855161,0,0.003155321498052217,0.19213057956646687,19200,0.007208555848137255,0,6.095418269394657,0.0189142592377158,6.675707597185758,8.859158552929241
discovery,C1/step500,19,all_q_ge1,38100,0.6842964417366426,0,0.021861120167498787,1.098755018489323,38100,0.04084421834717502,0,5.928791391923771,0.14510439487265925,6.662652281225477,8.376128483419047
discovery,C1/step500,19,second_half_queries,19200,0.7170263770592168,0,0.0035553766670636832,0.23564718562321094,19200,0.008592691547265066,0,5.942700795240926,0.0228054881357041,6.662652281225477,8.809120264373258
discovery,C1/step500,2,all_q_ge1,38100,0.5322173871788533,0,0.03499296973769864,1.3202231315689226,38100,0.0503967536674916,0,4.216533186973695,0.23336570055487196,7.342622558580878,7.946502097524801
discovery,C1/step500,2,second_half_queries,19200,0.5620435127660569,0,0.0066182986840916174,0.3497484766317506,19200,0.01946246296423048,0,3.920501591003233,0.05241225732105977,7.342622558580878,8.648732996601474
discovery,C1/step500,20,all_q_ge1,38100,0.6445565632481838,0,0.029623090913519265,1.29651634047784,38100,0.05414825898718041,0,5.569171087969249,0.1887175884454707,6.460243306942349,7.8865837816684605
discovery,C1/step500,20,second_half_queries,19200,0.6828155397410502,0,0.006936646479492386,0.4060844018158327,19200,0.017362662026016825,0,5.592150014377499,0.04387991461609288,6.460243306942349,8.259348579556269
discovery,C1/step500,21,all_q_ge1,38100,0.6004031402457851,0,0.033795264872411884,1.4152831488365225,38100,0.06190953074982178,0,5.511965035511633,0.21460015736312993,6.295106113593238,7.8053188990872115
discovery,C1/step500,21,second_half_queries,19200,0.6258069747682967,0,0.007689818832053182,0.4150337370153388,19200,0.01702444957973087,0,5.543289378814543,0.0483588196762268,6.295106113593238,8.172452018570956
discovery,C1/step500,22,all_q_ge1,38100,0.6341957321233119,0,0.025051353899762034,1.0358526038799816,38100,0.04464130134759662,0,5.274724522340056,0.15547374158210003,6.406611911836376,7.662872678560095
discovery,C1/step500,22,second_half_queries,19200,0.6604776520938894,0,0.004911840645945631,0.256043549738912,19200,0.011435503673306865,0,5.244352245331524,0.029251410993434923,6.406611911836376,7.962177568488249
discovery,C1/step500,23,all_q_ge1,38100,0.6570353902499454,0,0.03135242155442635,1.4344105143098989,38100,0.05812724974650363,0,5.7362812113322015,0.1989893534055202,6.386152289366524,7.8195619123068925
discovery,C1/step500,23,second_half_queries,19200,0.6896798659956735,0,0.007775520223658532,0.4905191917964238,19200,0.01950180660594854,0,5.723125617525184,0.04987152592855092,6.386152289366524,8.112212969461973
discovery,C1/step500,3,all_q_ge1,38100,0.6539377580218567,0,0.02323544738193353,0.9302534170844718,38100,0.021557198258445463,0,5.56945260840581,0.1542796232720062,9.176175150243196,10.219686866705002
discovery,C1/step500,3,second_half_queries,19200,0.7055703293411174,0,0.0019176086145065105,0.1430250665526658,19200,0.00593529601131082,0,5.36370797436665,0.01575609292134434,9.176175150243196,11.889711335218678
discovery,C1/step500,4,all_q_ge1,38099,0.8222066192605709,0,0.017762945173308252,0.8021030199628948,38100,0.014026026833179347,1,7.066035195632564,0.11970569640753875,10.406592298247244,11.927357484126523
discovery,C1/step500,4,second_half_queries,19199,0.8924200081068986,0,0.0007762723595017936,0.06635151535468345,19200,0.0021416036269772225,1,6.983216173601733,0.005460259500174512,10.406592298247244,14.180963173572389
discovery,C1/step500,5,all_q_ge1,37254,0.8416286834017659,0,0.012926088663128514,0.5717682096754217,38100,0.008981013219790734,846,7.993366580058791,0.08314079379013518,10.465358837601316,12.608748525591615
discovery,C1/step500,5,second_half_queries,18355,0.9148582263780802,0,0.001002035627116129,0.08174584212165285,19200,0.002173818083132085,845,8.034692094105386,0.0063464888767779315,10.465358837601316,15.144876964136675
discovery,C1/step500,6,all_q_ge1,37743,0.8659397435699219,0,0.02103794167128702,1.1264872554860215,38100,0.030058118305177253,357,7.435062522650889,0.12615317410506724,7.968213790139852,10.375214147650759
discovery,C1/step500,6,second_half_queries,18856,0.9435583006810462,0,0.010734682519105263,0.7567392632071351,19200,0.022217515448769026,344,7.550940484846417,0.057582418547804326,7.968213790139852,11.960536695347328
discovery,C1/step500,7,all_q_ge1,30801,0.838532718502101,0,0.013216368633632859,0.5825598881181211,38100,0.016748635307948526,7299,7.455035828714551,0.08240719467075588,6.993397817160835,9.961002967764212
discovery,C1/step500,7,second_half_queries,12588,0.9452048368750654,0,0.0008548133579961359,0.06090485587709335,19200,0.0019577980996591045,6612,7.6990113855269025,0.004817168048584489,6.993397817160835,11.244595032689
discovery,C1/step500,8,all_q_ge1,34090,0.8471390783324001,0,0.010830683661624789,0.4692841618495496,38100,0.015673546308449717,4010,7.392389183445207,0.06849453256627484,6.205726451537003,9.517960268991198
discovery,C1/step500,8,second_half_queries,15509,0.9365855194655396,0,0.000397437838469159,0.026098008442110254,19200,0.0008393663027682671,3691,7.610920685659284,0.0022014828685525084,6.205726451537003,10.334797310946291
discovery,C1/step500,9,all_q_ge1,30142,0.8489085907018522,0,0.01337068629451096,0.6441918577291843,38100,0.021934821534123877,7958,7.4380209091807785,0.08417734442893096,6.09313434840348,9.315486281827996
discovery,C1/step500,9,second_half_queries,11954,0.94970292266942,0,0.0014268316012809616,0.10993979538272539,19200,0.0035336860394294713,7246,7.690126165770957,0.008440325401636594,6.09313434840348,10.107845037966108
discovery,C2/step10000,0,all_q_ge1,38100,0.5993214668148921,0,0.01693389507010579,0.8337953063346716,38100,0.015206365872534143,0,5.303689746007707,0.10504493598054426,6.9983450389246,8.451027168334782
discovery,C2/step10000,0,second_half_queries,19200,0.6290093526952925,0,0.004526748478335018,0.24196436723255238,19200,0.00466119918024356,0,5.164106030117882,0.025315293667904217,6.9983450389246,8.498196541559079
discovery,C2/step10000,1,all_q_ge1,38100,0.6411366345886514,0,0.06121225075175365,1.8715735122781245,38100,0.10320400188962654,0,1.196541732098919,0.1633129641440488,2.349393593641392,2.6431313529774116
discovery,C2/step10000,1,second_half_queries,19200,0.7358831473387415,0,0.025260631293058396,1.115147694548189,19200,0.0689474459565978,0,1.1192571989425106,0.07120600081061906,2.349393593641392,2.7048526163767583
discovery,C2/step10000,10,all_q_ge1,38100,0.402741621657863,0,0.4718087713917096,7.404180404360272,38100,0.6504665458475608,0,3.0467271199166475,1.3369063124988145,0.8212541834215817,3.232799110899891
discovery,C2/step10000,10,second_half_queries,19200,0.4272471898714211,0,0.4267114795247714,6.693448037478018,19200,0.5456820353481957,0,2.9044156474380918,1.1248530436950925,0.8212541834215817,3.09059982490265
discovery,C2/step10000,11,all_q_ge1,38100,0.3843778905741649,0,0.49781109929084777,10.432960598349553,38100,0.77422408500781,0,3.6213612068035905,1.703316687580534,0.8357296799211107,3.813301107518111
discovery,C2/step10000,11,second_half_queries,19200,0.40232794196723326,0,0.45563808927933375,9.48599844711483,19200,0.652569293407556,0,3.4669826267922352,1.460126881631552,0.8357296799211107,3.6584369417837204
discovery,C2/step10000,12,all_q_ge1,38100,0.40868474122127907,0,0.5370898851752282,13.241994220296364,38100,1.2289371296542355,0,3.5404330685011716,1.994453016315031,0.8355071645750415,3.7246792593799376
discovery,C2/step10000,12,second_half_queries,19200,0.41572348374817675,0,0.47838265856107076,11.017580720066702,19200,0.9073625802282046,0,3.3589965470452654,1.657925783664668,0.8355071645750415,3.5329427261280006
discovery,C2/step10000,13,all_q_ge1,38100,0.4725768816042889,0,0.5371505889296532,23.689464327760238,38100,1.82828726809151,0,4.249664585824128,2.4880287806822015,1.0158987218467102,4.5008904621913555
discovery,C2/step10000,13,second_half_queries,19200,0.4918517918581362,0,0.48156242827574414,21.38890458500363,19200,1.5180514881617568,0,4.039686736486207,2.097950146364397,1.0158987218467102,4.282732678455034
discovery,C2/step10000,14,all_q_ge1,38100,0.384541001267448,0,0.4866463721791903,10.145705631870436,38100,0.6948136889993052,0,3.775442726875142,1.738346852355034,0.8772721900895617,3.988764882850189
discovery,C2/step10000,14,second_half_queries,19200,0.4135596104389817,0,0.4151041076580683,8.05903621779994,19200,0.47029935770707054,0,3.5517577845984736,1.3063609991530414,0.8772721900895617,3.7581876021639893
discovery,C2/step10000,15,all_q_ge1,38100,0.42359934389257037,0,0.5408390071988106,19.31655218701563,38100,1.2375747545803188,0,4.51719263205819,2.4479537076996287,0.9958053172745494,4.736196749566867
discovery,C2/step10000,15,second_half_queries,19200,0.43167143032857996,0,0.4884014880657196,16.37964130095233,19200,0.9277299119306095,0,4.327768528230742,2.060582446871977,0.9958053172745494,4.551975265767304
discovery,C2/step10000,16,all_q_ge1,38100,0.33235728454295016,0,0.6355966252088546,13.469302599296832,38100,0.9549665259690833,0,4.3392059210423595,2.577142939684138,0.7832479259833036,4.479879948347836
discovery,C2/step10000,16,second_half_queries,19200,0.3396362837228726,0,0.5885057710607846,11.89905696587129,19200,0.7303511810697729,0,4.207335258498744,2.2490963236633696,0.7832479259833036,4.351194520455108
discovery,C2/step10000,17,all_q_ge1,38100,0.3615297275237996,0,0.5737522439161936,9.948770072554524,38100,0.6075076430415406,0,3.9402203287488167,2.034606648761244,0.917921895633315,4.151668396994536
discovery,C2/step10000,17,second_half_queries,19200,0.3786124215626147,0,0.5250593678156534,8.536409483334467,19200,0.4702029397846524,0,3.8045602169388575,1.7417596022279,0.917921895633315,4.028440209691743
discovery,C2/step10000,18,all_q_ge1,38100,0.35526009271040554,0,0.6335499918460846,12.657010907841155,38100,0.8799718888539579,0,4.26004082165311,2.455503369837542,0.922690876934389,4.470721860501926
discovery,C2/step10000,18,second_half_queries,19200,0.36598662791765174,0,0.576646599471569,10.571180099775093,19200,0.6494954547266752,0,4.1150334245832685,2.0820929005758524,0.922690876934389,4.339020203828534
discovery,C2/step10000,19,all_q_ge1,38100,0.3605636706478381,0,0.6792800432443619,17.698328076596493,38100,1.2364285660853152,0,4.459755168996209,2.9343685625164637,0.8473640580887424,4.626378385968797
discovery,C2/step10000,19,second_half_queries,19200,0.37506159991296295,0,0.6342316075166067,16.646194480140956,19200,1.0708255652971768,0,4.361820416377098,2.6743265928103015,0.8473640580887424,4.54442872999288
discovery,C2/step10000,2,all_q_ge1,38100,0.7241030635500484,0,0.05993213241298993,1.7379117272999909,38100,0.16937757397462735,0,1.1151647936696782,0.1544813091965652,2.185081639742046,2.535062202721732
discovery,C2/step10000,2,second_half_queries,19200,0.7999150384207232,0,0.032890708421667414,1.2828125337498386,19200,0.1489184069067738,0,1.0469703742620762,0.0830072171417511,2.185081639742046,2.605775051062499
discovery,C2/step10000,20,all_q_ge1,38100,0.349482076433156,0,0.6438463977972666,12.560409379181626,38100,0.8453355520270233,0,4.300213910849609,2.436128927391128,0.9799864865941669,4.474061200839515
discovery,C2/step10000,20,second_half_queries,19200,0.3612405302548401,0,0.6008577485879262,11.478012406812613,19200,0.705467214006462,0,4.257730926263991,2.1920945934277687,0.9799864865941669,4.44743895366339
discovery,C2/step10000,21,all_q_ge1,38100,0.36147662822749865,0,0.5512116005023321,11.769531254403685,38100,0.604456588352781,0,4.36463556620032,2.120019480656363,1.5584662822962712,4.828924732633266
discovery,C2/step10000,21,second_half_queries,19200,0.37126186190100746,0,0.5154081112146378,10.601168732932443,19200,0.5327375221125475,0,4.340041400164611,1.9119423399724726,1.5584662822962712,4.807008324083377
discovery,C2/step10000,22,all_q_ge1,38100,0.463481301933235,0,0.2984831111133099,7.471010520736793,38100,0.3136135120850863,0,4.054404713856698,1.0734202253582295,4.567317700875736,6.637295132969412
discovery,C2/step10000,22,second_half_queries,19200,0.48562236909493767,0,0.2529008456071218,5.6211989683507,19200,0.23799948332034868,0,4.011165888621598,0.8451711608610399,4.567317700875736,6.627336335477177
discovery,C2/step10000,23,all_q_ge1,38100,0.5576671450326911,0,0.06792814799274008,3.4787355045372017,38100,0.11339580294365802,0,4.167403230017986,0.34850621328500075,4.899241294144967,6.480541578634367
discovery,C2/step10000,23,second_half_queries,19200,0.5954300367991793,0,0.030702199779916554,1.6510312123296822,19200,0.0561053286506951,0,4.091608661727102,0.14386746890425864,4.899241294144967,6.470656743301904
discovery,C2/step10000,3,all_q_ge1,38100,0.7382450863422507,0,0.05161285895854235,1.696167847287225,38100,0.15308519097598763,0,1.4563330487616715,0.15691072045999016,2.0295212986139317,2.6017890792468363
discovery,C2/step10000,3,second_half_queries,19200,0.8578481095071386,0,0.021854609567672014,1.0714089516162764,19200,0.1064578996931406,0,1.3858553786304104,0.06299460596154975,2.0295212986139317,2.611407774016461
discovery,C2/step10000,4,all_q_ge1,38100,0.7086650897631219,0,0.08494481650491556,2.0248358906093396,38100,0.2014784554417543,0,1.5635589630840636,0.21051900450062772,1.636248765950258,2.3573603670243863
discovery,C2/step10000,4,second_half_queries,19200,0.8217945307571858,0,0.041324186008423566,1.1503778881378746,19200,0.11731938407985408,0,1.492925535851934,0.08391700191573766,1.636248765950258,2.3191659339401762
discovery,C2/step10000,5,all_q_ge1,38100,0.6059104582060977,0,0.19306902532776196,4.365685951772228,38100,0.459196650655754,0,1.8369005040834137,0.47043670147809513,1.3731345601081846,2.3880604740764437
discovery,C2/step10000,5,second_half_queries,19200,0.6789839869096036,0,0.139657835389177,3.4861832964381763,19200,0.36333496317513514,0,1.7383591332022061,0.3091123043973119,1.3731345601081846,2.3170243908027572
discovery,C2/step10000,6,all_q_ge1,38100,0.6172736183404248,0,0.24731561442216238,8.92552155774874,38100,0.9049038051263469,0,2.2790291191444356,0.7916810086609471,1.180888628537433,2.687082319009123
discovery,C2/step10000,6,second_half_queries,19200,0.6564147352278135,0,0.20984365582466125,8.464386463024198,19200,0.8509241459882178,0,2.1826745611702147,0.6638080267382379,1.180888628537433,2.6085756620967975
discovery,C2/step10000,7,all_q_ge1,38100,0.4665519466569224,0,0.41272645990053813,10.37256256788807,38100,1.0594624611780592,0,2.6026180565852863,1.2172380137190906,0.9612351120122202,2.85699518479557
discovery,C2/step10000,7,second_half_queries,19200,0.4831193439802295,0,0.38365885883569717,9.84895697292249,19200,0.9928990108664497,0,2.4970679623800223,1.088646515771346,0.9612351120122202,2.766554940401272
discovery,C2/step10000,8,all_q_ge1,38100,0.45838438663860853,0,0.3747164660692215,8.383036197388934,38100,0.6706135209221129,0,3.0316426595586146,1.1102540138029686,1.0264515707996784,3.3050866941897263
discovery,C2/step10000,8,second_half_queries,19200,0.478799435798375,0,0.34258452703555425,7.710894062125021,19200,0.600024183404337,0,2.895383946177171,0.9465694313218321,1.0264515707996784,3.173900894179044
discovery,C2/step10000,9,all_q_ge1,38100,0.49098058461714045,0,0.3307277211546898,7.339263142044535,38100,0.543030429995166,0,3.207184242617364,0.9763100560932936,1.0442522421420866,3.443898418717711
discovery,C2/step10000,9,second_half_queries,19200,0.5170888797197303,0,0.2954836051662763,6.612051263155486,19200,0.4697720201090531,0,3.0658825591224432,0.8046154159354314,1.0442522421420866,3.297660061638595
discovery,C2/step2000,0,all_q_ge1,38100,0.6389498150406507,0,0.015554215886319677,1.0987646595334681,38100,0.01910626314834729,0,6.777587359535527,0.1320558888753995,9.374497895316482,11.361166235993368
discovery,C2/step2000,0,second_half_queries,19200,0.6622622064599716,0,0.004855894315211723,0.34123650291826274,19200,0.006267039693729661,0,6.578683741198177,0.03587215848701755,9.374497895316482,11.368988676802081
discovery,C2/step2000,1,all_q_ge1,38100,0.7318634901287571,0,0.059657527655363085,4.751194333686018,38100,0.0753595654919452,0,4.128494914114334,0.39699973769312036,6.141248395878793,6.964275994844358
discovery,C2/step2000,1,second_half_queries,19200,0.8077798847228036,0,0.028382135691742104,3.6000706664770434,19200,0.06079593493694341,0,4.007520960117771,0.2203594661033933,6.141248395878793,7.462171598014908
discovery,C2/step2000,10,all_q_ge1,38100,0.4141656154887736,0,0.45955677568912506,12.217986275831722,38100,0.44411205134747617,0,5.4869412528776165,2.019738103514434,2.3910179535188356,6.076510496435071
discovery,C2/step2000,10,second_half_queries,19200,0.42844505753137324,0,0.4324227187037468,11.512948318795427,19200,0.3925135286724439,0,5.534576380672867,1.860979323961885,2.3910179535188356,6.149932380176178
discovery,C2/step2000,11,all_q_ge1,38100,0.41811694068812544,0,0.48373587906360627,16.589878564812405,38100,0.5307800940054451,0,5.873839925414074,2.3083875966307157,2.372613616846092,6.425495874757775
discovery,C2/step2000,11,second_half_queries,19200,0.4337105717513876,0,0.45469266424576443,16.142409405412334,19200,0.4812612484574264,0,5.948107135422912,2.1456337250977637,2.372613616846092,6.546134324718086
discovery,C2/step2000,12,all_q_ge1,38100,0.4077833636645496,0,0.4837400911251704,11.623181426511444,38100,0.4563965037133139,0,5.096333311682553,1.9886817307198263,2.252440716153992,5.68704324742897
discovery,C2/step2000,12,second_half_queries,19200,0.4299381339258404,0,0.43445010006427764,10.062344791387757,19200,0.3408898713015468,0,5.175400207999281,1.6886806753477397,2.252440716153992,5.791489231276749
discovery,C2/step2000,13,all_q_ge1,38100,0.42986972538499274,0,0.5149821095665296,16.830133986514358,38100,0.6020461594774053,0,5.549683104019417,2.359553446904823,2.3762254484910086,6.147905654355235
discovery,C2/step2000,13,second_half_queries,19200,0.4495611479652097,0,0.46631439954042436,14.561739772388973,19200,0.47020872292458554,0,5.5835448856330165,2.018114257447966,2.3762254484910086,6.222886705029581
discovery,C2/step2000,14,all_q_ge1,38100,0.44294239906049254,0,0.44172353158394495,12.966350456591092,38100,0.4307066560874256,0,5.6734352913109545,1.9865364901097948,2.401663729280456,6.251329027459699
discovery,C2/step2000,14,second_half_queries,19200,0.47989493363195984,0,0.3780416277050972,11.164477749177006,19200,0.32685362244733746,0,5.696455750566197,1.605310613454678,2.401663729280456,6.311134291105023
discovery,C2/step2000,15,all_q_ge1,38100,0.41870591349524283,0,0.46745432168245316,12.585549424509097,38100,0.44131296798559727,0,5.542208450285826,2.104283996100047,2.3816880345018077,6.12565523793149
discovery,C2/step2000,15,second_half_queries,19200,0.4468080847165433,0,0.4068238548437754,10.381358696287183,19200,0.3169790166070233,0,5.5468093767794935,1.715072658139024,2.3816880345018077,6.183495591130531
discovery,C2/step2000,16,all_q_ge1,38100,0.37575994812810704,0,0.5846434320012729,12.134124360650956,38100,0.49375090761198365,0,5.241883539362442,2.507642689095012,2.032092191163715,5.665681259922119
discovery,C2/step2000,16,second_half_queries,19200,0.3897669106260346,0,0.5330893447995186,10.359991468090726,19200,0.37819696432135447,0,5.2293121988915345,2.1913403390767274,2.032092191163715,5.684778683639527
discovery,C2/step2000,17,all_q_ge1,38100,0.38483319511905273,0,0.56693639198939,11.933211195901023,38100,0.41777096901819194,0,5.384207395896111,2.394094842300067,2.1695678272997023,5.8463343885696055
discovery,C2/step2000,17,second_half_queries,19200,0.39919216996268164,0,0.5256906508406003,10.435828921816185,19200,0.33417247179308857,0,5.341254648411964,2.114193251895634,2.1695678272997023,5.837985082602533
discovery,C2/step2000,18,all_q_ge1,38100,0.3732436956670185,0,0.6313944751024246,12.526144511184796,38100,0.5546248482775233,0,5.039653426957789,2.6269977375274283,2.0904126220538766,5.442387784234759
discovery,C2/step2000,18,second_half_queries,19200,0.382304848308433,0,0.5804480856657028,10.52354102239484,19200,0.4182422792092181,0,5.002540323103419,2.2898188531905324,2.0904126220538766,5.460559164386948
discovery,C2/step2000,19,all_q_ge1,38100,0.3539855205483539,0,0.6422067991892497,11.654498745032056,38100,0.49402226751681927,0,4.986523632639173,2.741598614197422,2.2132762201994716,5.436245300610446
discovery,C2/step2000,19,second_half_queries,19200,0.36257425491898093,0,0.6000484669208527,10.210394965903347,19200,0.3900023564083253,0,4.981111216928302,2.478229186998922,2.2132762201994716,5.47509865894822
discovery,C2/step2000,2,all_q_ge1,38100,0.7938940019608031,0,0.04787764117121696,3.8708919873556353,38100,0.10815405820318616,0,3.3202276241774276,0.2873230052709566,5.374889320348911,6.523616597623262
discovery,C2/step2000,2,second_half_queries,19200,0.8594280829002607,0,0.02541805583673219,3.6859880520591486,19200,0.10842145373772828,0,3.3432707888265365,0.19286145914132957,5.374889320348911,7.27012034298678
discovery,C2/step2000,20,all_q_ge1,38100,0.38112991251283745,0,0.6349947210152944,13.455726991684314,38100,0.561048279383415,0,5.123537271743449,2.7057648759110786,2.2985411256615094,5.567852449124555
discovery,C2/step2000,20,second_half_queries,19200,0.38895279798973803,0,0.588908739288648,11.644639235232349,19200,0.4443908083225775,0,5.107307051182457,2.400959693203882,2.2985411256615094,5.5927201781473785
discovery,C2/step2000,21,all_q_ge1,38100,0.40608503991244704,0,0.5268412950634956,12.384661043990628,38100,0.3988615974136961,0,5.451645740047565,2.29557898747676,3.193743418358777,6.2566943314137715
discovery,C2/step2000,21,second_half_queries,19200,0.41816988049936377,0,0.48102752844492597,10.248984895267604,19200,0.31559263363220985,0,5.435483477119616,1.9686979569312104,3.193743418358777,6.293422666685283
discovery,C2/step2000,22,all_q_ge1,38100,0.5112892957146206,0,0.27852463960647583,8.900661648386276,38100,0.23889216519503767,0,5.562309281372786,1.3324164614249652,4.920845068703329,7.324356844070508
discovery,C2/step2000,22,second_half_queries,19200,0.5498844880777312,0,0.2294025190671285,7.364738612331557,19200,0.19452822793638422,0,5.579022977159079,1.05398287861923,4.920845068703329,7.5234237579621865
discovery,C2/step2000,23,all_q_ge1,38100,0.6726933037018421,0,0.06650722126786908,5.0109254475772085,38100,0.12246695036781736,0,5.690046737754828,0.4644148688511038,6.380791225470893,8.289652831756106
discovery,C2/step2000,23,second_half_queries,19200,0.7242107720594991,0,0.02974944542472561,2.863487263177344,19200,0.07213756245765177,0,5.657058217228723,0.2105416327547184,6.380791225470893,8.447173406153217
discovery,C2/step2000,3,all_q_ge1,38100,0.776451688444672,0,0.03565511646370093,2.300471277746947,38100,0.06653674691566708,0,4.051331261308878,0.20042886418119887,4.526468109084234,6.156562902218476
discovery,C2/step2000,3,second_half_queries,19200,0.8928521230307809,0,0.010916822557337582,1.6249427905374467,19200,0.05079171997321608,0,4.018281094836713,0.08105339012514629,4.526468109084234,6.587233437390645
discovery,C2/step2000,4,all_q_ge1,38100,0.7439260962299787,0,0.09418746309975783,3.225564502080473,38100,0.10733609139985449,0,4.219237510980196,0.3635041942116666,3.748386186196218,5.668394150669128
discovery,C2/step2000,4,second_half_queries,19200,0.8063005459009007,0,0.06987469715376694,2.170394894224617,19200,0.07131910286025582,0,4.186300442623182,0.2267319524180306,3.748386186196218,5.862771816339378
discovery,C2/step2000,5,all_q_ge1,38100,0.67239214365588,0,0.18809123009443282,9.882007324827596,38100,0.3591986313157436,0,4.524386306837872,0.8639121465236678,3.0174692336422737,5.512216556956474
discovery,C2/step2000,5,second_half_queries,19200,0.7374983321564913,0,0.1395005226880312,8.990399901455605,19200,0.3149876868468324,0,4.506767168909737,0.6560628296211773,3.0174692336422737,5.596403203362669
discovery,C2/step2000,6,all_q_ge1,38100,0.6398292040861764,0,0.22152729069193206,18.161849633356113,38100,0.6391732713030094,0,5.0556065351241894,1.3342805882896305,3.014185124980538,6.05384779027525
discovery,C2/step2000,6,second_half_queries,19200,0.6773387801295786,0,0.18738132372498512,17.823659533493117,19200,0.6062028535560909,0,5.058505677697091,1.170017210076465,3.014185124980538,6.1063761897669195
discovery,C2/step2000,7,all_q_ge1,38100,0.5299402000602762,0,0.38388289491335553,21.426249086643214,38100,0.7541973266903303,0,5.370363191270067,1.9744090135359855,2.5293626444215582,6.039237167898057
discovery,C2/step2000,7,second_half_queries,19200,0.5477783519195724,0,0.3561206719279289,20.774043909385604,19200,0.6959858869491131,0,5.378138076960542,1.8083079266882434,2.5293626444215582,6.085328615014352
discovery,C2/step2000,8,all_q_ge1,38100,0.5205857691025039,0,0.35884060780207316,17.87031581344802,38100,0.565852726940888,0,5.6277694952946495,1.81250290310599,2.662958984391676,6.353134665991116
discovery,C2/step2000,8,second_half_queries,19200,0.5359416984748802,0,0.336312837600708,17.289886525178396,19200,0.5299186370384145,0,5.63973885872749,1.6735959111622443,2.662958984391676,6.382912002297605
discovery,C2/step2000,9,all_q_ge1,38100,0.49627280764639703,0,0.31895657628774643,12.390429451716313,38100,0.35069521950825777,0,5.969099415300385,1.526500434229856,2.814348263176376,6.69614403051178
discovery,C2/step2000,9,second_half_queries,19200,0.5197079383318552,0,0.2887304123242696,11.59568001605685,19200,0.3102000631678251,0,6.007485307033109,1.3633167873409928,2.814348263176376,6.767836685151111
discovery,C2/step500,0,all_q_ge1,38100,0.4721786936191167,0,0.033515273965895175,1.118071691648708,38100,0.09663978499731044,0,2.411573195009129,0.22532117479174937,5.993578735874406,6.582933304598682
discovery,C2/step500,0,second_half_queries,19200,0.48598333086924717,0,0.013117174257834752,0.4285065585640835,19200,0.050584208030337204,0,2.0042196895158813,0.07759452965723035,5.993578735874406,6.417428389541619
discovery,C2/step500,1,all_q_ge1,38100,0.5950252465734696,0,0.0665929279724757,3.2308983306475643,38100,0.13404440529331077,0,4.029953940328425,0.5172803444527229,7.094504717383596,7.937619002725242
discovery,C2/step500,1,second_half_queries,19200,0.6667186770593686,0,0.02148523978268107,1.8514548001645912,19200,0.09091784644247788,0,3.834832891426252,0.21268895088812656,7.094504717383596,8.580316576697058
discovery,C2/step500,10,all_q_ge1,38100,0.3861047880840771,0,0.49665023942788444,10.651135698986293,38100,0.46378121917432447,0,5.909164387608808,2.3937941792602806,3.8937571671829954,6.797798393713976
discovery,C2/step500,10,second_half_queries,19200,0.39517867838045057,0,0.47435602873563765,10.292479037954115,19200,0.4372910019786631,0,5.900902549351206,2.2703780718948736,3.8937571671829954,6.948683938022822
discovery,C2/step500,11,all_q_ge1,38100,0.4063733706143005,0,0.5139751278360685,14.244123491202549,38100,0.542582004599356,0,6.11102405783926,2.726756378091206,4.137322241121139,7.263706587827074
discovery,C2/step500,11,second_half_queries,19200,0.4175053594349821,0,0.4866894103089968,14.000641693441123,19200,0.5211652818132065,0,6.112632740352828,2.593583786857412,4.137322241121139,7.422332954006357
discovery,C2/step500,12,all_q_ge1,38100,0.43279440649307055,0,0.4667677401502927,12.347493836921137,38100,0.5148882216545408,0,5.9520731851769995,2.3360681351483636,4.1026969595141285,7.053715497957447
discovery,C2/step500,12,second_half_queries,19200,0.4521607589185961,0,0.43130172073841094,12.240662108978814,19200,0.48354900821298513,0,6.040773532879717,2.192405213174308,4.1026969595141285,7.352063832048985
discovery,C2/step500,13,all_q_ge1,38100,0.40199855877040486,0,0.5192485001683235,11.648456562646462,38100,0.5928205382420827,0,5.27922216366168,2.475584213881427,3.9663681679268405,6.433977448675869
discovery,C2/step500,13,second_half_queries,19200,0.4165915130960296,0,0.4820379768808683,11.112058693263311,19200,0.5402162260357918,0,5.284148442930583,2.277960015625499,3.9663681679268405,6.602062770038511
discovery,C2/step500,14,all_q_ge1,38100,0.42112755394943496,0,0.4573746047417323,10.591310601318247,38100,0.5732367705664684,0,4.935712912275964,2.1530180568241777,4.11272923590734,6.198295108069322
discovery,C2/step500,14,second_half_queries,19200,0.4422630998705111,0,0.4185120510061582,10.069312335800225,19200,0.5454296102075652,0,4.845636010034238,1.928594336312545,4.11272923590734,6.287586734930804
discovery,C2/step500,15,all_q_ge1,38100,0.4139509743273869,0,0.482887954612573,10.511801828152883,38100,0.46913249572543203,0,5.258183484844533,2.2574660566659737,4.091076745331607,6.424155919114083
discovery,C2/step500,15,second_half_queries,19200,0.43180961004255114,0,0.44723830084005994,9.942332728889488,19200,0.4216355932470139,0,5.235460827641833,2.0462833007451064,4.091076745331607,6.556367834694672
discovery,C2/step500,16,all_q_ge1,38100,0.38169546663335224,0,0.5946994612614314,10.122424672725915,38100,0.5747650904753511,0,4.705130647642931,2.5093254064519295,3.7762856572514236,5.575790116867042
discovery,C2/step500,16,second_half_queries,19200,0.3907782243698067,0,0.572713050643603,9.835903923747068,19200,0.5513836992125658,0,4.644817378314211,2.384905738636334,3.7762856572514236,5.640919208802713
discovery,C2/step500,17,all_q_ge1,38100,0.37431807744178397,0,0.562260049978892,9.511947450947469,38100,0.5344452996257287,0,4.701323754137526,2.42404168107753,3.966986333116597,5.772525672258209
discovery,C2/step500,17,second_half_queries,19200,0.3794244091463004,0,0.5444446449478467,9.212090199342573,19200,0.49723161737891747,0,4.688468199074847,2.3282257409153746,3.966986333116597,5.871407106910709
discovery,C2/step500,18,all_q_ge1,38100,0.3773985651403203,0,0.5939174890518188,10.250944908159669,38100,0.6669897417390936,0,4.3244812559308246,2.5813440232036595,4.017900503261505,5.459555547308824
discovery,C2/step500,18,second_half_queries,19200,0.385554143450962,0,0.5672071397304534,9.832405579493638,19200,0.6264085134108112,0,4.271638226429967,2.4287164455748034,4.017900503261505,5.545432605793769
discovery,C2/step500,19,all_q_ge1,38100,0.3710641505196234,0,0.658511321345965,11.426160697130504,38100,0.6411342819453246,0,4.495062101952928,2.9250552939129673,4.042330735131331,5.6266365581604285
discovery,C2/step500,19,second_half_queries,19200,0.3781495828490366,0,0.6328239222367604,11.077999967639839,19200,0.5950337756025389,0,4.473615179927361,2.7954570089092377,4.042330735131331,5.754484439088941
discovery,C2/step500,2,all_q_ge1,38100,0.6998389543170576,0,0.04897853186354041,2.7060307192455,38100,0.06980434666004373,0,5.153659529599669,0.3711549045340155,9.395491929103311,10.020401155723802
discovery,C2/step500,2,second_half_queries,19200,0.7639709069612571,0,0.009735219630723197,1.2281518433831562,19200,0.05044452095325667,0,4.711796883300705,0.10864497118827278,9.395491929103311,11.707056844359242
discovery,C2/step500,20,all_q_ge1,38100,0.37263608240575863,0,0.6038414245843887,10.380605066486526,38100,0.6806933224528157,0,4.452414442131522,2.6690418672623255,4.010352244516976,5.502929762875528
discovery,C2/step500,20,second_half_queries,19200,0.38011892485568766,0,0.5784401591618856,9.99387827593753,19200,0.6306049742438392,0,4.433825222637395,2.525642791131887,4.010352244516976,5.580288867006201
discovery,C2/step500,21,all_q_ge1,38100,0.39188278021142675,0,0.5320816579461097,10.712010038846415,38100,0.5789469233759225,0,4.622859320875591,2.5633614712448547,4.6402009744090575,6.1089115766215745
discovery,C2/step500,21,second_half_queries,19200,0.3993166340878273,0,0.5085571979482969,10.248743053521101,19200,0.5369522576683918,0,4.583112776626034,2.418794527583873,4.6402009744090575,6.173622392799785
discovery,C2/step500,22,all_q_ge1,38100,0.4717228701670195,0,0.3179634430507819,8.761865174601754,38100,0.42538259042210114,0,4.838471725380415,1.682793797972582,5.298720743472662,6.8882537184350126
discovery,C2/step500,22,second_half_queries,19200,0.49218783153261325,0,0.28342289199431736,7.871155745619166,19200,0.3650870531855128,0,4.809198042007808,1.464647808621437,5.298720743472662,7.0221989529621345
discovery,C2/step500,23,all_q_ge1,38100,0.6172547314164125,0,0.08050781225164731,4.195644282153904,38100,0.17826885766578085,0,5.224519962997061,0.5829414368667354,6.392861188736031,8.25013041978421
discovery,C2/step500,23,second_half_queries,19200,0.6650054546643595,0,0.037253228629318375,2.270388087738017,19200,0.09416751834634923,0,5.176864460772184,0.2659346772989761,6.392861188736031,8.405245544925654
discovery,C2/step500,3,all_q_ge1,38100,0.7775688509109512,0,0.02797085496596992,1.2715232343536984,38100,0.02392679593978976,0,7.909732561196112,0.1939016292433021,8.187144246889558,10.913556964863451
discovery,C2/step500,3,second_half_queries,19200,0.8859809249554101,0,0.0024432121735299007,0.2237706511394631,19200,0.005485062789366827,0,7.849574853746356,0.02040310477785322,8.187144246889558,12.661949978111815
discovery,C2/step500,4,all_q_ge1,38100,0.8112460350689985,0,0.07806708086282015,4.8653737275305255,38100,0.13273639458417014,0,7.273989687527212,0.5001864141173752,6.058911124418679,9.4513358286873
discovery,C2/step500,4,second_half_queries,19200,0.8942250388410351,0,0.044434621346493564,3.957420950982371,19200,0.10316534630947057,0,7.412648947404171,0.29845813877104355,6.058911124418679,10.25136830403513
discovery,C2/step500,5,all_q_ge1,38100,0.6760339339542223,0,0.17511202444632848,10.34356930146709,38100,0.3002622196529508,0,7.2908716020786395,1.169682519326527,5.5455894438502185,9.251739197930023
discovery,C2/step500,5,second_half_queries,19200,0.748645497998437,0,0.13111365526914598,9.653506289345238,19200,0.26466531268874394,0,7.450313463975651,0.9376680019473166,5.5455894438502185,9.802602364354772
discovery,C2/step500,6,all_q_ge1,38100,0.5210838649434071,0,0.2722755974034468,11.205785027322507,38100,0.34911092150574885,0,7.169669540302124,1.6325687962519897,4.83761489245032,8.643087085983796
discovery,C2/step500,6,second_half_queries,19200,0.551461461687607,0,0.2414437094827493,10.675308772467126,19200,0.32380756041272696,0,7.237397707024138,1.4542278971579772,4.83761489245032,8.947847066208501
discovery,C2/step500,7,all_q_ge1,38100,0.47787383420174173,0,0.4161961469054222,18.30185924517417,38100,0.6960674139405156,0,6.973558601103133,2.6886409198179506,4.223717257465556,8.065087720038274
discovery,C2/step500,7,second_half_queries,19200,0.4949503260427327,0,0.37947090665499367,17.30139968083382,19200,0.6288394264934489,0,7.029760955501,2.43969164761549,4.223717257465556,8.29067977863646
discovery,C2/step500,8,all_q_ge1,38100,0.4619016047479341,0,0.3932020421822866,14.026346763254075,38100,0.4785301372333256,0,6.806224284443782,2.2654595131409967,4.574182448281507,8.135138525916846
discovery,C2/step500,8,second_half_queries,19200,0.47687815428626784,0,0.3682977526386579,13.349313239264477,19200,0.44714618325695116,0,6.805778447159262,2.091742338468146,4.574182448281507,8.31300633834454
discovery,C2/step500,9,all_q_ge1,38100,0.5112306445774345,0,0.3188795692722003,12.148309319918818,38100,0.3999692010928088,0,7.068376607907525,1.7997182767400748,4.458318002948108,8.193370984275
discovery,C2/step500,9,second_half_queries,19200,0.5380578540006979,0,0.2876832861204942,11.826480905724733,19200,0.3768041356584791,0,7.096518728473921,1.6350472039049186,4.458318002948108,8.42786906186291
discovery,C3/step10000,0,all_q_ge1,38100,0.6332849164384372,0,0.014223176926995318,0.8487811772953666,38100,0.014699570232910703,0,5.964042229866738,0.09799647289424984,7.498440426205805,9.16824272417157
discovery,C3/step10000,0,second_half_queries,19200,0.6646383022461623,0,0.003083240588118012,0.2021525598008935,19200,0.0035874683911665765,0,5.8374384842157125,0.018079275908206602,7.498440426205805,9.26442333510853
discovery,C3/step10000,1,all_q_ge1,38100,0.6344787994352187,0,0.05718452617526054,1.7966674132718994,38100,0.123567266471008,0,1.100184611763527,0.15571672607869688,2.3429898848281816,2.595575113300872
discovery,C3/step10000,1,second_half_queries,19200,0.7160125032760728,0,0.023171139163896442,1.031856713180776,19200,0.0780526183212241,0,1.054411619103212,0.0684728979016907,2.3429898848281816,2.674161091980547
discovery,C3/step10000,10,all_q_ge1,38100,0.37549049552890873,0,0.5661590665578842,9.662991712800311,38100,0.856773804216755,0,3.4334062169139585,1.815816979275131,0.7490320041376657,3.6021658861697667
discovery,C3/step10000,10,second_half_queries,19200,0.3953715167483017,0,0.5174547577897708,8.41569471073477,19200,0.6797357746074255,0,3.2537139983517163,1.5249502993526387,0.7490320041376657,3.418594937134825
discovery,C3/step10000,11,all_q_ge1,38100,0.3552563756320827,0,0.630859586596489,8.925175967124858,38100,0.7113279772777457,0,3.6574962747991107,2.069059428491597,0.7359954196232082,3.7975633296363123
discovery,C3/step10000,11,second_half_queries,19200,0.374835665201605,0,0.584175430337588,7.565068888523231,19200,0.5361042624607611,0,3.4618103014795496,1.7332578334958033,0.7359954196232082,3.596971613078051
discovery,C3/step10000,12,all_q_ge1,38100,0.502974849479653,0,0.6280594386657079,24.868600361576522,38100,2.0408384728685,0,4.2846472929090655,2.7541532123533092,0.8149470713314813,4.4718850735653115
discovery,C3/step10000,12,second_half_queries,19200,0.5169662107045921,0,0.5891822505990664,22.93643822714545,19200,1.759883722475363,0,4.075631636332584,2.4287125134447725,0.8149470713314813,4.259455268188616
discovery,C3/step10000,13,all_q_ge1,38100,0.38915535759525866,0,0.6734491765499115,15.260551261426611,38100,1.3381828150051067,0,4.205690786232023,2.70803440358012,0.7322969132335767,4.3475021893403145
discovery,C3/step10000,13,second_half_queries,19200,0.3873189520851378,0,0.6201753516991934,12.070534690456507,19200,0.8709373297865952,0,3.9926905217971234,2.268561658419825,0.7322969132335767,4.138144000204033
discovery,C3/step10000,14,all_q_ge1,38100,0.4292291271203373,0,0.6017080124219258,19.619194247608874,38100,1.5976176625629228,0,4.371022923579392,2.622995164819119,0.7386305752903278,4.498458776760744
discovery,C3/step10000,14,second_half_queries,19200,0.4432048226055672,0,0.5393314697345097,16.87276287173705,19200,1.1839129260440473,0,4.137653163622189,2.18064989300406,0.7386305752903278,4.274449508766202
discovery,C3/step10000,15,all_q_ge1,38100,0.35274791539397676,0,0.5926171318689982,11.43580823390309,38100,0.7746123474109659,0,4.002393129928743,2.214136240257716,0.9131724276781149,4.224031954806518
discovery,C3/step10000,15,second_half_queries,19200,0.3634454884041449,0,0.5406933558980623,9.543463696044729,19200,0.57534450828987,0,3.8161775237719593,1.847130491352158,0.9131724276781149,4.0361608514983915
discovery,C3/step10000,16,all_q_ge1,38100,0.3298983046971655,0,0.6751074471076329,12.042829343784383,38100,0.7583282600106631,0,4.453839318330356,2.7143394760506365,0.7223922355412549,4.577468964786684
discovery,C3/step10000,16,second_half_queries,19200,0.34276855555146374,0,0.6356278246641159,10.968080890318019,19200,0.6140473986259192,0,4.328248912869073,2.425018699134977,0.7223922355412549,4.459345734200154
discovery,C3/step10000,17,all_q_ge1,38100,0.330528134770079,0,0.6579431809981664,12.264512913316922,38100,0.8228388379806859,0,4.460935814044885,2.689351536417915,0.7279190776148279,4.5833985640257895
discovery,C3/step10000,17,second_half_queries,19200,0.343917492537018,0,0.6027634837230047,10.75643738030554,19200,0.6192313506683785,0,4.348181853621787,2.3358139458445795,0.7279190776148279,4.4794510458667585
discovery,C3/step10000,18,all_q_ge1,38100,0.34114540504655594,0,0.6959563984473547,14.006275462484226,38100,1.0324386351422608,0,4.349092681209681,2.8497408489530542,0.834896477059491,4.52511087778044
discovery,C3/step10000,18,second_half_queries,19200,0.35470799183496593,0,0.6526597666740418,13.03291993607214,19200,0.8912886719978326,0,4.21658125817463,2.5573484223184875,0.834896477059491,4.392918998650185
discovery,C3/step10000,19,all_q_ge1,38100,0.32340875406072894,0,0.7273139506578445,12.566405714551706,38100,1.0269859124090153,0,4.200824096324135,2.858693348843839,0.8008188052806801,4.3467626083842354
discovery,C3/step10000,19,second_half_queries,19200,0.33416624941092393,0,0.6811657420794169,11.07904137271845,19200,0.7865511153189868,0,4.063275274110503,2.5249816162477416,0.8008188052806801,4.223282693167274
discovery,C3/step10000,2,all_q_ge1,38100,0.7077924421900836,0,0.052753630640606085,1.5310541138257363,38100,0.15481947500500556,0,1.1268432312018308,0.1477350541658472,2.277152146351461,2.6097312153202896
discovery,C3/step10000,2,second_half_queries,19200,0.7960839884020662,0,0.022683167795961103,0.9905109286008311,19200,0.1239388716979942,0,1.0287015037481932,0.06512008772102813,2.277152146351461,2.6392625769943017
discovery,C3/step10000,20,all_q_ge1,38100,0.32315917356520496,0,0.6990683682759603,13.77933348342587,38100,0.9265556295302694,0,4.527602444129256,2.8223261238424153,0.8632192371583524,4.664592873766541
discovery,C3/step10000,20,second_half_queries,19200,0.33070245308713775,0,0.6584530025720596,12.33586238891029,19200,0.753158585383097,0,4.429382902997328,2.524625793805424,0.8632192371583524,4.5722307474595105
discovery,C3/step10000,21,all_q_ge1,38100,0.3412540527486757,0,0.6417257787783941,12.270711187037339,38100,0.7533619531336169,0,4.298302090075093,2.4523669061151994,1.3672565917746067,4.677197960428423
discovery,C3/step10000,21,second_half_queries,19200,0.3536646381205587,0,0.5941718274354935,10.867722030499738,19200,0.6345192830969166,0,4.270070758602298,2.169604865433875,1.3672565917746067,4.6472482710732725
discovery,C3/step10000,22,all_q_ge1,38100,0.4089506080050779,0,0.3912803617119789,10.611134852799122,38100,0.45339310279610273,0,4.457500167945667,1.638623806541686,2.5896548622749638,5.407361088425847
discovery,C3/step10000,22,second_half_queries,19200,0.4327787492813043,0,0.32411678110559783,8.42876298935067,19200,0.36217537838959013,0,4.434049713022606,1.2918889564550706,2.5896548622749638,5.380282314527107
discovery,C3/step10000,23,all_q_ge1,38100,0.6348272966215834,0,0.055363865563025076,4.4513456973117504,38100,0.13267042280512797,0,4.312682453202201,0.3355647176403532,6.1207798827497975,7.591324612331929
discovery,C3/step10000,23,second_half_queries,19200,0.6802328011198948,0,0.017215735150966794,1.4103462114572205,19200,0.04624904125536481,0,4.237618060706856,0.09419447330819081,6.1207798827497975,7.523092586743166
discovery,C3/step10000,3,all_q_ge1,38100,0.6920375366756462,0,0.05126291460047166,1.4349470743233,38100,0.13756590502647204,0,1.5402100964366945,0.15355983856318112,2.064479755449126,2.6625760987316203
discovery,C3/step10000,3,second_half_queries,19200,0.8071617363374067,0,0.02309469297528267,1.0253532925450275,19200,0.10834686740358025,0,1.4780084122759474,0.068453899192882,2.064479755449126,2.6855000164647556
discovery,C3/step10000,4,all_q_ge1,38100,0.591510853535884,0,0.09094905885557333,1.6406668940126001,38100,0.17118706527358885,0,1.700178146659062,0.22209692448640803,1.62799389047164,2.4282773327633684
discovery,C3/step10000,4,second_half_queries,19200,0.6485884907828005,0,0.03833892815435926,0.5994281015323142,19200,0.06298878580969867,0,1.594052504198675,0.06344915014443489,1.62799389047164,2.36874191516526
discovery,C3/step10000,5,all_q_ge1,38100,0.5323739861095514,0,0.25925857146581016,4.3837487750420605,38100,0.4204173737847505,0,2.264287871489543,0.6229771203673029,1.2333204134056166,2.6629761201426283
discovery,C3/step10000,5,second_half_queries,19200,0.5961737636876356,0,0.1958731059730053,3.4012524865986644,19200,0.3144809496782615,0,2.1461437329046515,0.41945010725994947,1.2333204134056166,2.5669718744748686
discovery,C3/step10000,6,all_q_ge1,38100,0.49105457571957634,0,0.36471492777268094,10.235862272098652,38100,0.9914257174804512,0,2.764240228171972,1.198409065656485,1.0591092433714897,3.0754178747511016
discovery,C3/step10000,6,second_half_queries,19200,0.5175418042598008,0,0.3253528890013695,9.691309521407538,19200,0.9172895406024503,0,2.6584577317265117,1.0401278915553207,1.0591092433714897,2.975711841998565
discovery,C3/step10000,7,all_q_ge1,38100,0.43564160254499,0,0.496049069861571,8.282354740842841,38100,0.8080369089026309,0,2.8151298548685784,1.354670791197199,0.8119432227776157,2.9997868255909186
discovery,C3/step10000,7,second_half_queries,19200,0.4548474795698251,0,0.4566718266407649,7.681522838134817,19200,0.7176588744510353,0,2.684024080776146,1.1765832205982667,0.8119432227776157,2.879268776797001
discovery,C3/step10000,8,all_q_ge1,38100,0.41342542790781533,0,0.476539334654808,6.576261674999899,38100,0.5646954251129146,0,3.0539336398611634,1.3005921156824247,0.8769080133057353,3.2435505962216755
discovery,C3/step10000,8,second_half_queries,19200,0.438613934852018,0,0.4406545046965281,6.070889448972979,19200,0.5017921500961657,0,2.9083524482833125,1.1180547130560365,0.8769080133057353,3.101258137773656
discovery,C3/step10000,9,all_q_ge1,38100,0.40541994569589773,0,0.4376872229576111,8.962874820551187,38100,0.7004323533016155,0,3.4305900733526626,1.4047218096207794,0.880661602140431,3.616343837196882
discovery,C3/step10000,9,second_half_queries,19200,0.4254422161222065,0,0.4026895162463188,8.154127330558,19200,0.6075383939960336,0,3.2708211325657106,1.199241941381481,0.880661602140431,3.456307045043547
discovery,C3/step2000,0,all_q_ge1,38100,0.6763470463393242,0,0.014306761197124918,1.1460384547367304,38100,0.019967774887630012,0,7.385865888510957,0.12739176150425352,9.81254988861904,12.020469115316198
discovery,C3/step2000,0,second_half_queries,19200,0.6987682372796686,0,0.004007965259176368,0.30829951948855255,19200,0.005734382380115716,0,7.245649554857263,0.02967213771285725,9.81254988861904,12.067411521754796
discovery,C3/step2000,1,all_q_ge1,38100,0.7474526031229676,0,0.05891643797357877,4.988214630949276,38100,0.08483925747433377,0,4.172020812832174,0.429911095460167,6.235236491889474,7.478377788084831
discovery,C3/step2000,1,second_half_queries,19200,0.796666991363843,0,0.018856876163432994,2.309065145223928,19200,0.039975534764706784,0,4.121806080480266,0.15491390437426497,6.235236491889474,7.911185135638321
discovery,C3/step2000,10,all_q_ge1,38100,0.3953698288974651,0,0.5602483147382736,14.218442470131892,38100,0.512177396373552,0,5.828828058419437,2.576255305609713,2.0815574260059013,6.265862314128088
discovery,C3/step2000,10,second_half_queries,19200,0.40903674289638237,0,0.5289259264866512,13.114710738959719,19200,0.42986154284538564,0,5.866998602022333,2.3371054890947063,2.0815574260059013,6.313587357237059
discovery,C3/step2000,11,all_q_ge1,38100,0.3837389170184511,0,0.5889773565530777,14.304832892518535,38100,0.5174759766023257,0,5.7998838805892845,2.683024478136475,1.9217641190371064,6.155853137505825
discovery,C3/step2000,11,second_half_queries,19200,0.39942309850716445,0,0.5507440412044525,12.893904747638368,19200,0.41857401163902114,0,5.797644003933627,2.3944742545939732,1.9217641190371064,6.162512773328168
discovery,C3/step2000,12,all_q_ge1,38100,0.3942331218958868,0,0.5905387884378434,16.271503600159754,38100,0.5753601013764114,0,5.872016771227593,2.756402652170885,1.925839372701256,6.208876298590772
discovery,C3/step2000,12,second_half_queries,19200,0.40862109470362457,0,0.5497725370526314,14.525448806812996,19200,0.4453122538359248,0,5.916479870593827,2.449176546382679,1.925839372701256,6.259257419995798
discovery,C3/step2000,13,all_q_ge1,38100,0.38284341476450057,0,0.6351819026470185,14.665797385195221,38100,0.6105245770623227,0,5.511313239735652,2.858598230475967,1.8837728328184278,5.898793604302243
discovery,C3/step2000,13,second_half_queries,19200,0.40125213137889304,0,0.5831111298004786,12.437499655916456,19200,0.43976538157892964,0,5.52037147362044,2.4684470007374997,1.8837728328184278,5.91507418873363
discovery,C3/step2000,14,all_q_ge1,38100,0.38726363990246865,0,0.5702867535750071,17.043409609415168,38100,0.6231313020133679,0,6.102120109324997,2.8858794463425004,1.8539216945184078,6.381136303172001
discovery,C3/step2000,14,second_half_queries,19200,0.40391992161324897,0,0.514035764237245,14.140960880543386,19200,0.4329541455278751,0,6.074091103509438,2.4527814443823748,1.8539216945184078,6.371107160776591
discovery,C3/step2000,15,all_q_ge1,38100,0.39135639843718145,0,0.5792152364055315,16.28312416976336,38100,0.5836930457144572,0,5.932479402114215,2.8309294658967095,2.1022970556299168,6.364575561798657
discovery,C3/step2000,15,second_half_queries,19200,0.41037565665084097,0,0.5316830954949061,14.329729030594695,19200,0.45459035895709954,0,5.920181328469948,2.46926230887147,2.1022970556299168,6.368671232890589
discovery,C3/step2000,16,all_q_ge1,38100,0.3575424307889839,0,0.6816960060596466,15.99306533712503,38100,0.6223891288424303,0,5.917855460848403,3.321718382425731,1.8106658484045035,6.164447349601211
discovery,C3/step2000,16,second_half_queries,19200,0.3670940839664741,0,0.6354249799251557,14.055909548616489,19200,0.4828666060292118,0,5.916924163637784,2.9836460446793307,1.8106658484045035,6.19906593885007
discovery,C3/step2000,17,all_q_ge1,38100,0.3792267200853871,0,0.6544748973846436,15.96176849054413,38100,0.5997732657017847,0,5.808471705002087,3.0977011442292555,1.9960145639476845,6.138325556903347
discovery,C3/step2000,17,second_half_queries,19200,0.39088104524435036,0,0.6087327655156454,14.023742608527325,19200,0.4690370675284735,0,5.777167755920326,2.7485200378100885,1.9960145639476845,6.1453400717047755
discovery,C3/step2000,18,all_q_ge1,38100,0.36110825065891744,0,0.704012232820193,16.437341243640002,38100,0.6942465208665503,0,5.7100196910022545,3.408479725197451,1.9144216314409055,6.027844025772938
discovery,C3/step2000,18,second_half_queries,19200,0.3717137039959019,0,0.6586466264724732,14.72199655377088,19200,0.5599784390497397,0,5.660725527840963,3.057771813050958,1.9144216314409055,6.0275352372300794
discovery,C3/step2000,19,all_q_ge1,38100,0.3527976703893882,0,0.7357264830668767,16.312470107530157,38100,0.686435614926094,0,5.535414749025738,3.536686489972242,2.021912331405793,5.8650151468326515
discovery,C3/step2000,19,second_half_queries,19200,0.36083943035588123,0,0.6869226849079132,14.152949081484698,19200,0.5288391546079179,0,5.496489984070156,3.1639221167130978,2.021912331405793,5.882364312076896
discovery,C3/step2000,2,all_q_ge1,38100,0.7902656937309938,0,0.05960770239432653,5.240912816747025,38100,0.15457729351681398,0,3.6694281359710037,0.3945629439175676,5.380301480358445,6.737861537568632
discovery,C3/step2000,2,second_half_queries,19200,0.8751364435927261,0,0.02854041905142367,4.534019511010381,19200,0.1518665728232196,0,3.5747309342499993,0.22777245844894173,5.380301480358445,7.2828299387929505
discovery,C3/step2000,20,all_q_ge1,38100,0.35975985475326183,0,0.7116253749529521,16.32978599578757,38100,0.7059725275938307,0,5.698778768859376,3.453749940848519,2.097348104419197,5.952972622239933
discovery,C3/step2000,20,second_half_queries,19200,0.3715310261056274,0,0.6632818434635798,14.700452499270726,19200,0.5841671714802156,0,5.681701177873557,3.0971437088817604,2.097348104419197,5.985725132924608
discovery,C3/step2000,21,all_q_ge1,38100,0.3758104509785547,0,0.6477126600344976,15.155685438163434,38100,0.5514726733639512,0,5.723484828358099,3.082697764524464,2.6961829869100553,6.263757755338835
discovery,C3/step2000,21,second_half_queries,19200,0.3882116262819557,0,0.5932137175401052,12.678508786930719,19200,0.4290957533367265,0,5.688964297433356,2.6378746662899433,2.6961829869100553,6.280755289830261
discovery,C3/step2000,22,all_q_ge1,38100,0.44847128793093444,0,0.38662312666575116,13.549745762512268,38100,0.3517383526098934,0,6.46810326737044,2.2132353785396117,4.299386756670617,7.642961362942325
discovery,C3/step2000,22,second_half_queries,19200,0.4826549922919444,0,0.3201045777400335,10.852006472177779,19200,0.27175688985369667,0,6.465679669577779,1.7157074824111178,4.299386756670617,7.722161912923679
discovery,C3/step2000,23,all_q_ge1,38100,0.7094744956180538,0,0.05448165257150928,4.272338285893123,38100,0.09316616106364983,0,6.26978709766797,0.4001764735532718,6.788863608371793,8.804747586173267
discovery,C3/step2000,23,second_half_queries,19200,0.7543257527632194,0,0.01820421407232061,1.7011713607481247,19200,0.03880222547803217,0,6.202811707158248,0.12386024521285388,6.788863608371793,8.852012583071856
discovery,C3/step2000,3,all_q_ge1,38100,0.8143210022431386,0,0.03159162809451421,1.9792893640348348,38100,0.05917954058325339,0,4.692740606369434,0.1851126714703127,4.5246983866926955,6.588079779503155
discovery,C3/step2000,3,second_half_queries,19200,0.8881776301535192,0,0.009013977427966892,0.9292287444592359,19200,0.030159123877681555,0,4.6330488208287335,0.05412229420755745,4.5246983866926955,6.8683946049615985
discovery,C3/step2000,4,all_q_ge1,38100,0.8201137825979534,0,0.10934693368772666,4.616091778608098,38100,0.16010266942636495,0,4.8571898356965635,0.4833842774261583,3.465233509999312,6.000713755003898
discovery,C3/step2000,4,second_half_queries,19200,0.9428768915510766,0,0.05558355244497458,2.9722774637525515,19200,0.09689585619669715,0,4.843628568158922,0.2210817782996845,3.465233509999312,6.173964059675166
discovery,C3/step2000,5,all_q_ge1,38100,0.5487225846766536,0,0.26236096873879433,9.691135993387958,38100,0.33257973601797564,0,5.3264571259688855,1.2552953672046836,2.9743628078386823,6.2219898474267294
discovery,C3/step2000,5,second_half_queries,19200,0.5933523281683388,0,0.2098585810760657,8.484027314554412,19200,0.26897982901348744,0,5.362726519018632,0.9764433520349894,2.9743628078386823,6.3143860687355255
discovery,C3/step2000,6,all_q_ge1,38100,0.5073714734962531,0,0.3544476154446602,15.537592468384068,38100,0.5581818483824269,0,5.408135229039433,1.7996066327914289,2.633919326113108,6.170895346676469
discovery,C3/step2000,6,second_half_queries,19200,0.5232124833582948,0,0.32939350555340446,14.889758599674648,19200,0.5207284053792571,0,5.383988601254716,1.6483504210031965,2.633919326113108,6.1799037769147835
discovery,C3/step2000,7,all_q_ge1,38100,0.43288725403707695,0,0.4818148051699003,17.562535151119686,38100,0.5765060511201562,0,5.994463879011237,2.553356404002305,2.3065343538864456,6.498547839688489
discovery,C3/step2000,7,second_half_queries,19200,0.4435909065170121,0,0.45705042441685995,16.82241631439103,19200,0.523313156688936,0,6.020349358922838,2.3956566229864915,2.3065343538864456,6.548516823687209
discovery,C3/step2000,8,all_q_ge1,38100,0.41105423753898773,0,0.46527912934621174,12.09022341803213,38100,0.41197405479653293,0,5.789147946406787,2.0964049258801736,2.472682555378205,6.37057756088614
discovery,C3/step2000,8,second_half_queries,19200,0.41938769342494714,0,0.44600493003924685,11.289658086268197,19200,0.3636303144778906,0,5.814580101278963,1.954390077820058,2.472682555378205,6.41066495556399
discovery,C3/step2000,9,all_q_ge1,38100,0.4255534837466478,0,0.42095701684554415,17.852637220590765,38100,0.5335901595960394,0,6.622815988994995,2.419970884365671,2.489007119893926,7.18468422581721
discovery,C3/step2000,9,second_half_queries,19200,0.43635593626738084,0,0.39802660057942074,17.07997377001711,19200,0.4819448291918304,0,6.653378195118753,2.2519961306359333,2.489007119893926,7.222017945849421
discovery,C3/step500,0,all_q_ge1,38100,0.48319083828668896,0,0.029721751771867276,1.0494299007472878,38100,0.09206266500575494,0,2.349764461783957,0.20732424460731497,6.144898591110347,6.699057157728663
discovery,C3/step500,0,second_half_queries,19200,0.4985686569687132,0,0.010412762314081192,0.3579340323457548,19200,0.043989053888321444,0,1.965892552646422,0.06309457118784953,6.144898591110347,6.534407997459023
discovery,C3/step500,1,all_q_ge1,38100,0.5751898448727308,0,0.07123418432970842,3.1792485047645633,38100,0.12150473977676719,0,4.365028542463417,0.5430016378461348,7.10200606402753,8.092334596953854
discovery,C3/step500,1,second_half_queries,19200,0.6363286891566164,0,0.016976887428512177,1.2537829587956608,19200,0.0595593393029773,0,4.132074141268161,0.16019062071645349,7.10200606402753,8.727811749625962
discovery,C3/step500,10,all_q_ge1,38100,0.37371263296884655,0,0.5547874515255292,12.441231001264805,38100,0.6079235417455613,0,5.843041370835949,2.87191492660633,3.559382209028332,6.751646907396125
discovery,C3/step500,10,second_half_queries,19200,0.38821508145358424,0,0.5123023824890455,11.502699304104834,19200,0.5299280783227333,0,5.815978700321289,2.564302022514753,3.559382209028332,6.8507834359879665
discovery,C3/step500,11,all_q_ge1,38100,0.37698060719436166,0,0.5935899229844411,14.355212611172664,38100,0.7057865975098281,0,5.589867548682525,3.172422233924991,3.6834547815318723,6.765268765526989
discovery,C3/step500,11,second_half_queries,19200,0.3899059486368269,0,0.5494553644458453,13.408026818157884,19200,0.6384991962268379,0,5.591892185349947,2.8749790421362595,3.6834547815318723,6.878197847787674
discovery,C3/step500,12,all_q_ge1,38100,0.3976913205410467,0,0.5772640369335811,15.903246148400937,38100,0.7555735805556743,0,5.942620273186797,3.2957268338554053,4.003936912720792,7.260742303727291
discovery,C3/step500,12,second_half_queries,19200,0.4127683846691918,0,0.5380129291613897,15.34455986213937,19200,0.6976903371486928,0,5.999737901071425,3.056062054257405,4.003936912720792,7.4522502197882545
discovery,C3/step500,13,all_q_ge1,38100,0.3581711153917995,0,0.655947434703509,12.52427899125295,38100,0.6732440366815483,0,5.390550842933343,3.1094815893357737,3.3516536717549825,6.190363962978067
discovery,C3/step500,13,second_half_queries,19200,0.3684312798347331,0,0.6171345013380051,11.567394548595717,19200,0.5896426352020587,0,5.359960488177087,2.826395516695773,3.3516536717549825,6.2538761511369305
discovery,C3/step500,14,all_q_ge1,38100,0.415645652916011,0,0.5546652011076609,18.057435306084724,38100,0.722716063113042,0,6.327883443607096,3.3359179404030552,4.223990563838065,7.847015275983031
discovery,C3/step500,14,second_half_queries,19200,0.439827590506767,0,0.4956265445550283,15.886658683337458,19200,0.5953510777128878,0,6.305323404547288,2.7908739181210898,4.223990563838065,7.920516292327768
discovery,C3/step500,15,all_q_ge1,38100,0.37486984755373515,0,0.5707257252931595,11.838152283730508,38100,0.5031061228849818,0,5.783046541718741,2.802746140920836,3.8952907999912707,6.936150845624829
discovery,C3/step500,15,second_half_queries,19200,0.39005186141638487,0,0.5267496502399445,10.687092957230556,19200,0.42665206829953684,0,5.748931406379337,2.465298427847732,3.8952907999912707,6.998167286225248
discovery,C3/step500,16,all_q_ge1,38100,0.3513491696711149,0,0.6789004689455033,12.867279953132153,38100,0.7383699155214465,0,5.149552340217737,3.309673450011484,3.641666731984615,6.1497289975937335
discovery,C3/step500,16,second_half_queries,19200,0.35905854992792924,0,0.6459762517611186,12.059972214527408,19200,0.6563846229347695,0,5.123496846519997,3.071635691888131,3.641666731984615,6.233304002866313
discovery,C3/step500,17,all_q_ge1,38100,0.37767810576138866,0,0.6347647839784623,12.064594328566079,38100,0.6679262154165203,0,5.068226901535936,2.9246126269539694,3.8901312997319017,6.147958301685646
discovery,C3/step500,17,second_half_queries,19200,0.39167881336859056,0,0.5955856400728226,11.153589409052863,19200,0.5794580810540949,0,5.0430087780568345,2.6238360309767144,3.8901312997319017,6.237529358046365
discovery,C3/step500,18,all_q_ge1,38100,0.37058612756352755,0,0.6839065686861674,14.681276268995916,38100,0.7067476798606072,0,5.326489565114521,3.4549299069569144,3.95909226446874,6.522376173837522
discovery,C3/step500,18,second_half_queries,19200,0.38015446377489964,0,0.6457810074090957,13.395596913311522,19200,0.6072270711052514,0,5.27741552657791,3.135848396900327,3.95909226446874,6.5916137066670375
discovery,C3/step500,19,all_q_ge1,38100,0.35170126800736695,0,0.7168208807706833,13.588479608541853,38100,0.7263042267331754,0,4.9812274867542445,3.536886690363887,3.953192520534274,6.228026285822768
discovery,C3/step500,19,second_half_queries,19200,0.35738529713090206,0,0.682972127199173,12.520111802783145,19200,0.635654786948814,0,4.926581524641128,3.2652381860140345,3.953192520534274,6.303976940093805
discovery,C3/step500,2,all_q_ge1,38100,0.6126327564645567,0,0.045038607971121865,2.1210741522595846,38100,0.05500553907031509,0,5.231859359230596,0.3442571176116212,7.632949870902119,9.070855313473762
discovery,C3/step500,2,second_half_queries,19200,0.6668179041562926,0,0.005860110179055482,0.500263827074775,19200,0.01927678863162076,0,4.96556379635061,0.05603150602437001,7.632949870902119,10.097155850197643
discovery,C3/step500,20,all_q_ge1,38100,0.349993372292587,0,0.7079310309886933,13.909940002346142,38100,0.8876272517082903,0,4.893816336741581,3.6635391656314495,3.898433416818944,6.13490984232429
discovery,C3/step500,20,second_half_queries,19200,0.3591945797302981,0,0.6610472130775452,12.80343795097413,19200,0.7901689994903097,0,4.861117093855049,3.3260889185738884,3.898433416818944,6.2202922778482606
discovery,C3/step500,21,all_q_ge1,38100,0.36316155065671085,0,0.6310176720221837,12.792173448254538,38100,0.7211849051595937,0,4.8168059439885536,3.2375864992728944,4.258684060503169,6.24004196947816
discovery,C3/step500,21,second_half_queries,19200,0.37496562762054175,0,0.5815012570222219,11.643730404678287,19200,0.6169336292266427,0,4.783922667652886,2.8914295183430525,4.258684060503169,6.34196367240838
discovery,C3/step500,22,all_q_ge1,38100,0.4275227317436892,0,0.38791121313969296,11.076097655348043,38100,0.5198549612932786,0,5.34958619684323,2.3096635135756105,5.309516773450486,7.563536682075199
discovery,C3/step500,22,second_half_queries,19200,0.4543038579854076,0,0.33102051610747973,9.716499039585699,19200,0.43916509280425636,0,5.338032222426975,1.9238451388530728,5.309516773450486,7.749213310481418
discovery,C3/step500,23,all_q_ge1,38100,0.6383986251872354,0,0.05947761280462146,3.4930936110594693,38100,0.1141799284448588,0,6.103194575299224,0.45659567298147313,6.873350615796389,9.256111628609952
discovery,C3/step500,23,second_half_queries,19200,0.6746911883775987,0,0.023451899943562844,1.6416811810992704,19200,0.053162644003157886,0,5.9759469086326895,0.17472281804468986,6.873350615796389,9.330912524293671
discovery,C3/step500,3,all_q_ge1,38100,0.7606332918662303,0,0.0379276787986358,2.7487359099173596,38100,0.07365472512445727,0,7.2027451015750685,0.33941473255384963,7.043178713402189,10.209918552733344
discovery,C3/step500,3,second_half_queries,19200,0.8287270646775201,0,0.008336877598970508,1.0764121443134895,19200,0.03126858590953078,0,7.3015107223771825,0.08767829123613344,7.043178713402189,11.104374208232327
discovery,C3/step500,4,all_q_ge1,38100,0.8100289506119174,0,0.09761644889911016,8.4084611386959,38100,0.2527840757574862,0,7.407422967569633,0.8739501127724119,6.783337138086288,10.400652183051136
discovery,C3/step500,4,second_half_queries,19200,0.9013789352102761,0,0.05076954400787751,6.49822143400763,19200,0.18372978822894098,0,7.665894898939596,0.48916625025215704,6.783337138086288,11.269046130816129
discovery,C3/step500,5,all_q_ge1,38100,0.5986262693144303,0,0.22339899708827338,12.150635676237894,38100,0.38860282969055976,0,7.4550184720430686,1.7478050627824344,5.266568506841422,9.539117263404878
discovery,C3/step500,5,second_half_queries,19200,0.6739669618917726,0,0.15190164414544902,10.728417163588814,19200,0.31856343184588204,0,7.6387821825658895,1.3051283740519743,5.266568506841422,10.078043827669564
discovery,C3/step500,6,all_q_ge1,38100,0.4863587939523687,0,0.3478548229734103,17.129373917636748,38100,0.5878606740017935,0,7.4043626851669275,2.5532235795954983,4.808883208307516,9.054322762028718
discovery,C3/step500,6,second_half_queries,19200,0.5233116582362393,0,0.2896573227147261,15.464431166575551,19200,0.5121598008779679,0,7.41629925360045,2.0876417828215224,4.808883208307516,9.268497873658895
discovery,C3/step500,7,all_q_ge1,38100,0.45655363171184127,0,0.47844522615273793,20.02859681686743,38100,0.7060305940392734,0,7.286921199112895,3.242881695335194,4.293734217865868,8.654648455503072
discovery,C3/step500,7,second_half_queries,19200,0.47935499648309,0,0.4363113196690877,18.891733337453285,19200,0.6349476468633787,0,7.325938111069807,2.8981909854647387,4.293734217865868,8.794864985972895
discovery,C3/step500,8,all_q_ge1,38100,0.42681399783425555,0,0.4396741631627083,12.469744094696708,38100,0.46367055920043937,0,6.747565063964712,2.3884804093606333,4.174022347394212,7.845988493460477
discovery,C3/step500,8,second_half_queries,19200,0.4458339434694504,0,0.4017178530494372,11.316234126622376,19200,0.39882165288213844,0,6.7608128154348925,2.100067645333983,4.174022347394212,7.973923726585192
discovery,C3/step500,9,all_q_ge1,38100,0.45235294913972907,0,0.416592648824056,21.277155861817363,38100,0.7702408212849872,0,7.340532830166389,3.3070543937415486,4.379125907378183,8.976020188996445
discovery,C3/step500,9,second_half_queries,19200,0.4758684187455485,0,0.3739190444350243,20.4074829856952,19200,0.7066571273600939,0,7.374934588784176,2.9813820949051015,4.379125907378183,9.123877062571387
discovery,C5/step10000,0,all_q_ge1,38100,0.5972663042080926,0,0.013132513309828937,0.6573319819773482,38100,0.011725599432012486,0,5.132387332805048,0.07889668452787262,6.8557970487939865,8.206161056266533
discovery,C5/step10000,0,second_half_queries,19200,0.624731640285506,0,0.003903050219717746,0.2186488137261243,19200,0.004075540781368882,0,4.975728101372188,0.02183021927629977,6.8557970487939865,8.250223517716496
discovery,C5/step10000,1,all_q_ge1,38100,0.6350595701686312,0,0.05122663531452418,1.5889084641210593,38100,0.0945922109646727,0,1.0838820876946746,0.1336230579683588,2.467101006643863,2.7098457184386406
discovery,C5/step10000,1,second_half_queries,19200,0.733962875816162,0,0.021739955426504216,1.0717303535270413,19200,0.07435763330004144,0,1.018272238989447,0.06286241345067835,2.467101006643863,2.8130886378117945
discovery,C5/step10000,10,all_q_ge1,38100,0.7192703887220496,0,0.03878078253318866,1.1946736539599525,38100,0.08786906456423131,0,2.666151906765135,0.1531472726420264,2.216741426540463,3.578995114301067
discovery,C5/step10000,10,second_half_queries,19200,0.7941731183075542,0,0.004330114081385545,0.15589765635259403,19200,0.01193092967209843,0,2.522794536677574,0.011288838460380172,2.216741426540463,3.4646377568416455
discovery,C5/step10000,11,all_q_ge1,38100,0.7185815864311905,0,0.05530907524749637,1.880641339784636,38100,0.13545706440518893,0,2.7851327017175063,0.22389367356968926,2.07360573738042,3.6306950471020607
discovery,C5/step10000,11,second_half_queries,19200,0.7953658069263956,0,0.007893474584367748,0.32686888682874315,19200,0.023026237685912866,0,2.6345136062054797,0.02315622691598633,2.07360573738042,3.490622408614015
discovery,C5/step10000,12,all_q_ge1,38100,0.7577864485941241,0,0.10906250858058532,6.002046823366204,38100,0.42572475444644053,0,3.002868303750906,0.45946892406636336,1.9182190804694486,3.7088024296244937
discovery,C5/step10000,12,second_half_queries,19200,0.86610838143424,0,0.042957846640298766,3.5766817932505175,19200,0.24084518529627705,0,2.8324055745092585,0.16438433962297175,1.9182190804694486,3.5649180801959544
discovery,C5/step10000,13,all_q_ge1,38100,0.657956805240229,0,0.13936263434588908,6.586732972803675,38100,0.4634937145859445,0,3.0533040244551053,0.5483290656642651,1.743664378481859,3.6316247493910785
discovery,C5/step10000,13,second_half_queries,19200,0.7405105234764024,0,0.06295982629681628,3.6378488810322853,19200,0.23429359044547543,0,2.8806353646018708,0.21029582303560115,1.743664378481859,3.46656955515096
discovery,C5/step10000,14,all_q_ge1,38100,0.504434598953865,0,0.10205745550493399,2.620009503353831,38100,0.18912009882735634,0,3.045035924651583,0.3655374850949237,1.7969256660893338,3.648389052175926
discovery,C5/step10000,14,second_half_queries,19200,0.5708268257033583,0,0.02871333111853649,0.8145906497868789,19200,0.05069738238777408,0,2.9326382824384405,0.07877066567476383,1.7969256660893338,3.541623879847049
discovery,C5/step10000,15,all_q_ge1,38100,0.522620045160962,0,0.09934373427182436,2.874383205288334,38100,0.17335676936209557,0,3.4127841562862082,0.37692940855877977,1.9411539237817703,4.0619082101706505
discovery,C5/step10000,15,second_half_queries,19200,0.5985139471219583,0,0.031291743977926674,0.9747694162229976,19200,0.04887145452542309,0,3.333108587249821,0.089008595369762,1.9411539237817703,3.992858450297343
discovery,C5/step10000,16,all_q_ge1,38100,0.5193642216109037,0,0.12496092766523362,3.7484398791597116,38100,0.21395413842322256,0,3.429844903646706,0.4651474406067547,1.955668725289359,4.048359447973505
discovery,C5/step10000,16,second_half_queries,19200,0.5946274311577691,0,0.050501056654999654,1.7137751539974655,19200,0.08553981050609064,0,3.3196237511563926,0.15086576146253697,1.955668725289359,3.958453315669783
discovery,C5/step10000,17,all_q_ge1,38100,0.4878887709330502,0,0.09177231762558222,2.4020466332480512,38100,0.1359226346868603,0,3.4700564744054105,0.3453644709250654,2.021561832596919,4.122054943628089
discovery,C5/step10000,17,second_half_queries,19200,0.5523034465784935,0,0.022079995961200135,0.6766786734984833,19200,0.03180780844251686,0,3.39841659866397,0.06793272683645092,2.021561832596919,4.070202173723752
discovery,C5/step10000,18,all_q_ge1,38100,0.4417110617171527,0,0.12264873394121727,3.1408122080394754,38100,0.19639085684033575,0,3.1607051815560694,0.4508283876196289,2.109539817083441,3.9055109481738137
discovery,C5/step10000,18,second_half_queries,19200,0.49313045692142554,0,0.044905449096113444,1.2799716629492337,19200,0.06983555526605466,0,3.0699171576190065,0.1411832079835584,2.109539817083441,3.8368320998041963
discovery,C5/step10000,19,all_q_ge1,38100,0.44765182694611877,0,0.11690669305622578,3.304571845532667,38100,0.18477171172279658,0,3.340991298377735,0.45182879686257305,2.3739152904059706,4.206121511985091
discovery,C5/step10000,19,second_half_queries,19200,0.49452833545135727,0,0.04492913230011861,1.431333240374778,19200,0.07278002727952029,0,3.267882452761472,0.1556975049125725,2.3739152904059706,4.185215660366781
discovery,C5/step10000,2,all_q_ge1,38100,0.7041257646567607,0,0.059285378207763036,1.9513146887227846,38100,0.21084948982682006,0,0.990759718502393,0.15394741032126666,2.1818195465562322,2.5015976760072394
discovery,C5/step10000,2,second_half_queries,19200,0.8027507417111072,0,0.033762062198172016,1.749184317210575,19200,0.19389384024048448,0,0.9481226407146552,0.09757548407703845,2.1818195465562322,2.5695097969720444
discovery,C5/step10000,20,all_q_ge1,38100,0.4520100082038484,0,0.09330656296263139,2.735573962231434,38100,0.14286839936723686,0,3.502315963945594,0.3713192098110603,2.763135037027063,4.583419530019877
discovery,C5/step10000,20,second_half_queries,19200,0.4935207120477858,0,0.040004421890868495,1.265910168013688,19200,0.06416017087401968,0,3.448263234074343,0.14336860464161993,2.763135037027063,4.5877782044734
discovery,C5/step10000,21,all_q_ge1,38100,0.48520302283570965,0,0.07767635318140188,2.884079674746671,38100,0.12207139123686815,0,3.8614677894045895,0.3411267944138453,3.4477092537475196,5.259141926316411
discovery,C5/step10000,21,second_half_queries,19200,0.5322663916988237,0,0.03515396408814316,1.4977113593428315,19200,0.06289124307639864,0,3.8399288471744017,0.14041176651037818,3.4477092537475196,5.327665883950085
discovery,C5/step10000,22,all_q_ge1,38100,0.553011139755626,0,0.06568050861669084,3.5548686794587745,38100,0.13902295747595006,0,3.873916892670293,0.3178471244733847,4.033429212148269,5.6496108457848155
discovery,C5/step10000,22,second_half_queries,19200,0.5976173446706433,0,0.0384350974985864,2.490261141034132,19200,0.10138641665795138,0,3.8424811336149918,0.178398728879415,4.033429212148269,5.725446074522393
discovery,C5/step10000,23,all_q_ge1,38100,0.54706723800184,0,0.03615489774383605,1.6123357579912871,38100,0.05516752738739434,0,3.9540352678886816,0.17523826881606103,4.639940417220884,6.026509601032376
discovery,C5/step10000,23,second_half_queries,19200,0.5848242800901604,0,0.015420592239437004,0.7674427959598702,19200,0.02900085971609753,0,3.876901827052823,0.07009194878887104,4.639940417220884,6.087578568331879
discovery,C5/step10000,3,all_q_ge1,38100,0.7461151045334247,0,0.04518584326530496,1.3846218198709899,38100,0.1534317871612201,0,1.104363107586164,0.1164693146042034,2.0529616162994655,2.409711553595596
discovery,C5/step10000,3,second_half_queries,19200,0.8438842764243194,0,0.022470143949612977,1.1023237212204782,19200,0.14226013644918728,0,1.04844097536137,0.0594669643754558,2.0529616162994655,2.4391211846919694
discovery,C5/step10000,4,all_q_ge1,38100,0.6499214356786854,0,0.04154352802783251,0.957392189899099,38100,0.11264706881837681,0,1.1495242298473718,0.1069618128090261,1.9743268006208994,2.3542467685993826
discovery,C5/step10000,4,second_half_queries,19200,0.7309226161689483,0,0.012135048902903994,0.357685646263417,19200,0.04977241295366207,0,1.075125525036268,0.02819480231252174,1.9743268006208994,2.341647597157656
discovery,C5/step10000,5,all_q_ge1,38100,0.7267015220601741,0,0.038959810845553874,1.025295725709796,38100,0.1106075206626978,0,1.2771485182050981,0.10839215715221048,2.0187328135251925,2.457425605431512
discovery,C5/step10000,5,second_half_queries,19200,0.8138108603400435,0,0.0090810336273474,0.3228683600070999,19200,0.04098896915600644,0,1.2022136317518592,0.02276799925774132,2.0187328135251925,2.441457830320498
discovery,C5/step10000,6,all_q_ge1,38100,0.7239623445907796,0,0.028983201881249747,0.8449006948946811,38100,0.08305672921429945,0,1.4782558695050656,0.09298454304427176,2.0825717845563747,2.6163106190996044
discovery,C5/step10000,6,second_half_queries,19200,0.8071725974035512,0,0.0035074741319598007,0.13221250295976847,19200,0.015346259995016374,0,1.3928369168211872,0.008833627277664199,2.0825717845563747,2.589442098978801
discovery,C5/step10000,7,all_q_ge1,38100,0.7026451147238842,0,0.028154942352945606,0.8608018655806589,38100,0.0790960943947249,0,1.6467019462240973,0.09878494053851573,2.184177994822024,2.8080519163427793
discovery,C5/step10000,7,second_half_queries,19200,0.7773144099035854,0,0.00201777688266399,0.06851572938752523,19200,0.007633445099570754,0,1.5517249387478054,0.005011731155870761,2.184177994822024,2.75761547000131
discovery,C5/step10000,8,all_q_ge1,38100,0.8224744610840924,0,0.02599040913085143,0.7956217259631831,38100,0.06861648258978693,0,1.9868418754041055,0.09827983041260636,2.221543967764888,3.0500964297937503
discovery,C5/step10000,8,second_half_queries,19200,0.9149689278619005,0,0.001614862283555946,0.06116960193683601,19200,0.005688428294469456,0,1.8950264455273684,0.0039554738940168034,2.221543967764888,2.9941015555445114
discovery,C5/step10000,9,all_q_ge1,38099,0.7675752304203638,0,0.029811687699208656,0.9310732080624838,38100,0.06556742529513943,1,2.4933129550877853,0.11855012381500722,2.400801339723038,3.5596275532809845
discovery,C5/step10000,9,second_half_queries,19199,0.868310179672248,0,0.0018359941064651744,0.0689564887363908,19200,0.005185279670769947,1,2.3844146228046097,0.004719245267614125,2.400801339723038,3.4844257374072005
discovery,C5/step2000,0,all_q_ge1,38100,0.6161488651914976,0,0.014481866490095854,0.9149926306289932,38100,0.015136596964067592,0,6.722948546499624,0.11449713137854552,9.047748074763147,11.13214786636908
discovery,C5/step2000,0,second_half_queries,19200,0.6298412580719545,0,0.0044975520860558995,0.29077794554936714,19200,0.00490241477307804,0,6.548725605050611,0.0327389169620872,9.047748074763147,11.178156209850815
discovery,C5/step2000,1,all_q_ge1,38100,0.7384676413686608,0,0.05126090326656898,4.0514674743322105,38100,0.07693827143418847,0,3.6525861094534737,0.3462433365067645,6.602062260473336,7.239542018427643
discovery,C5/step2000,1,second_half_queries,19200,0.7840653566902295,0,0.026720035029575227,3.115318390923876,19200,0.061359626041915444,0,3.522946422010169,0.2172391585504272,6.602062260473336,7.807736907619939
discovery,C5/step2000,10,all_q_ge1,38100,0.7853695684443077,0,0.018756148745305835,1.3020926640654056,38100,0.037355341473416695,0,5.525412444333762,0.1349427467272107,5.389545760481918,7.838701381615992
discovery,C5/step2000,10,second_half_queries,19200,0.844491338757899,0,0.0007814175997433874,0.06753802608674338,19200,0.0019198084400860586,0,5.454404109508942,0.00425577684820248,5.389545760481918,7.885995877586442
discovery,C5/step2000,11,all_q_ge1,38100,0.8034397278736208,0,0.02340638623572886,1.6317879365805323,38100,0.04315275814499466,0,5.848476570872681,0.1686584929403504,5.815235615961998,8.39131213578603
discovery,C5/step2000,11,second_half_queries,19200,0.8822492650393038,0,0.0014388265043574697,0.13826582411630695,19200,0.003910262603444933,0,5.816062491382276,0.008911608860484387,5.815235615961998,8.558345914197547
discovery,C5/step2000,12,all_q_ge1,38100,0.7145300267859241,0,0.03232865492502848,2.4866752715580565,38100,0.07303880124022293,0,5.5984555885391885,0.23191558098364026,5.551867680955343,7.974065988206742
discovery,C5/step2000,12,second_half_queries,19200,0.7788925055402923,0,0.0035865156596992165,0.37606429459731605,19200,0.010923339090031839,0,5.599682712738948,0.023699084240722274,5.551867680955343,8.137761613984948
discovery,C5/step2000,13,all_q_ge1,38100,0.7080342609434703,0,0.03977976800252994,3.563322932796399,38100,0.10959586295879996,0,5.457267066705401,0.28846705475455975,5.487505211894763,7.823969977576575
discovery,C5/step2000,13,second_half_queries,19200,0.7496606867450271,0,0.005896015164908021,0.7665840407876966,19200,0.02294607481912304,0,5.474051874224557,0.04262909035925078,5.487505211894763,7.991297055302147
discovery,C5/step2000,14,all_q_ge1,38100,0.6319082852662383,0,0.03397883550574382,2.013322465404164,38100,0.0664289846314929,0,5.379941968242529,0.22302594437159132,5.260389256872961,7.5946890694458835
discovery,C5/step2000,14,second_half_queries,19200,0.6925316929519766,0,0.0037116077876028913,0.3167891904312014,19200,0.009701939874452123,0,5.429413860977845,0.02308477429538964,5.260389256872961,7.745025284025519
discovery,C5/step2000,15,all_q_ge1,38100,0.6533078452557416,0,0.03451706244920691,2.2206262057280934,38100,0.061977016979650634,0,5.904624179390416,0.23653349418226396,5.756146937472349,8.322039896119643
discovery,C5/step2000,15,second_half_queries,19200,0.7246640172862017,0,0.004906972558334625,0.4181501332375111,19200,0.01077744630167262,0,5.995565426367278,0.030636345234920658,5.756146937472349,8.555655337669693
discovery,C5/step2000,16,all_q_ge1,38100,0.6460635489490834,0,0.0409829036394755,2.879175285500082,38100,0.07995583752249784,0,5.744294337284011,0.28798610380918926,5.908268993897791,8.257069068093857
discovery,C5/step2000,16,second_half_queries,19200,0.7070250102867636,0,0.007460218602015327,0.7474880195969358,19200,0.020475111811172994,0,5.7736168113946515,0.0505673842190906,5.908268993897791,8.460419461499264
discovery,C5/step2000,17,all_q_ge1,38100,0.624653060797914,0,0.03600029072413842,2.215499705475229,38100,0.061207479803805157,0,5.65246774644209,0.2383463062231548,5.710002074543045,8.007560101320717
discovery,C5/step2000,17,second_half_queries,19200,0.6799921952849819,0,0.005339452706054241,0.4422193945863883,19200,0.012398083491301603,0,5.621828267840435,0.03271991160620278,5.710002074543045,8.189313077639156
discovery,C5/step2000,18,all_q_ge1,38100,0.584230226835246,0,0.044593663960695265,2.5936282931017667,38100,0.07876606687970314,0,5.093730071589362,0.29230203953210737,5.660651651115709,7.539380518152536
discovery,C5/step2000,18,second_half_queries,19200,0.634643083228796,0,0.00974076452703836,0.7255992969982057,19200,0.02244500828577578,0,5.010855925221447,0.061206735398950614,5.660651651115709,7.667283960468071
discovery,C5/step2000,19,all_q_ge1,38100,0.5788539698997931,0,0.042006970544656116,2.6234854246892656,38100,0.07552817294525067,0,5.42386376454673,0.2849265468475723,5.891956423362693,7.894973397699048
discovery,C5/step2000,19,second_half_queries,19200,0.6210364553916027,0,0.01009186740751223,0.8126696551172977,19200,0.022304510821403386,0,5.408604447686756,0.06672860258971793,5.891956423362693,8.072266538737804
discovery,C5/step2000,2,all_q_ge1,38100,0.7739560480421164,0,0.03348786315880716,2.2078001743190643,38100,0.0617215199779285,0,3.0517650494578143,0.19355070693021897,5.8251611342521254,6.575418575087479
discovery,C5/step2000,2,second_half_queries,19200,0.8438692445942428,0,0.0105713786642688,1.5436247554013691,19200,0.050354206329954576,0,2.9907752492153166,0.08613451493169451,5.8251611342521254,7.226961277203516
discovery,C5/step2000,20,all_q_ge1,38100,0.5824570925570163,0,0.04093858952323596,2.4703707583849015,38100,0.0710599327812676,0,5.304216601746002,0.2696779996782478,5.769564232031764,7.703960576082559
discovery,C5/step2000,20,second_half_queries,19200,0.6260987919281795,0,0.010952049369225279,0.8568097298572355,19200,0.023997008052063225,0,5.279726497437421,0.07061101026408434,5.769564232031764,7.883448580757354
discovery,C5/step2000,21,all_q_ge1,38100,0.6284093467633087,0,0.042070388725648326,2.6770134893268684,38100,0.07547238418088652,0,5.465197685782939,0.27799524015999827,6.150381085812833,7.950650335362081
discovery,C5/step2000,21,second_half_queries,19200,0.6791047000708663,0,0.016323995838562647,1.2201469258777378,19200,0.035353645212137255,0,5.434948047438883,0.10115448809820225,6.150381085812833,8.13534917300724
discovery,C5/step2000,22,all_q_ge1,38100,0.6187456391880777,0,0.056266968473792076,3.2486976643597156,38100,0.09637078532856175,0,5.092457799595067,0.3460214489345586,5.841046861510685,7.465514357007486
discovery,C5/step2000,22,second_half_queries,19200,0.664093152327966,0,0.02830291182268411,1.9438258490837326,19200,0.05866432988640301,0,5.0561873270124025,0.1711147194593416,5.841046861510685,7.642307284339327
discovery,C5/step2000,23,all_q_ge1,38100,0.616652382655711,0,0.03570501558482647,1.96212346803811,38100,0.0579475877023576,0,4.792135276272539,0.21404304685523304,5.97253527721472,7.201418096593942
discovery,C5/step2000,23,second_half_queries,19200,0.651229726571974,0,0.011680322553341588,0.8076661954381523,19200,0.025758862114590338,0,4.721575015148095,0.07102077438686577,5.97253527721472,7.426970008507393
discovery,C5/step2000,3,all_q_ge1,38100,0.7862769372841288,0,0.02771533605021735,1.6761848441559921,38100,0.05234399144980333,0,3.50405570401655,0.15545592990326018,5.522304526407833,6.583807249419461
discovery,C5/step2000,3,second_half_queries,19200,0.8428793364941854,0,0.007448884792781125,0.918221452316072,19200,0.033811027050630736,0,3.4730089189747884,0.052324695484959584,5.522304526407833,7.159619309867337
discovery,C5/step2000,4,all_q_ge1,38100,0.7828529402165889,0,0.020187365403398872,1.1507994899815455,38100,0.03748278677804055,0,3.588839387735765,0.11042840514160997,5.191778061087658,6.362691703988013
discovery,C5/step2000,4,second_half_queries,19200,0.8488375345797544,0,0.003216355316884195,0.4129986594129231,19200,0.016512967766310956,0,3.5060915773025862,0.021015362965462393,5.191778061087658,6.824135939294196
discovery,C5/step2000,5,all_q_ge1,38100,0.8081067118843187,0,0.020524023541559775,1.3456948359125696,38100,0.04267110668425679,0,3.795611081943441,0.12228224936987127,5.100264503328179,6.392970134483659
discovery,C5/step2000,5,second_half_queries,19200,0.8710143172935619,0,0.0026180192773851254,0.37049774649702966,19200,0.014536823542052888,0,3.723767602748045,0.018855391561105453,5.100264503328179,6.751218525735446
discovery,C5/step2000,6,all_q_ge1,38100,0.8355533872434691,0,0.016626583725834886,1.1034935385910127,38100,0.03770243550512731,0,4.108497451713314,0.10496906797229388,4.882621724889906,6.436688201433648
discovery,C5/step2000,6,second_half_queries,19200,0.8969444143754332,0,0.0018521839143553127,0.17319164968959147,19200,0.006605085416615161,0,4.044671229924277,0.009825477280061258,4.882621724889906,6.624916022360116
discovery,C5/step2000,7,all_q_ge1,38100,0.8868581831025482,0,0.015104125252303978,1.044154526157947,38100,0.034987732570456544,0,4.405065356807469,0.10036922192369718,4.832715699997869,6.552796230892752
discovery,C5/step2000,7,second_half_queries,19200,0.9613722232318145,0,0.0009741275997172731,0.08707919222828255,19200,0.0030766507094897484,0,4.349823620047107,0.005064435283938194,4.832715699997869,6.672388223509297
discovery,C5/step2000,8,all_q_ge1,38100,0.9080365429023918,0,0.01357987010696282,0.9807197764264666,38100,0.029687369565082042,0,4.95727622583826,0.09554765488677941,4.983939506279626,7.040986681202115
discovery,C5/step2000,8,second_half_queries,19200,0.9647281822583897,0,0.0004604013299346358,0.04459583881508004,19200,0.0014921096953514352,0,4.886866694314101,0.002506660097667033,4.983939506279626,7.159974604682662
discovery,C5/step2000,9,all_q_ge1,35539,0.8671044776791558,0,0.016889161438060303,1.3352259428029796,38100,0.03484454900230277,2561,5.513169262958619,0.1236144629809516,5.50184333792571,7.832749555039648
discovery,C5/step2000,9,second_half_queries,16690,0.9452835933606827,0,0.0013545803771800517,0.1448530362071443,19200,0.0040178266040424284,2510,5.453591172203487,0.00801071742603722,5.50184333792571,7.931630512580043
discovery,C5/step500,0,all_q_ge1,38100,0.46065420868100887,0,0.03386226367205381,1.059210586807853,38100,0.08936088287643057,0,2.4865869226925685,0.2189044162402348,5.8553764133571375,6.461478681720823
discovery,C5/step500,0,second_half_queries,19200,0.4766036083573273,0,0.013878003838472068,0.4469532360138115,19200,0.049565414531685933,0,2.081974290268525,0.08098382762242716,5.8553764133571375,6.315751995230493
discovery,C5/step500,1,all_q_ge1,38100,0.5283912266868673,0,0.05294085140650471,1.8973160350843778,38100,0.10195210347082985,0,3.4419740239947894,0.3345827684854703,6.521471994262942,6.843245405942449
discovery,C5/step500,1,second_half_queries,19200,0.5699120355752071,0,0.021818287316709758,1.1762701200276693,19200,0.07838773120437705,0,3.177323117485516,0.17012966590742346,6.521471994262942,7.414506344981359
discovery,C5/step500,10,all_q_ge1,38100,0.7362933140298399,0,0.018368983175605536,0.8108972158515169,38100,0.027556265680864493,0,6.7426844183657595,0.11590042123911184,6.508305771132571,8.89544120372101
discovery,C5/step500,10,second_half_queries,19200,0.7961932475160574,0,0.0015625061535198862,0.09145191876588309,19200,0.002930972295108266,0,6.810628060543877,0.008637773902220792,6.508305771132571,9.408835892963126
discovery,C5/step500,11,all_q_ge1,38100,0.7786124655187687,0,0.017673796319092314,0.8365512250970397,38100,0.02537277809951841,0,6.996916642618752,0.11984186461251398,7.164405651821042,9.563657338613854
discovery,C5/step500,11,second_half_queries,19200,0.8824003789860007,0,0.0013106273506612828,0.08033741966233258,19200,0.002385627154299739,0,7.020068411781144,0.007518323443590511,7.164405651821042,10.166740298151797
discovery,C5/step500,12,all_q_ge1,38100,0.6303868651478789,0,0.019843106030796965,0.8194459734093608,38100,0.03056252408925125,0,5.88061686375735,0.1271376164676908,6.685880942696461,8.420458187234367
discovery,C5/step500,12,second_half_queries,19200,0.6961995957314022,0,0.002899391803269585,0.13920001962566161,19200,0.005224525757455964,0,5.8613689153057225,0.016662964639398228,6.685880942696461,8.870532692508265
discovery,C5/step500,13,all_q_ge1,38100,0.6101272461624874,0,0.023874558365593355,0.9447334279428065,38100,0.03667049114278422,0,5.503074227173131,0.14747870307932656,6.558527488971001,8.06452283652706
discovery,C5/step500,13,second_half_queries,19200,0.6550119223475213,0,0.00374844767114458,0.1702642133803102,19200,0.007111442142998184,0,5.395517701549472,0.02142521072371014,6.558527488971001,8.486745466598686
discovery,C5/step500,14,all_q_ge1,38100,0.5964722471133933,0,0.024445793048168223,0.9293480196618181,38100,0.03731182528638031,0,5.3086869999151265,0.15015282193993226,6.594494789632942,7.956841535115887
discovery,C5/step500,14,second_half_queries,19200,0.6347503453042035,0,0.00433815919716532,0.18957368639981964,19200,0.00836167551171608,0,5.130192616406698,0.02474351242617138,6.594494789632942,8.278028126129046
discovery,C5/step500,15,all_q_ge1,38100,0.6207990365977302,0,0.022179899128774803,0.9016942851572839,38100,0.03366764773397225,0,5.717050967305328,0.1389209358893771,6.66492203614796,8.316204088790093
discovery,C5/step500,15,second_half_queries,19200,0.6650323794432236,0,0.003791105484124273,0.1774769778099552,19200,0.006765695010164322,0,5.613453047778919,0.02129366868770837,6.66492203614796,8.645995979745122
discovery,C5/step500,16,all_q_ge1,38100,0.5841908371759537,0,0.02468729457507531,0.9128038163975554,38100,0.03904928256203793,0,4.987793194210508,0.14671306609858753,6.323783152377228,7.502494796566765
discovery,C5/step500,16,second_half_queries,19200,0.6187187285502399,0,0.0053234013208809,0.2181024266343834,19200,0.00976083728954171,0,4.846671425368628,0.028932088582270483,6.323783152377228,7.775241174650586
discovery,C5/step500,17,all_q_ge1,38100,0.5844209634396014,0,0.02432667799293995,0.9680792458185444,38100,0.03988809255273923,0,5.206923525794604,0.14897416757467913,6.498606830700531,7.7881930767120755
discovery,C5/step500,17,second_half_queries,19200,0.6205283352389886,0,0.004972456141840667,0.23381109546475973,19200,0.009678711861762062,0,5.145571193937645,0.02854507410082529,6.498606830700531,8.117924551914188
discovery,C5/step500,18,all_q_ge1,38100,0.5243799608927486,0,0.02814858280743162,0.922059711865337,38100,0.045246887478269986,0,4.353366746844556,0.16016756193409398,5.956806018241018,6.758705605126579
discovery,C5/step500,18,second_half_queries,19200,0.5463630096013028,0,0.006484890937184294,0.2524504764285131,19200,0.012800308288283898,0,4.235636127194454,0.036705410500495445,5.956806018241018,6.999711828173165
discovery,C5/step500,19,all_q_ge1,38100,0.5227626454560722,0,0.03153927487321198,1.0921917839219069,38100,0.053455074180500904,0,4.483754751449332,0.17697674760791982,5.8536637101422775,6.822562839485882
discovery,C5/step500,19,second_half_queries,19200,0.5401534125656868,0,0.007982549181518455,0.3268218784715965,19200,0.015584268602016544,0,4.431692698566552,0.044529861143168,5.8536637101422775,7.113337507347041
discovery,C5/step500,2,all_q_ge1,38100,0.6260718686467892,0,0.053032131132980186,2.428149731658141,38100,0.09133292724930583,0,4.32609817838239,0.3583799585147465,7.885176359626046,8.33083238835865
discovery,C5/step500,2,second_half_queries,19200,0.696299032238264,0,0.019925185952646036,1.7483274516812337,19200,0.09133568919710236,0,3.8813560690774764,0.18547304908560414,7.885176359626046,9.58661761697467
discovery,C5/step500,20,all_q_ge1,38100,0.5097874060034073,0,0.028522658764074248,0.9004320779126128,38100,0.046438181018351905,0,4.267797749892971,0.1535790682504543,5.71148334849842,6.543171472006485
discovery,C5/step500,20,second_half_queries,19200,0.5258884059335275,0,0.007089015164334948,0.2531437992706585,19200,0.01286188369335927,0,4.218458429440646,0.037427245061621664,5.71148334849842,6.810341388852478
discovery,C5/step500,21,all_q_ge1,38100,0.509042757881608,0,0.02614975324521462,0.810555069914925,38100,0.0427767407091143,0,4.345194808318614,0.14118485543223458,5.686829639574341,6.572862132463747
discovery,C5/step500,21,second_half_queries,19200,0.5255293376146686,0,0.006400802513817325,0.2235576476587066,19200,0.011705163233349528,0,4.297478034314185,0.03368128843377981,5.686829639574341,6.805747554942727
discovery,C5/step500,22,all_q_ge1,38100,0.49805751773321266,0,0.02982982779542605,0.8338237935043387,38100,0.04570270865384298,0,4.087784982004816,0.1530631586732138,5.5452398844896855,6.133969979777014
discovery,C5/step500,22,second_half_queries,19200,0.5148014869350621,0,0.008885978652785221,0.28354676991743455,19200,0.0156993610346652,0,3.9854148166421135,0.04495438245434805,5.5452398844896855,6.317392328895824
discovery,C5/step500,23,all_q_ge1,38100,0.5263160995488669,0,0.024049353934824467,0.8423450077807909,38100,0.04012918842964891,0,4.556101809145079,0.13227357114149094,5.781696941511626,6.705306399577297
discovery,C5/step500,23,second_half_queries,19200,0.5392752417452297,0,0.006479975758120418,0.24551619146123652,19200,0.011906987599273836,0,4.446161750416724,0.033381908012956145,5.781696941511626,6.893359188424895
discovery,C5/step500,3,all_q_ge1,38100,0.7935147391556001,0,0.03590038017059366,2.0081942343887804,38100,0.0541884442629118,0,6.348355933588853,0.25418184571473545,8.816968225206605,10.030297934580968
discovery,C5/step500,3,second_half_queries,19200,0.898239484361813,0,0.01079473038087599,1.4172272887947372,19200,0.05112357331467105,0,5.922384754030477,0.11417952426163767,8.816968225206605,11.597718223109133
discovery,C5/step500,4,all_q_ge1,38100,0.745614096835849,0,0.03026888662328323,1.2609293851454024,38100,0.02965524866996587,0,6.4993433065118795,0.18267634274967676,8.606835630546302,9.88660071536912
discovery,C5/step500,4,second_half_queries,19200,0.8044437691398705,0,0.0032304655636350315,0.361878940531003,19200,0.012713989937159562,0,6.220963644790064,0.0330337797094983,8.606835630546302,11.67421950019724
discovery,C5/step500,5,all_q_ge1,38100,0.8277529098555872,0,0.01913811922383805,1.095187789256343,38100,0.02724525832607556,0,6.797288349826749,0.1305566073607516,8.183904826943891,10.004002216980039
discovery,C5/step500,5,second_half_queries,19200,0.9310310068355027,0,0.003473826159412662,0.7511930810150209,19200,0.022438782123550976,0,6.777200286048522,0.049207981853911446,8.183904826943891,11.589335718405124
discovery,C5/step500,6,all_q_ge1,38100,0.8066868974167203,0,0.01590627247778078,0.5795889006263123,38100,0.020305894448601137,0,6.816477588312322,0.08927690543346475,6.079487899074925,8.770059852405325
discovery,C5/step500,6,second_half_queries,19200,0.918075580194668,0,0.0007071381066634786,0.04740977466225679,19200,0.0014248570239499853,0,7.108280743254595,0.00427169061813296,6.079487899074925,9.6773221110122
discovery,C5/step500,7,all_q_ge1,38100,0.7717409890519765,0,0.014752313677842419,0.6129970663910806,38100,0.022449764531774948,0,6.820634949189345,0.086408414753623,5.658171199221328,8.590769781714938
discovery,C5/step500,7,second_half_queries,19200,0.8650041930649547,0,0.0013226883042564926,0.08026733052704976,19200,0.002241279585893928,0,7.155706682209789,0.007096282353437264,5.658171199221328,9.279459826056861
discovery,C5/step500,8,all_q_ge1,38100,0.8485780798381067,0,0.013346062198591729,0.5979315430121869,38100,0.020767372832614824,0,7.1397805003758235,0.08211294736266267,5.834518336070823,8.795158492236238
discovery,C5/step500,8,second_half_queries,19200,0.9450169578004981,0,0.0008868903322339369,0.049503603134321734,19200,0.001364345480728834,0,7.3643089508626876,0.004501871013800982,5.834518336070823,9.300768080427144
discovery,C5/step500,9,all_q_ge1,37011,0.8517947938302765,0,0.013252476903920372,0.728405526822932,38100,0.022357912500823248,1089,7.706106641683038,0.09081099470575409,6.371863268314062,9.56892242048374
discovery,C5/step500,9,second_half_queries,18123,0.9478227318416137,0,0.0016306593116314615,0.12970292591923582,19200,0.0033885827676833286,1077,7.931204762862352,0.009478011278271522,6.371863268314062,10.135086790971606
discovery,C6/step10000,0,all_q_ge1,38100,0.6491707465601775,0,0.012596776798988381,0.8271443922955521,38100,0.013512051485024643,0,6.343403514282894,0.09092559272153887,7.8213666684021845,9.583770646001117
discovery,C6/step10000,0,second_half_queries,19200,0.6818513516337799,0,0.0028622548683779315,0.19577674949226964,19200,0.00328772554202902,0,6.238704729334025,0.01731852375036682,7.8213666684021845,9.697255121326503
discovery,C6/step10000,1,all_q_ge1,38100,0.5781528954235342,0,0.059470128938555716,1.475429263898941,38100,0.09180814207036866,0,1.1990113051886415,0.1546317875848795,2.2564967885395126,2.513381202371626
discovery,C6/step10000,1,second_half_queries,19200,0.66776417756206,0,0.02222013336606324,0.7726626573047352,19200,0.05406500880006476,0,1.1504874757398735,0.061631109721876985,2.2564967885395126,2.595116514768179
discovery,C6/step10000,10,all_q_ge1,38100,0.4225163077474963,0,0.5002234119176865,7.011051740885152,38100,0.5621469757668661,0,3.173534902812987,1.399654560627255,0.9057101211098775,3.353343622411432
discovery,C6/step10000,10,second_half_queries,19200,0.43911138059658045,0,0.46813615401585895,6.358836335314243,19200,0.475209653867414,0,3.0662680620238065,1.2273952811343978,0.9057101211098775,3.24719398549142
discovery,C6/step10000,11,all_q_ge1,38100,0.4249545283970937,0,0.5073100678126017,9.138975001193042,38100,0.5623130676312676,0,3.7576270077357043,1.6073311175180407,0.9850889229077567,3.956922430867541
discovery,C6/step10000,11,second_half_queries,19200,0.43950107856108694,0,0.4797210894028346,8.309369939757175,19200,0.48723186232178467,0,3.6279087224013593,1.419406431196588,0.9850889229077567,3.8291000903612074
discovery,C6/step10000,12,all_q_ge1,38100,0.39751594708402743,0,0.5671900512774786,10.312871277512706,38100,0.8625390783113833,0,3.4353401504161574,1.8701198649531898,0.9756215054238594,3.70529248644027
discovery,C6/step10000,12,second_half_queries,19200,0.3995120154005067,0,0.5235407170653343,8.161227269453482,19200,0.6336968682587871,0,3.2300837802423614,1.5537950110658583,0.9756215054238594,3.487897697007323
discovery,C6/step10000,13,all_q_ge1,38100,0.3761397245793062,0,0.6082027743260066,14.474667555873419,38100,1.0025328619892213,0,4.199284079525029,2.3806233318102668,0.835250498676986,4.3528129502343615
discovery,C6/step10000,13,second_half_queries,19200,0.38341001518222223,0,0.5630733078718185,12.506790416807213,19200,0.7700509293147715,0,4.03614525397816,2.0472908295583965,0.835250498676986,4.181973892701161
discovery,C6/step10000,14,all_q_ge1,38100,0.3860495521007656,0,0.5453837844729423,13.69039564101738,38100,0.8984255384029672,0,4.3657109457100125,2.2448709598330083,0.9182780719990519,4.5329168457392655
discovery,C6/step10000,14,second_half_queries,19200,0.39072587268974973,0,0.4911387213071187,11.177065631046945,19200,0.6390153080241727,0,4.2025910976434195,1.8774423745569337,0.9182780719990519,4.370153864198843
discovery,C6/step10000,15,all_q_ge1,38100,0.5023513841949205,0,0.5547732693950335,22.845069125981066,38100,1.4807640087299732,0,4.498323906355234,2.4912121463913786,1.011181604964197,4.718512553959945
discovery,C6/step10000,15,second_half_queries,19200,0.5186345834466635,0,0.5015305862824122,20.68266761464858,19200,1.2246818582977819,0,4.351512800464828,2.149795102226026,1.011181604964197,4.56858284801125
discovery,C6/step10000,16,all_q_ge1,38100,0.35843135403296406,0,0.6338556204239527,12.706548739484589,38100,0.9061574102456655,0,4.13302518282908,2.441059404939478,0.9405281335114128,4.311932637332301
discovery,C6/step10000,16,second_half_queries,19200,0.36298871370802993,0,0.5816113699475924,10.276731679466351,19200,0.6166006268024872,0,3.9887278379072892,2.079391137415945,0.9405281335114128,4.176524331210438
discovery,C6/step10000,17,all_q_ge1,38100,0.35522674403631227,0,0.5873464373747508,9.560570780312384,38100,0.6070678817722979,0,3.9662540093228014,2.042290607956545,0.8623370877260926,4.122735086399306
discovery,C6/step10000,17,second_half_queries,19200,0.3718807956067652,0,0.5417251194516818,8.502935103054172,19200,0.48523917469182987,0,3.864483121821482,1.7766844226368752,0.8623370877260926,4.031848137714004
discovery,C6/step10000,18,all_q_ge1,38100,0.3526455392176854,0,0.6514331936836243,13.762808544303677,38100,0.906839227056201,0,4.445165897041183,2.585463244981021,0.8914651117305142,4.5892598538988825
discovery,C6/step10000,18,second_half_queries,19200,0.3578708827668405,0,0.598166579802831,11.31928621788646,19200,0.644780017714497,0,4.314810593275461,2.207229299853097,0.8914651117305142,4.47322518198099
discovery,C6/step10000,19,all_q_ge1,38100,0.329648273812313,0,0.6747716432809829,12.185524449258963,38100,0.9226799689454352,0,4.257217153897447,2.7237516724062516,0.9010758287938914,4.417269820561379
discovery,C6/step10000,19,second_half_queries,19200,0.3424026165345477,0,0.623388757109642,11.05946326264677,19200,0.7300926912733139,0,4.194208485877862,2.4430174670011553,0.9010758287938914,4.374645352385258
discovery,C6/step10000,2,all_q_ge1,38100,0.6317055020604675,0,0.060614997781813146,1.8469298605987856,38100,0.16666746200502344,0,1.3824772907135003,0.18440811714472224,2.2155874681298013,2.648436418889111
discovery,C6/step10000,2,second_half_queries,19200,0.7393207097511741,0,0.021189572165409724,1.0927872075420701,19200,0.10784571831771542,0,1.3035885512604608,0.06736695818418786,2.2155874681298013,2.7031453550791285
discovery,C6/step10000,20,all_q_ge1,38100,0.34813754692096216,0,0.6623308847347895,12.123466324046019,38100,0.8581467382245178,0,4.279468809753634,2.4443893546126096,0.9728874477653262,4.417438818933363
discovery,C6/step10000,20,second_half_queries,19200,0.3592819892112138,0,0.6161992309490839,10.815666216479238,19200,0.6853610102519228,0,4.2246780590332875,2.168620977475405,0.9728874477653262,4.377359074095551
discovery,C6/step10000,21,all_q_ge1,38100,0.36834840856852563,0,0.5624246899286905,9.852220495772498,38100,0.48072193207852987,0,4.260618322309227,1.9593493064098926,1.5840731518831273,4.642437839457663
discovery,C6/step10000,21,second_half_queries,19200,0.3832972972366629,0,0.5156762024760246,8.476170484697128,19200,0.40746679550324694,0,4.210623465691744,1.6912006596703748,1.5840731518831273,4.5993988029250525
discovery,C6/step10000,22,all_q_ge1,38100,0.4220311880064656,0,0.36369803845882415,8.952582118166704,38100,0.3747401097853005,0,4.373397440207293,1.4473447713583252,2.6841097680900865,5.266997909987157
discovery,C6/step10000,22,second_half_queries,19200,0.45261096658314953,0,0.30294771507382395,7.418696688837617,19200,0.3036122729518426,0,4.387717034928225,1.1584679833244618,2.6841097680900865,5.31069863262637
discovery,C6/step10000,23,all_q_ge1,38100,0.575796422036579,0,0.05895200687771042,3.145903525512116,38100,0.09994531131571267,0,4.274646509141543,0.3158640492176892,4.673203476148553,6.325938359508708
discovery,C6/step10000,23,second_half_queries,19200,0.6108633235128177,0,0.023171422917706273,1.3436473407506335,19200,0.0449077771450609,0,4.2321575749382445,0.11563889194919327,4.673203476148553,6.350700445866694
discovery,C6/step10000,3,all_q_ge1,38100,0.6845997370967406,0,0.04807270484045148,1.0739433981588111,38100,0.1041333157064217,0,1.5199062416160518,0.1352822224627372,2.0236312418949307,2.6394065429088482
discovery,C6/step10000,3,second_half_queries,19200,0.771080204995154,0,0.011900447309017181,0.4125559928540067,19200,0.04118938428556306,0,1.4891384486365,0.03421424154768905,2.0236312418949307,2.742617217089438
discovery,C6/step10000,4,all_q_ge1,38100,0.6165300595303165,0,0.1113008286555608,2.3362080974268586,38100,0.26184054721282735,0,1.5428647703999308,0.2805639809115104,1.6129623343702457,2.3513556046665043
discovery,C6/step10000,4,second_half_queries,19200,0.7343685276019898,0,0.05475587715705236,1.9194275750882537,19200,0.2291949511305625,0,1.4527941931524173,0.140912149261329,1.6129623343702457,2.349361582680718
discovery,C6/step10000,5,all_q_ge1,38100,0.5509059509117751,0,0.2385780985156695,3.714113916432672,38100,0.38564080346561397,0,2.067479131304882,0.528397456785897,1.394247003818408,2.5915362898835874
discovery,C6/step10000,5,second_half_queries,19200,0.6184274006588302,0,0.1758655633032322,2.913067693515903,19200,0.2891782052599071,0,1.9853111673242383,0.3445615812361344,1.394247003818408,2.5626772199858943
discovery,C6/step10000,6,all_q_ge1,38100,0.5194799691610854,0,0.34800155729055404,6.7246950561463175,38100,0.6505763417411555,0,2.5169792661373003,0.9219693809043159,1.1781133765801428,2.873461807437221
discovery,C6/step10000,6,second_half_queries,19200,0.5481474215817201,0,0.31264172712961835,6.194773607091113,19200,0.5831831992211473,0,2.4407604331965183,0.7843748056364183,1.1781133765801428,2.82937660394537
discovery,C6/step10000,7,all_q_ge1,38100,0.4031334979417896,0,0.47628664841254553,7.815146300032059,38100,0.8566491532870214,0,2.604167859745889,1.3542915399897406,0.9258538948461463,2.8509280864564057
discovery,C6/step10000,7,second_half_queries,19200,0.4173784955758952,0,0.4496339484055837,7.551719693687354,19200,0.8081001888914279,0,2.537406181283696,1.2473575165110093,0.9258538948461463,2.8007504683086544
discovery,C6/step10000,8,all_q_ge1,38100,0.48776936681980654,0,0.38818522651990256,5.984202652433857,38100,0.5077033150778059,0,2.848734154061305,1.0090928573137268,1.0485343360320853,3.1030877511799835
discovery,C6/step10000,8,second_half_queries,19200,0.5143474856946432,0,0.3565596396724383,5.5439018656037335,19200,0.447308017509195,0,2.7697205848309974,0.8683015092453291,1.0485343360320853,3.0342741196302314
discovery,C6/step10000,9,all_q_ge1,38100,0.4480903671664571,0,0.3815363010764122,7.280356082186394,38100,0.5869060016542628,0,3.1371982891579258,1.1898208177605403,1.0195891198485219,3.3620543638720846
discovery,C6/step10000,9,second_half_queries,19200,0.47504421313267226,0,0.3422537025809288,6.549207648498258,19200,0.4978127668500862,0,3.0182108337308877,1.0057213331604653,1.0195891198485219,3.2460391915280637
discovery,C6/step2000,0,all_q_ge1,38100,0.6897516749317788,0,0.014080325414737065,1.205295887111992,38100,0.020244262760019675,0,7.570362237124556,0.1284390518560578,10.065563396572692,12.358205560199881
discovery,C6/step2000,0,second_half_queries,19200,0.7105314003098584,0,0.00392265753277267,0.3149506939771732,19200,0.0055996909263140915,0,7.456017188229587,0.02998345251422804,10.065563396572692,12.460617976322629
discovery,C6/step2000,1,all_q_ge1,38100,0.7267169631696208,0,0.046091405314703786,3.4569211670669677,38100,0.05629728017034149,0,4.317909425286619,0.3242742648464813,6.781910140439869,7.507351802500566
discovery,C6/step2000,1,second_half_queries,19200,0.7869699179671594,0,0.013750593435640137,1.6343547017100977,19200,0.03389660287218888,0,4.065398300310409,0.11199879446373176,6.781910140439869,8.02963031099579
discovery,C6/step2000,10,all_q_ge1,38100,0.45024963349577124,0,0.5032617152730624,14.680414156106446,38100,0.41597991314738314,0,6.159882753403931,2.2242881419083576,2.5547140961009154,6.669100834336025
discovery,C6/step2000,10,second_half_queries,19200,0.45751484293964156,0,0.49122310797373453,14.232329686501046,19200,0.3782101860747888,0,6.269383625385703,2.1361438867475933,2.5547140961009154,6.77704637615349
discovery,C6/step2000,11,all_q_ge1,38100,0.4388692763011515,0,0.483789481818676,15.075115527861346,38100,0.41836563229786616,0,6.479408307525668,2.2608931891040003,2.599690607171703,6.975134521985523
discovery,C6/step2000,11,second_half_queries,19200,0.4466182120842776,0,0.4602882800499598,14.105031416669036,19200,0.3611898744186205,0,6.613072170891475,2.1097977993743964,2.599690607171703,7.132421596754259
discovery,C6/step2000,12,all_q_ge1,38100,0.39694255994375033,0,0.5183076693614324,12.66298248465274,38100,0.4127831316653936,0,6.00081056164005,2.346885469468989,2.4795532413877206,6.474832112700014
discovery,C6/step2000,12,second_half_queries,19200,0.4118770591141573,0,0.48040499607721965,11.306416799524833,19200,0.3349014800918173,0,6.072492825493956,2.0903389494468447,2.4795532413877206,6.551642360887117
discovery,C6/step2000,13,all_q_ge1,38100,0.3991645271176682,0,0.5720283863941829,18.940740957873388,38100,0.5560490107249042,0,6.555259659893882,2.9435072364574326,2.390047541548419,7.002793158825123
discovery,C6/step2000,13,second_half_queries,19200,0.41376496301783694,0,0.5422941090663275,17.893718475552976,19200,0.4756702438011614,0,6.664498120095977,2.7169060310877726,2.390047541548419,7.118830109225163
discovery,C6/step2000,14,all_q_ge1,38100,0.4078475438610498,0,0.48922397434711457,14.583493264006146,38100,0.4276267884091972,0,6.554541638588882,2.440066319286746,2.595447105222469,7.0314986285226535
discovery,C6/step2000,14,second_half_queries,19200,0.42711148605354227,0,0.4430959834655126,12.654453399363438,19200,0.32932428974957534,0,6.645983199764793,2.110606509173069,2.595447105222469,7.157955694572724
discovery,C6/step2000,15,all_q_ge1,38100,0.4230353271615991,0,0.5393205453952153,15.848015961540698,38100,0.4783262342793744,0,6.282231704590065,2.573591462736331,2.5732191868431054,6.759871629897057
discovery,C6/step2000,15,second_half_queries,19200,0.44031826645679445,0,0.48981801778078077,13.003447263383956,19200,0.3355636155648472,0,6.395091426784129,2.1920316248135108,2.5732191868431054,6.911701889644026
discovery,C6/step2000,16,all_q_ge1,38100,0.3877176147528477,0,0.5799612000584602,15.723075101527387,38100,0.4918046828036934,0,6.293127358403669,2.8677787751204935,2.420925147927297,6.7192422413665085
discovery,C6/step2000,16,second_half_queries,19200,0.40476874546708136,0,0.5313101014494896,13.708476676886951,19200,0.36923162619147043,0,6.388310806897292,2.5163966972131377,2.420925147927297,6.846473406464089
discovery,C6/step2000,17,all_q_ge1,38100,0.3972412782511629,0,0.5744190575679143,12.442772728943451,38100,0.41794688776494787,0,5.800919461623072,2.4636303236524655,2.482584289028059,6.240446383014958
discovery,C6/step2000,17,second_half_queries,19200,0.4111216961998918,0,0.5220488103230795,10.045819678013789,19200,0.30191260684086657,0,5.825666524940408,2.0733564084210108,2.482584289028059,6.289482595358944
discovery,C6/step2000,18,all_q_ge1,38100,0.38587624209677557,0,0.5896605851252874,13.574539750845734,38100,0.46815952752938556,0,5.966696983116602,2.6863525288589907,2.550375379740025,6.379022110453647
discovery,C6/step2000,18,second_half_queries,19200,0.3980020301365628,0,0.5326977437734604,10.75006301353096,19200,0.3251825071124951,0,5.9618042993528135,2.2346031347058855,2.550375379740025,6.420521256536726
discovery,C6/step2000,19,all_q_ge1,38100,0.3625410213290522,0,0.6624759546915691,14.384012174193238,38100,0.5604327245627296,0,5.69921313153912,3.183764685191836,2.54170594704454,6.13919159946
discovery,C6/step2000,19,second_half_queries,19200,0.37338649552230974,0,0.6193573985497157,12.99022329957233,19200,0.4605690333968002,0,5.755927239857649,2.9029544324393006,2.54170594704454,6.2563000255584456
discovery,C6/step2000,2,all_q_ge1,38100,0.7593223525557757,0,0.04426900006209811,3.093557507402319,38100,0.07132140731451027,0,4.288244612629185,0.2819947949218128,5.364863744169283,6.865445112460527
discovery,C6/step2000,2,second_half_queries,19200,0.8564049393781598,0,0.0076369093366277715,1.4697313635111144,19200,0.04260097961759193,0,4.1813115993195105,0.07184375597722803,5.364863744169283,7.540558419859065
discovery,C6/step2000,20,all_q_ge1,38100,0.3891573614709046,0,0.6310830396413804,17.936329335264897,38100,0.6284795106118491,0,6.407299843790336,3.34115744677321,2.753286598406188,6.7998348716564125
discovery,C6/step2000,20,second_half_queries,19200,0.4042526776213611,0,0.5778898871938387,16.175150698153676,19200,0.5120514585285519,0,6.513249802708608,2.9754282845520232,2.753286598406188,6.964470815042516
discovery,C6/step2000,21,all_q_ge1,38100,0.39681022412273786,0,0.5514482735594114,12.995405694720692,38100,0.4433089815971668,0,5.893359946692606,2.6174288021832197,3.4543407016972463,6.64847157926005
discovery,C6/step2000,21,second_half_queries,19200,0.4147638599756264,0,0.4961066605647405,10.891363274450777,19200,0.34795941485173854,0,5.9436604477594805,2.1968034114560027,3.4543407016972463,6.754176069398922
discovery,C6/step2000,22,all_q_ge1,38100,0.46557318842422546,0,0.34985441143314044,12.348890605172528,38100,0.2898833099639647,0,7.012982803702879,2.064875868791887,4.697986801222345,8.196072606911077
discovery,C6/step2000,22,second_half_queries,19200,0.5045191573649414,0,0.28640017787615457,10.337837400718124,19200,0.23104558582944917,0,7.163234764878823,1.642836600897262,4.697986801222345,8.448589147530313
discovery,C6/step2000,23,all_q_ge1,38100,0.7339010246492651,0,0.05346228506416082,4.421803537079548,38100,0.08913276740931803,0,7.0835686017888495,0.4077800326191742,6.597612385422721,9.148734091534646
discovery,C6/step2000,23,second_half_queries,19200,0.7876124517747136,0,0.019329584553682555,2.051635662630669,19200,0.04170617893443604,0,7.131582634946411,0.14453638376894168,6.597612385422721,9.349072632305434
discovery,C6/step2000,3,all_q_ge1,38095,0.8663833327121415,0,0.05737013139451543,2.6073119207839324,38100,0.09327177464601451,5,4.778793787841854,0.291033656957125,4.385128663322891,6.399364986646155
discovery,C6/step2000,3,second_half_queries,19195,0.9411664083075275,0,0.01358964666198517,0.8339696640753426,19200,0.03269595290878037,5,4.847788046989451,0.06395462651832005,4.385128663322891,6.946985090764568
discovery,C6/step2000,4,all_q_ge1,38100,0.6478822509910022,0,0.14006085706253846,4.366283536499973,38100,0.1710412311078033,0,4.566056177036287,0.5767115374163645,3.999254052832533,6.084273009230431
discovery,C6/step2000,4,second_half_queries,19200,0.7106824289720436,0,0.07599987745285035,2.6584807070342853,19200,0.11024140400443917,0,4.619238541873491,0.2750059670959076,3.999254052832533,6.64822940382095
discovery,C6/step2000,5,all_q_ge1,38100,0.6401713808136136,0,0.21238778402407965,8.386095128236642,38100,0.27945279686317853,0,5.447387668242571,0.9952272346634228,3.346625968593681,6.420475122360606
discovery,C6/step2000,5,second_half_queries,19200,0.719155248288857,0,0.15122851697107156,6.935478278225319,19200,0.21422690207757536,0,5.589285855551401,0.6863747814264739,3.346625968593681,6.790405047228587
discovery,C6/step2000,6,all_q_ge1,38100,0.5120017502883134,0,0.3212075945734978,11.316596153099237,38100,0.4396171566977845,0,5.2074675251418725,1.4697692951306078,2.837609950205819,5.9900878090927465
discovery,C6/step2000,6,second_half_queries,19200,0.5352880743576862,0,0.28649060979485513,10.45507667644237,19200,0.3819734817042531,0,5.349856395762237,1.2863521500701125,2.837609950205819,6.232186946287876
discovery,C6/step2000,7,all_q_ge1,38100,0.4152247047615499,0,0.46481313010056813,14.088033582156783,38100,0.48778372081697313,0,5.487052260984421,2.1786639602880395,2.461295903099223,6.012446464529394
discovery,C6/step2000,7,second_half_queries,19200,0.4228939514481541,0,0.44425132393836975,13.552828693366482,19200,0.43409474118002683,0,5.618680174649376,2.072558369398421,2.461295903099223,6.197657855351912
discovery,C6/step2000,8,all_q_ge1,38100,0.4856231033267161,0,0.3724667124946912,11.010970459417209,38100,0.3170890694159606,0,6.060732006512284,1.6008604964905842,2.850264859270576,6.718583614509342
discovery,C6/step2000,8,second_half_queries,19200,0.49853825661668555,0,0.352987356086572,10.31029234552137,19200,0.27327121347414096,0,6.212073292454506,1.4741884593139822,2.850264859270576,6.901954961486178
discovery,C6/step2000,9,all_q_ge1,38100,0.4517568731750371,0,0.35657841990391415,12.64664051580548,38100,0.3540659520198201,0,6.431731372541845,1.810384784088849,2.724469586932965,7.03426054422625
discovery,C6/step2000,9,second_half_queries,19200,0.4728789604489227,0,0.32425677369038264,11.969429352878377,19200,0.3096061724465157,0,6.594209509788701,1.6265207408127784,2.724469586932965,7.208614416784157
discovery,C6/step500,0,all_q_ge1,38100,0.4800495648217342,0,0.02997443489730358,1.0537742418543152,38100,0.09281123095406082,0,2.337424156698767,0.20983577564360992,6.198540593203058,6.714148309522183
discovery,C6/step500,0,second_half_queries,19200,0.4969988966475381,0,0.010186175207297006,0.3537113368279097,19200,0.043565354919022026,0,1.9680305791569273,0.061927633530320006,6.198540593203058,6.544257426160429
discovery,C6/step500,1,all_q_ge1,38100,0.5490417595315917,0,0.0717586300522089,3.1473031621055814,38100,0.12710510735324732,0,4.4271532989209685,0.5390986084944195,7.056194982535876,7.883856495173136
discovery,C6/step500,1,second_half_queries,19200,0.5867772932751047,0,0.01949821398903926,1.1863204644102223,19200,0.05742405975589651,0,4.2050101884869235,0.17085337983987003,7.056194982535876,8.38438956615753
discovery,C6/step500,10,all_q_ge1,38100,0.4109152882614651,0,0.4930741406480471,13.97097595407333,38100,0.5285393351709923,0,6.689462146606495,2.7694720796847627,4.191179710782649,7.763335480408932
discovery,C6/step500,10,second_half_queries,19200,0.42299088299369614,0,0.46315397252639134,13.3197428991386,19200,0.47518528396453436,0,6.771584761287224,2.5671130254996006,4.191179710782649,7.913676097092046
discovery,C6/step500,11,all_q_ge1,38100,0.3980386495121995,0,0.5144014033675194,12.24475061394009,38100,0.4673455160531703,0,6.342365460394714,2.548022853337855,4.124500012770921,7.40419020551283
discovery,C6/step500,11,second_half_queries,19200,0.4076415854985283,0,0.4924350130558014,11.635939339053182,19200,0.4213911104654613,0,6.412003239485806,2.3785877192890714,4.124500012770921,7.570914378703907
discovery,C6/step500,12,all_q_ge1,38100,0.4065808829905964,0,0.4973550633589427,10.376252603524726,38100,0.4221715986379126,0,5.931536891042025,2.299976683304651,4.068522542596497,6.868399679105032
discovery,C6/step500,12,second_half_queries,19200,0.42459345311210583,0,0.4516013941168785,9.40919705561744,19200,0.3555957035330316,0,6.0087419965146,1.9989001612078525,4.068522542596497,7.066150849409895
discovery,C6/step500,13,all_q_ge1,38100,0.38416346560862363,0,0.5459648203849793,12.62573003441197,38100,0.5792840791844471,0,5.985154679030362,2.840012541991298,4.035589929684013,7.020387772954651
discovery,C6/step500,13,second_half_queries,19200,0.39608892806089696,0,0.5176259178916613,12.148314985927318,19200,0.5299205587487841,0,6.054731650372378,2.6512876699622185,4.035589929684013,7.220643772920963
discovery,C6/step500,14,all_q_ge1,38100,0.4077089135229496,0,0.491252135237058,12.990510095244879,38100,0.5324262890711321,0,6.278895481262438,2.691742319159765,4.421534083751628,7.614588177578641
discovery,C6/step500,14,second_half_queries,19200,0.4266454913144617,0,0.440732395251592,11.447399660874877,19200,0.43641618119236464,0,6.333007246278921,2.3022816392000625,4.421534083751628,7.815849084427867
discovery,C6/step500,15,all_q_ge1,38100,0.40139359821449205,0,0.5118497889240583,11.714382328043692,38100,0.47630528496721697,0,6.182711885690322,2.614696218918762,4.26802190502636,7.2147846950954895
discovery,C6/step500,15,second_half_queries,19200,0.41549217776298175,0,0.4781863735119502,11.209878444029036,19200,0.4383264187520024,0,6.26052267251929,2.4239373138694553,4.26802190502636,7.4475602022824825
discovery,C6/step500,16,all_q_ge1,38100,0.37016231437976277,0,0.5909634461005528,11.093743488328167,38100,0.506286930294979,0,5.484036463899126,2.7652055110694302,4.124233791141522,6.505777393295344
discovery,C6/step500,16,second_half_queries,19200,0.38197063208277676,0,0.5564034939805667,10.323141894630625,19200,0.4433118632871456,0,5.54020550155462,2.5248666780391287,4.124233791141522,6.67746594546406
discovery,C6/step500,17,all_q_ge1,38100,0.3915419756586634,0,0.5505809676647186,10.560907588300426,38100,0.45221213557187306,0,5.7926194120619385,2.527658571562829,4.429946987873241,6.9214983212174594
discovery,C6/step500,17,second_half_queries,19200,0.40330734475845875,0,0.5170908566315969,9.731624384794996,19200,0.38643099530009534,0,5.854748061598835,2.282387020710746,4.429946987873241,7.112806656113478
discovery,C6/step500,18,all_q_ge1,38100,0.3952659600524267,0,0.5583523039023082,11.373562703808272,38100,0.5186446036169063,0,5.660339695135999,2.6818751157051923,4.536908348713314,6.885665235221328
discovery,C6/step500,18,second_half_queries,19200,0.41299795289340435,0,0.5131169501940409,10.229267726699426,19200,0.4261144305773687,0,5.743129573924425,2.3327520891597,4.536908348713314,7.139411577447997
discovery,C6/step500,19,all_q_ge1,38100,0.37908826124561545,0,0.5945810518662135,12.724045391141837,38100,0.5153729433495197,0,5.942063857339454,3.050049584743338,4.621532903226587,7.187375708979535
discovery,C6/step500,19,second_half_queries,19200,0.38912764571785075,0,0.5564057606458664,11.8341481271124,19200,0.43910425590124796,0,6.071965172900067,2.787355869418426,4.621532903226587,7.453474366805326
discovery,C6/step500,2,all_q_ge1,38100,0.5366684010324713,0,0.04682023826986551,2.034295753395424,38100,0.06860186980594594,0,4.862885148747147,0.34558579500097003,6.712538843472883,8.065115755916707
discovery,C6/step500,2,second_half_queries,19200,0.5668803760905631,0,0.0058060302670734625,0.3154027641422194,19200,0.014503483636014461,0,4.624665652917087,0.04503117441667682,6.712538843472883,8.512291067139099
discovery,C6/step500,20,all_q_ge1,38100,0.3640039198712362,0,0.6117279460032781,11.965435323707327,38100,0.5661112371327979,0,5.554400694403501,3.088864911972804,4.31480109513468,6.742173616383538
discovery,C6/step500,20,second_half_queries,19200,0.37027456223801525,0,0.5805041749278704,11.379367465328839,19200,0.5055588199449993,0,5.6191501609267895,2.909523680342061,4.31480109513468,6.950050576814636
discovery,C6/step500,21,all_q_ge1,38100,0.38563610200045734,0,0.5222384470701218,11.577311172832188,38100,0.5332907921743326,0,5.785445351854824,2.7495573957237505,5.021961597542857,7.259866090955382
discovery,C6/step500,21,second_half_queries,19200,0.3987088598120638,0,0.4803489153583845,10.620410828371723,19200,0.4722014888764902,0,5.8126256908214975,2.4671671615552917,5.021961597542857,7.448080920006308
discovery,C6/step500,22,all_q_ge1,38100,0.4476441977766963,0,0.36080803831418357,10.433423628304777,38100,0.45758353995784523,0,5.7440683941895,2.095270021894386,5.493935687470128,7.579873797297308
discovery,C6/step500,22,second_half_queries,19200,0.47502941169231416,0,0.30955961734056475,9.286200148036436,19200,0.3934772818661772,0,5.75610004413323,1.751516395581264,5.493935687470128,7.809229883815462
discovery,C6/step500,23,all_q_ge1,38100,0.6699893381632133,0,0.0587992828215162,3.13662878138653,38100,0.10869316115206659,0,6.389625722296747,0.4192146784013051,6.603842414854601,8.881008135867265
discovery,C6/step500,23,second_half_queries,19200,0.7201744717684839,0,0.02287767278185735,1.5302150241276613,19200,0.05020372142981568,0,6.432596027480772,0.16035324540689808,6.603842414854601,9.171599082604935
discovery,C6/step500,3,all_q_ge1,38100,0.7071419459094354,0,0.05087093506008387,2.581515711770538,38100,0.07554930122695641,0,6.695231980864164,0.3919473010673825,6.85049791078608,9.690285069058621
discovery,C6/step500,3,second_half_queries,19200,0.7751198717011822,0,0.004402289362236237,0.3593370814848041,19200,0.011179947621122493,0,6.809576281348916,0.035541572971931674,6.85049791078608,10.601138474082617
discovery,C6/step500,4,all_q_ge1,38100,0.759918739188052,0,0.0911985678722461,6.372915552024988,38100,0.19464367155908477,0,7.072456164578493,0.7489588693526561,7.281108238689999,10.441020763712602
discovery,C6/step500,4,second_half_queries,19200,0.8521383492695531,0,0.04495654062678416,4.611384722694139,19200,0.13376691259390688,0,7.361611640693034,0.40598586596672176,7.281108238689999,11.698855719040727
discovery,C6/step500,5,all_q_ge1,38100,0.6009441658253335,0,0.2154272510111332,13.400112219832154,38100,0.40723462484880024,0,7.572506619309309,1.807502655132846,6.327144676621055,10.057650533986916
discovery,C6/step500,5,second_half_queries,19200,0.6774402765567317,0,0.14603789478540422,11.405902294439342,19200,0.3400809209609339,0,7.724135964828204,1.284453748295022,6.327144676621055,10.889246995222267
discovery,C6/step500,6,all_q_ge1,38100,0.45104432828011476,0,0.3732846893866857,16.656956936964118,38100,0.5777016636754234,0,7.57460955989792,2.8260501251398784,5.520083858864287,9.61806181629359
discovery,C6/step500,6,second_half_queries,19200,0.48047884454350026,0,0.32118021657069523,15.47103441431609,19200,0.5121401660367244,0,7.765659481957922,2.445394904376789,5.520083858864287,10.195408245563195
discovery,C6/step500,7,all_q_ge1,38100,0.43700491472784786,0,0.41946943749984106,15.39246200458197,38100,0.5102336061965674,0,7.4841127461864545,2.7962105789375027,5.092046446711881,9.126600697816702
discovery,C6/step500,7,second_half_queries,19200,0.4652856571592891,0,0.3562207315365473,13.29088759588106,19200,0.42328588434076825,0,7.603749036819036,2.271109772652089,5.092046446711881,9.568010273652629
discovery,C6/step500,8,all_q_ge1,38100,0.4489189933800978,0,0.4142362517118454,16.99214447669391,38100,0.527946161482793,0,7.623651893567514,2.736910363100261,4.759622441073198,8.90505222360357
discovery,C6/step500,8,second_half_queries,19200,0.46369046001020897,0,0.3883645891149839,16.545436462781264,19200,0.49089250252841027,0,7.734416298052852,2.5659585368146676,4.759622441073198,9.25150047438068
discovery,C6/step500,9,all_q_ge1,38100,0.4551994257058802,0,0.3750107173124949,13.922992414740884,38100,0.5007610968885241,0,6.843960587116019,2.356108141428375,4.8414943408184286,8.46519708427486
discovery,C6/step500,9,second_half_queries,19200,0.48292116273491453,0,0.33559433549642564,13.286705475222911,19200,0.4548852543029443,0,6.994019848227294,2.0941537229612717,4.8414943408184286,8.82555559914235
discovery,teacher,0,all_q_ge1,38100,0.25665472650099996,0,0.04528552227964004,0.360470089479674,38100,0.06774466138081099,0,0.8866470717585593,0.06358858165396752,1.1619496678152248,1.492459626875515
discovery,teacher,0,second_half_queries,19200,0.27310566106328643,0,0.01810786413649718,0.15887209887442608,19200,0.02697709176547895,0,0.8716864945275871,0.024239782914092397,1.1619496678152248,1.4839094572029112
discovery,teacher,1,all_q_ge1,38100,0.3830440549964532,0,0.06846167474985122,1.1611646568225051,38100,0.14534546906829976,0,0.9678134366635828,0.1106571822178726,1.123182963381241,1.48837690345858
discovery,teacher,1,second_half_queries,19200,0.4226960525637141,0,0.026976516380285222,0.5917887186253726,19200,0.06458899386415132,0,0.9044919860932316,0.03791913293859521,1.123182963381241,1.446114101787313
discovery,teacher,10,all_q_ge1,38100,0.22194462164311057,0,0.4017020829518636,4.44119144414444,38100,0.7817943230487684,0,1.730202857323076,0.6836319852741577,0.36253828416077666,1.767012271526386
discovery,teacher,10,second_half_queries,19200,0.22727374228103903,0,0.33278828740119937,3.2494760833799208,19200,0.5094447166645479,0,1.593031019005756,0.48814271776004625,0.36253828416077666,1.626820251795451
discovery,teacher,11,all_q_ge1,38100,0.23090142464432303,0,0.5338886254032453,6.882766503322933,38100,1.1464228749543919,0,1.9698764066800731,1.01878972244669,0.3421634830176385,1.991697276797219
discovery,teacher,11,second_half_queries,19200,0.24009935861016282,0,0.47565943906704583,5.594158362405879,19200,0.8137251926895313,0,1.8091444904996308,0.7923292244290862,0.3421634830176385,1.8296353376059813
discovery,teacher,12,all_q_ge1,38100,0.21850497287343526,0,0.5543034636974334,9.99959520968996,38100,1.5887963818681006,0,2.412956523576928,1.359626876748776,0.552191550157502,2.502725423531913
discovery,teacher,12,second_half_queries,19200,0.2227907165296621,0,0.5020264437794686,8.228314407520353,19200,1.177303268732655,0,2.2125856406975717,1.0861003625811825,0.552191550157502,2.3033441701394595
discovery,teacher,13,all_q_ge1,38100,0.21417555793505133,0,0.5198330873250961,8.31414697577869,38100,1.2115207762480906,0,2.3347852638350712,1.1982436898759832,0.3845136278892218,2.395981649204238
discovery,teacher,13,second_half_queries,19200,0.21561925480712266,0,0.47688997666041055,6.904528915810698,19200,0.9399518928141621,0,2.1848742367734926,0.992194531481265,0.3845136278892218,2.24592840851256
discovery,teacher,14,all_q_ge1,38100,0.24306000425366525,0,0.4657931146025658,8.999786031828272,38100,1.1993977943711152,0,2.4300961114344295,1.1057249929184145,0.4161535252078786,2.494098800581842
discovery,teacher,14,second_half_queries,19200,0.2521728977195992,0,0.42097157537937163,7.878722232368394,19200,0.956183874997593,0,2.3059694456102013,0.9235123633790732,0.4161535252078786,2.3717882591213364
discovery,teacher,15,all_q_ge1,38100,0.1868212104363068,0,0.49211826294660566,8.915068341900097,38100,1.1142181390753323,0,2.829788999760014,1.3974920034242093,0.5921316781408887,2.9357371124013487
discovery,teacher,15,second_half_queries,19200,0.19168612767826582,0,0.4409181419014931,7.5626698746325065,19200,0.8494037063690356,0,2.689714889193997,1.1524253913215827,0.5921316781408887,2.799828615333777
discovery,teacher,16,all_q_ge1,38100,0.20126385406243988,0,0.5913529960314433,13.278428801162345,38100,1.542978641228141,0,2.9848690683076264,1.827131527458711,0.5734905671692784,3.1040990900041296
discovery,teacher,16,second_half_queries,19200,0.2056939468384108,0,0.545135189195474,11.400981926519355,19200,1.2010795229582758,0,2.8043676633827035,1.5402361264942805,0.5734905671692784,2.922664804950172
discovery,teacher,17,all_q_ge1,38100,0.21859033862722432,0,0.6292981853087743,16.229432061672163,38100,1.877959900921821,0,3.168700533851081,2.012493536535877,0.6606653607918286,3.28543842377942
discovery,teacher,17,second_half_queries,19200,0.2233835005050093,0,0.5843521530429522,14.290394016001777,19200,1.448437848399482,0,2.999078172102511,1.7301211555360325,0.6606653607918286,3.119816318237455
discovery,teacher,18,all_q_ge1,38100,0.22469216879120688,0,0.5707697808742523,14.630617270740938,38100,1.6280844613677337,0,3.137841013960295,1.7792945892818985,0.49030757242419043,3.1928295593349825
discovery,teacher,18,second_half_queries,19200,0.2334142921515586,0,0.5195444422960281,13.069670306139276,19200,1.2651265800601423,0,2.986903197004637,1.5024133488917668,0.49030757242419043,3.0420437864537933
discovery,teacher,19,all_q_ge1,38100,0.22644850950649423,0,0.6235335463285446,16.948259944539895,38100,2.0777938496227235,0,3.1758243493334484,1.978003165353639,0.4123520885840925,3.214170962404032
discovery,teacher,19,second_half_queries,19200,0.23519817463567444,0,0.5654210254549981,14.738340894789738,19200,1.520007960723463,0,2.9578221910204725,1.6276951676322302,0.4123520885840925,2.9987739212012814
discovery,teacher,2,all_q_ge1,38100,0.2860085961518029,0,0.0665438529724876,1.136867747567362,38100,0.13564273241023506,0,1.1228233250350022,0.12364351488791463,1.4417245576063846,1.798616164089599
discovery,teacher,2,second_half_queries,19200,0.30683209335973227,0,0.02828004144753019,0.5396263769731103,19200,0.057919403828796304,0,1.0560782834715443,0.04571157553590263,1.4417245576063846,1.7643733778775812
discovery,teacher,20,all_q_ge1,38100,0.17434006940926575,0,0.6705496791998545,15.31327695515852,38100,1.799631613402124,0,3.362870305367037,2.232636647512856,0.5433565243037874,3.42286016539842
discovery,teacher,20,second_half_queries,19200,0.17742226618122434,0,0.6140407726168633,12.951103296331798,19200,1.2829742766098,0,3.1303394346602973,1.844441842205087,0.5433565243037874,3.1962179156416566
discovery,teacher,21,all_q_ge1,38100,0.21008437393165827,0,0.6177909992138545,14.64311374632537,38100,1.5886969224887482,0,3.0449972051989302,1.8696559672118962,0.34720100824553424,3.0859426852413248
discovery,teacher,21,second_half_queries,19200,0.21520665570451789,0,0.5623213812708855,12.429254272334875,19200,1.172294085960499,0,2.8302707365743256,1.5354309260970391,0.34720100824553424,2.8759450237400817
discovery,teacher,22,all_q_ge1,38100,0.21385152495616588,0,0.5988539743423462,16.61327357721897,38100,1.803896766072848,0,3.120209232552324,1.884065594194574,0.42833034394022224,3.1777950416072134
discovery,teacher,22,second_half_queries,19200,0.21729535130530905,0,0.5296778265635173,13.488381063589863,19200,1.2223457113688196,0,2.9072289667018603,1.5043755301948447,0.42833034394022224,2.9661641155593235
discovery,teacher,23,all_q_ge1,38100,0.204770156834037,0,0.6109665683905283,15.222152169162834,38100,1.5529281164149424,0,3.1807744026928337,1.916103659829907,0.3877394719839862,3.2611850883374025
discovery,teacher,23,second_half_queries,19200,0.20951362046097324,0,0.5553314368923505,13.130173550433405,19200,1.1607053915832823,0,2.9981763997556987,1.5988447133656636,0.3877394719839862,3.0827631774679563
discovery,teacher,24,all_q_ge1,38100,0.22212309815338155,0,0.6044981968402863,15.036560501835927,38100,1.486513148960097,0,3.09350594375804,1.8340974748797632,0.32137493695304203,3.127798689960806
discovery,teacher,24,second_half_queries,19200,0.2298630713228019,0,0.5455705345670382,12.98766816581652,19200,1.1317340001103078,0,2.9065447614217415,1.5147094295195533,0.32137493695304203,2.9427626692764233
discovery,teacher,25,all_q_ge1,38100,0.21242484844091017,0,0.6931679604450861,17.2476995144723,38100,1.7612772492908302,0,3.2346105084625116,2.1759301950957672,0.2685477513999369,3.261796621376061
discovery,teacher,25,second_half_queries,19200,0.21764792837421595,0,0.6454498892029127,15.140661019549364,19200,1.351135901540504,0,3.0296570161522633,1.855891094976038,0.2685477513999369,3.058164535846399
discovery,teacher,26,all_q_ge1,38100,0.21408628994541415,0,0.6766885240872701,18.398902892823358,38100,1.6849551725810845,0,3.3691777052659284,2.1665397546301906,0.41843547603652775,3.3675432622574872
discovery,teacher,26,second_half_queries,19200,0.2202852677188209,0,0.6240710295240084,16.111638266522696,19200,1.2788552229523387,0,3.1930157901980794,1.8440293961137144,0.41843547603652775,3.190188389266575
discovery,teacher,27,all_q_ge1,38100,0.2019473051640645,0,0.6806735016902288,17.288169284064303,38100,1.5551466862465781,0,3.4096078002509005,2.2347258142305204,0.3619701393540235,3.4196237495982826
discovery,teacher,27,second_half_queries,19200,0.20561090387458617,0,0.6312860917051634,15.123561857070545,19200,1.2307717604118906,0,3.2310174284786335,1.9149533850096194,0.3619701393540235,3.2396936391885185
discovery,teacher,28,all_q_ge1,38100,0.20744047737199472,0,0.7136815230051676,18.404261412792007,38100,1.878827819183632,0,3.3074243222300863,2.300557569961449,0.2815991868114034,3.344852895325051
discovery,teacher,28,second_half_queries,19200,0.21117106778123318,0,0.6596866146723429,16.045044096684443,19200,1.4245784683511176,0,3.1171763091428786,1.9642738732050387,0.2815991868114034,3.15637879393718
discovery,teacher,29,all_q_ge1,38100,0.20311111439045398,0,0.7441695227225622,19.4048360663755,38100,1.8643728367529824,0,3.4262195598278233,2.4858601347955975,0.2837703158487779,3.4624593968647845
discovery,teacher,29,second_half_queries,19200,0.20569665481629695,0,0.6969750893115997,17.20189041770737,19200,1.4599374826548106,0,3.2599728001249497,2.1759103811779994,0.2837703158487779,3.2968185203226126
discovery,teacher,3,all_q_ge1,38100,0.32146137087105736,0,0.06380328487604857,1.0338842624784437,38100,0.1710022887452361,0,1.1893444768831798,0.11934028340904435,1.5924872509975054,1.840111506763241
discovery,teacher,3,second_half_queries,19200,0.32075056885151415,0,0.02946187982025246,0.4284921654633817,19200,0.07380501417367397,0,1.1349523914359851,0.04541683557484617,1.5924872509975054,1.787574880322989
discovery,teacher,30,all_q_ge1,38100,0.20785415593229778,0,0.7446607659260432,20.8789030949408,38100,1.947390239078555,0,3.411510595062468,2.445104918093265,0.2713522335820776,3.416861070698399
discovery,teacher,30,second_half_queries,19200,0.21176611911489718,0,0.6956590324640274,18.41205985378009,19200,1.5854594594725617,0,3.2171350278242485,2.1075455472772973,0.2713522335820776,3.221311469228368
discovery,teacher,31,all_q_ge1,38100,0.21910223204576051,0,0.7229666697978974,21.448174417973163,38100,1.5935510346630049,0,3.4009611626823406,2.3666200946772458,0.2998878117450837,3.4064595940029223
discovery,teacher,31,second_half_queries,19200,0.22190268727353493,0,0.6684835097193718,18.995289877734724,19200,1.264016792277225,0,3.2834044580147363,2.069136891702782,0.2998878117450837,3.2875207725016695
discovery,teacher,32,all_q_ge1,38100,0.22547728461809552,0,0.6710178776582082,24.200045575210893,38100,1.1452989752156268,0,3.524723854436055,2.2787789252121655,0.4374203019689265,3.5667674536400726
discovery,teacher,32,second_half_queries,19200,0.23930637495529383,0,0.6147281461954117,22.53871794078967,19200,1.044315668514786,0,3.4321999175846423,1.9898515695639443,0.4374203019689265,3.472605163283986
discovery,teacher,33,all_q_ge1,38100,0.22005023100941262,0,0.6249252591530482,18.027880481967188,38100,0.6842064374862608,0,3.2201379369683694,1.959002446794863,0.8958040013331543,3.6881899179996203
discovery,teacher,33,second_half_queries,19200,0.22715542022228571,0,0.5667152415712674,16.024901900126906,19200,0.5878451094522898,0,3.1693587937161842,1.7178835042401157,0.8958040013331543,3.640445568840067
discovery,teacher,34,all_q_ge1,38100,0.2413039852193078,0,0.4177842014034589,12.114422232080077,38100,0.4738591077629042,0,2.545758134007556,1.0316020498051357,2.2080494308713536,3.9320607922605526
discovery,teacher,34,second_half_queries,19200,0.25221714097665865,0,0.33848444804549216,9.783008293135849,19200,0.3559562872342784,0,2.522824531739538,0.7969679986180187,2.2080494308713536,3.904640363623101
discovery,teacher,35,all_q_ge1,38100,0.31207514497944505,0,0.10108386188745498,4.228184094862201,38100,0.07831135068342208,0,1.995858698286321,0.26679563654411015,2.6406670370288334,3.326247913365812
discovery,teacher,35,second_half_queries,19200,0.32125140307748573,0,0.05553911614231765,2.333550227535523,19200,0.040052283065916926,0,1.963743412580774,0.13839761936682055,2.6406670370288334,3.3153047557675186
discovery,teacher,4,all_q_ge1,38100,0.3605057995476647,0,0.048086948369940125,0.785359560753632,38100,0.14667059910572677,0,1.1642253164397307,0.08959814532659541,1.4611313946756321,1.814216762225221
discovery,teacher,4,second_half_queries,19200,0.35687141219943747,0,0.018665791647508742,0.2840288705978583,19200,0.053885786937978346,0,1.116798183590284,0.028010803236235372,1.4611313946756321,1.7852781501517445
discovery,teacher,5,all_q_ge1,38100,0.32893294608730805,0,0.04753399026269714,0.6952890078211723,38100,0.12736055323124815,0,1.3021789467181997,0.09074905909603118,1.6669572776246628,2.002467033559416
discovery,teacher,5,second_half_queries,19200,0.36676536920504205,0,0.018124718461185695,0.30036828770789664,19200,0.0569015832287419,0,1.277045665996949,0.029891225403585953,1.6669572776246628,1.9891972259419028
discovery,teacher,6,all_q_ge1,38100,0.24924296657164471,0,0.06802062005425492,0.7688627632535983,38100,0.14404608211110467,0,1.2797245711116862,0.1182267803639502,1.3313644146239603,1.7154179960795912
discovery,teacher,6,second_half_queries,19200,0.2584903660945126,0,0.02545208510632316,0.26874047633921694,19200,0.049564454281732256,0,1.2386363278822106,0.03698163403715037,1.3313644146239603,1.692146698553687
discovery,teacher,7,all_q_ge1,38100,0.295543308622456,0,0.12977303830285866,1.2734621000850832,38100,0.2448132533553423,0,1.1968844373493281,0.18205061017705768,0.7532558253112417,1.3316357376404162
discovery,teacher,7,second_half_queries,19200,0.3427475178644234,0,0.07151267173389594,0.7670207953729006,19200,0.1396637772495412,0,1.1245688979086397,0.08008783852106735,0.7532558253112417,1.262707995006856
discovery,teacher,8,all_q_ge1,38100,0.23663936511263986,0,0.2856582063436508,2.8838613896283154,38100,0.569074021128995,0,1.4394845441305555,0.42151060907031007,0.5316339868792053,1.4423031122952785
discovery,teacher,8,second_half_queries,19200,0.23823332452037643,0,0.20202642773588497,1.6420366247494058,19200,0.2824038789790621,0,1.3184910768622733,0.23548929648630312,0.5316339868792053,1.3143157082084969
discovery,teacher,9,all_q_ge1,38100,0.22028058879464846,0,0.3043464770913124,2.9438222452795424,38100,0.5434218660965892,0,1.540076992222375,0.4545597142787684,0.41854259099210445,1.5546064293439437
discovery,teacher,9,second_half_queries,19200,0.22368541476815162,0,0.22306660001476605,1.766654511481646,19200,0.2802495162786456,0,1.409177296269617,0.2628636852689312,0.41854259099210445,1.4162957110930978
