panel,state,operation,items,delta_ce_mean,delta_ce_median,delta_ce_q25,delta_ce_q75,delta_ce_p90
discovery,teacher,all_delete/layer17,300,1.4271086626633844,1.37159102732741,1.1234947865403542,1.6234943172124428,2.010643634645958
discovery,teacher,all_delete/layer29,300,1.4271086626633844,1.37159102732741,1.1234947865403542,1.6234943172124428,2.010643634645958
discovery,teacher,all_delete/layer5,300,1.4271086626633844,1.37159102732741,1.1234947865403542,1.6234943172124428,2.010643634645958
discovery,teacher,conditional_rescue/layer17,300,1.1072882497872854,1.0383879143422043,0.8260324620825099,1.27590214361356,1.648269404013326
discovery,teacher,conditional_rescue/layer29,300,1.318982740349559,1.2618300145066628,1.035705438749058,1.50016421220434,1.8890025506808064
discovery,teacher,conditional_rescue/layer5,300,1.4142082068049335,1.3625339447982667,1.1084120442548135,1.6276530881566327,1.9952313806128317
discovery,teacher,injection/non_sink/layer17/eta0,300,0.0,0.0,0.0,0.0,0.0
discovery,teacher,injection/non_sink/layer17/eta0.01,300,9.133824936830466e-05,5.4892592542753446e-05,-0.0009248313002699004,0.0010361633901520976,0.0019053451658233903
discovery,teacher,injection/non_sink/layer17/eta0.03,300,0.0007954028594182936,0.0007167050218957616,-0.002278710913470411,0.0035426597895584708,0.006236800246351354
discovery,teacher,injection/non_sink/layer17/eta0.1,300,0.0088260093665122,0.008665430264210138,-0.0016788197314645363,0.01780720207634873,0.02756798586507482
discovery,teacher,injection/non_sink/layer29/eta0,300,0.0,0.0,0.0,0.0,0.0
discovery,teacher,injection/non_sink/layer29/eta0.01,300,0.00013339442603676297,0.0001543563181959738,-0.0005049067219411294,0.0007708241620401698,0.0013303110918660805
discovery,teacher,injection/non_sink/layer29/eta0.03,300,0.0007894462224320946,0.0007947185846764271,-0.001196418221541277,0.002693416565421998,0.004339155061977116
discovery,teacher,injection/non_sink/layer29/eta0.1,300,0.00720745993569112,0.006805825421190638,0.0003340826259823296,0.013521817725474441,0.019636634766586183
discovery,teacher,injection/non_sink/layer5/eta0,300,0.0,0.0,0.0,0.0,0.0
discovery,teacher,injection/non_sink/layer5/eta0.01,300,1.7055881544556518e-05,4.4004184993233264e-05,-0.0004764767143670029,0.0005005063034418061,0.0008965289498877346
discovery,teacher,injection/non_sink/layer5/eta0.03,300,0.00017100378940018807,0.0002478652113065945,-0.0013320014232725609,0.0015910629212386965,0.0028727403775913544
discovery,teacher,injection/non_sink/layer5/eta0.1,300,0.002123271686530958,0.002078484362504614,-0.002994995417557363,0.006736171527171698,0.01168329584316945
discovery,teacher,injection/orthogonal/layer17/eta0,300,0.0,0.0,0.0,0.0,0.0
discovery,teacher,injection/orthogonal/layer17/eta0.01,300,-1.0605320032549106e-05,-7.949288435808317e-05,-0.0005258725384088952,0.0005469960490549643,0.0011054737361397332
discovery,teacher,injection/orthogonal/layer17/eta0.03,300,0.00015791836864464086,-2.5546456885150097e-05,-0.0014183464951402559,0.0017617067952794352,0.0034843444824218758
discovery,teacher,injection/orthogonal/layer17/eta0.1,300,0.002769501458589486,0.0020686923049566316,-0.0027075564767432025,0.007988655661034771,0.014100495285875226
discovery,teacher,injection/orthogonal/layer29/eta0,300,0.0,0.0,0.0,0.0,0.0
discovery,teacher,injection/orthogonal/layer29/eta0.01,300,3.9561428300782145e-05,-1.7226211667999508e-05,-0.0005668392331581416,0.0006099742228590597,0.0011689974567082927
discovery,teacher,injection/orthogonal/layer29/eta0.03,300,0.00042033669489296516,0.0002792989175150714,-0.0014022128788505014,0.0021657530717023713,0.003791568786140502
discovery,teacher,injection/orthogonal/layer29/eta0.1,300,0.004943397037997802,0.004480833143699826,-0.0011313055443951466,0.011156878133458415,0.016622838448351763
discovery,teacher,injection/orthogonal/layer5/eta0,300,0.0,0.0,0.0,0.0,0.0
discovery,teacher,injection/orthogonal/layer5/eta0.01,300,1.262507343962984e-05,2.2651642326294906e-05,-0.000388080767524524,0.0005205672556959738,0.0008094006636011319
discovery,teacher,injection/orthogonal/layer5/eta0.03,300,0.00013375843551225,0.00018401784221018394,-0.0010459052002805423,0.0016339257007508766,0.0024778080737496927
discovery,teacher,injection/orthogonal/layer5/eta0.1,300,0.0015895268613695022,0.001787516075795091,-0.002788003035417692,0.006167742211048998,0.010051523043414742
discovery,teacher,injection/random/layer17/eta0,300,0.0,0.0,0.0,0.0,0.0
discovery,teacher,injection/random/layer17/eta0.01,300,-1.1933932613747641e-05,-0.00010829835426150343,-0.0005122995752049243,0.0005590108435923659,0.0010931315384511875
discovery,teacher,injection/random/layer17/eta0.03,300,0.0001540349973145667,-8.485448642039863e-05,-0.0013876486950971949,0.0018273075734536479,0.0034876365361251236
discovery,teacher,injection/random/layer17/eta0.1,300,0.0027576708921299774,0.0019324595533956692,-0.0026349533261276607,0.007929700566089059,0.014052838603342624
discovery,teacher,injection/random/layer29/eta0,300,0.0,0.0,0.0,0.0,0.0
discovery,teacher,injection/random/layer29/eta0.01,300,3.876080432799192e-05,-1.5764724551223395e-05,-0.0005706389119305949,0.0006179359015517348,0.0011621219905342643
discovery,teacher,injection/random/layer29/eta0.03,300,0.0004180152435955686,0.0002927620579877238,-0.00139823673278328,0.0021873008547805424,0.0037870031642162905
discovery,teacher,injection/random/layer29/eta0.1,300,0.00493702559199018,0.004585557096586453,-0.001019492862731453,0.011025425017349363,0.01648533438134382
discovery,teacher,injection/random/layer5/eta0,300,0.0,0.0,0.0,0.0,0.0
discovery,teacher,injection/random/layer5/eta0.01,300,1.411734838185348e-05,2.0380095234067422e-05,-0.00038308421457846335,0.0005102382870171014,0.000808826957161971
discovery,teacher,injection/random/layer5/eta0.03,300,0.00013757351838453158,0.00018181387833722935,-0.0010232657898129442,0.0015858815410944422,0.002519337211068221
discovery,teacher,injection/random/layer5/eta0.1,300,0.0015967841779573617,0.0015639507864403913,-0.0024615948594461277,0.006294993903693252,0.010182721596064532
discovery,teacher,injection/sink/layer17/eta0,300,0.0,0.0,0.0,0.0,0.0
discovery,teacher,injection/sink/layer17/eta0.01,300,0.00025740891064974304,0.00029584929699034203,-0.0005006677522434024,0.0010859459403931625,0.0017518982173889642
discovery,teacher,injection/sink/layer17/eta0.03,300,0.0011117041384217053,0.001242014366810716,-0.0011347034784752554,0.003590605889014372,0.005578003530427228
discovery,teacher,injection/sink/layer17/eta0.1,300,0.007395553346588875,0.00718809112789124,-0.0005097088851327971,0.015535853979155774,0.022549219206562193
discovery,teacher,injection/sink/layer29/eta0,300,0.0,0.0,0.0,0.0,0.0
discovery,teacher,injection/sink/layer29/eta0.01,300,-0.00018197698219192857,-0.00016665270948034572,-0.0009245834951325664,0.0004935377226101132,0.0013669396948626667
discovery,teacher,injection/sink/layer29/eta0.03,300,-0.00011048514978334386,-0.00012810774675504427,-0.0022915592343788448,0.0020338644192913384,0.00446265062947912
discovery,teacher,injection/sink/layer29/eta0.1,300,0.004707031828153321,0.0042232002798966535,-0.0028226807361512673,0.012054969006636012,0.019478979636365048
discovery,teacher,injection/sink/layer5/eta0,300,0.0,0.0,0.0,0.0,0.0
discovery,teacher,injection/sink/layer5/eta0.01,300,-3.8626135322033106e-05,-5.719793124461737e-05,-0.0005888488349013441,0.0004971346517247478,0.0010430343507781751
discovery,teacher,injection/sink/layer5/eta0.03,300,4.740690807579698e-05,-7.869690421998031e-06,-0.0014982148418276329,0.0016791651568074865,0.0035318209430364182
discovery,teacher,injection/sink/layer5/eta0.1,300,0.0022107240779623586,0.002082238985797552,-0.00317987306850163,0.008002213605745571,0.013669568910373478
discovery,teacher,single_delete/layer17,300,0.020129708489782013,0.01954777785173551,0.00662133074182225,0.0321034821938342,0.044143293903568595
discovery,teacher,single_delete/layer29,300,0.005553352561243993,0.0036151240191121736,-0.004814688614972933,0.012328714836300828,0.02516546024112251
discovery,teacher,single_delete/layer5,300,0.003059109279768556,0.0012788472213144378,-0.0016277042899544784,0.0060277736093115614,0.013515673659917878
discovery,teacher,single_rescue/layer17,300,0.0,0.0,0.0,0.0,0.0
discovery,teacher,single_rescue/layer29,300,0.0,0.0,0.0,0.0,0.0
discovery,teacher,single_rescue/layer5,300,0.0,0.0,0.0,0.0,0.0
discovery,C1/step500,all_delete/layer11,300,0.0075939018269536385,0.008127843301127275,-0.0025723524919645056,0.01619745990422767,0.025065321434201218
discovery,C1/step500,all_delete/layer19,300,0.0075939018269536385,0.008127843301127275,-0.0025723524919645056,0.01619745990422767,0.025065321434201218
discovery,C1/step500,all_delete/layer3,300,0.0075939018269536385,0.008127843301127275,-0.0025723524919645056,0.01619745990422767,0.025065321434201218
discovery,C1/step500,conditional_rescue/layer11,300,0.007271602560528933,0.00763187258262334,-0.0022451445812315452,0.015198159405565638,0.024023761899452514
discovery,C1/step500,conditional_rescue/layer19,300,0.007322454077052319,0.007674450010765256,-0.0021847552201879304,0.015598657562976747,0.024624726903720175
discovery,C1/step500,conditional_rescue/layer3,300,0.0070554186603215725,0.006713191355307271,-0.0017034425510196235,0.01544034762645331,0.024261156217319762
discovery,C1/step500,injection/non_sink/layer11/eta0,300,0.0,0.0,0.0,0.0,0.0
discovery,C1/step500,injection/non_sink/layer11/eta0.01,300,6.135565089428519e-05,5.64695343257874e-06,-0.0006064317357821728,0.0007663186140886442,0.001332611925019993
discovery,C1/step500,injection/non_sink/layer11/eta0.03,300,0.00035811737140645504,0.00016994926873154529,-0.001612220223494402,0.002421867190383551,0.004213588444266734
discovery,C1/step500,injection/non_sink/layer11/eta0.1,300,0.0032286763629262526,0.002598169281726747,-0.0036375090831846702,0.009963538703017348,0.01641972158837507
discovery,C1/step500,injection/non_sink/layer19/eta0,300,0.0,0.0,0.0,0.0,0.0
discovery,C1/step500,injection/non_sink/layer19/eta0.01,300,1.1744461660309876e-07,-3.5293458953617124e-05,-0.0008293812669168307,0.0008826593714436208,0.001703463576910065
discovery,C1/step500,injection/non_sink/layer19/eta0.03,300,0.00021644472137210874,8.737759327325295e-05,-0.002266335675096887,0.00281876090943344,0.005514598455954724
discovery,C1/step500,injection/non_sink/layer19/eta0.1,300,0.0032486762900364994,0.0024469630924735483,-0.005632670845572404,0.012074342862827572,0.020865138496939595
discovery,C1/step500,injection/non_sink/layer3/eta0,300,0.0,0.0,0.0,0.0,0.0
discovery,C1/step500,injection/non_sink/layer3/eta0.01,300,4.038242530322138e-05,4.637710691437008e-05,-0.0004279369444359006,0.0004715206116203248,0.0009887635238527313
discovery,C1/step500,injection/non_sink/layer3/eta0.03,300,0.00023520772538472974,0.00023080420306348425,-0.001186062970499354,0.0015393504946250615,0.0030930466539277808
discovery,C1/step500,injection/non_sink/layer3/eta0.1,300,0.0021211930522768516,0.002289839616910679,-0.0025448536309670275,0.0065290345920352485,0.011765259269654283
discovery,C1/step500,injection/orthogonal/layer11/eta0,300,0.0,0.0,0.0,0.0,0.0
discovery,C1/step500,injection/orthogonal/layer11/eta0.01,300,-3.5028332487491794e-05,-4.4334591843011814e-05,-0.0002703103493517778,0.00020063205028143455,0.0003902825783556842
discovery,C1/step500,injection/orthogonal/layer11/eta0.03,300,-0.00010471323969483063,-0.00013015026182640257,-0.0008095418374369464,0.0006120186152420644,0.0011565561369648132
discovery,C1/step500,injection/orthogonal/layer11/eta0.1,300,-0.00033795874888502704,-0.0004099147526297982,-0.002716124527097687,0.002127414613258182,0.0038486690971795035
discovery,C1/step500,injection/orthogonal/layer19/eta0,300,0.0,0.0,0.0,0.0,0.0
discovery,C1/step500,injection/orthogonal/layer19/eta0.01,300,-5.061272248195538e-05,-9.350513848732775e-05,-0.00036576038270484743,0.000234693992794968,0.000661982138325849
discovery,C1/step500,injection/orthogonal/layer19/eta0.03,300,-0.00016844982237327756,-0.0002925602469857284,-0.0011190129077340673,0.0007056439016747663,0.001970276119202142
discovery,C1/step500,injection/orthogonal/layer19/eta0.1,300,-0.0007198318721741203,-0.0008493858998216043,-0.004302873386172797,0.0025400326946588953,0.006500736747201034
discovery,C1/step500,injection/orthogonal/layer3/eta0,300,0.0,0.0,0.0,0.0,0.0
discovery,C1/step500,injection/orthogonal/layer3/eta0.01,300,-1.888455368402436e-05,-2.105592742679626e-05,-0.0001604350533072404,0.00012139448030727117,0.0002388060562253937
discovery,C1/step500,injection/orthogonal/layer3/eta0.03,300,-5.087985141383695e-05,-6.097508227731299e-05,-0.00046543812188576525,0.0003675025279127707,0.0007175595741572343
discovery,C1/step500,injection/orthogonal/layer3/eta0.1,300,-0.00010127891079960219,-0.00015661284679502953,-0.0015186850480207307,0.001278832202821266,0.0024773004486804873
discovery,C1/step500,injection/random/layer11/eta0,300,0.0,0.0,0.0,0.0,0.0
discovery,C1/step500,injection/random/layer11/eta0.01,300,-3.599992887241634e-05,-5.3375724732406496e-05,-0.0002618023729699803,0.00020000127356822097,0.0003813615934116636
discovery,C1/step500,injection/random/layer11/eta0.03,300,-0.00010750097239737121,-0.00017286285640686516,-0.0008015294713298167,0.0006073478638656496,0.0011172677588275114
discovery,C1/step500,injection/random/layer11/eta0.1,300,-0.00034574834067677574,-0.0004986139733021654,-0.0027961881141962967,0.001986991702102301,0.0038892250361405025
discovery,C1/step500,injection/random/layer19/eta0,300,0.0,0.0,0.0,0.0,0.0
discovery,C1/step500,injection/random/layer19/eta0.01,300,-4.974585505608186e-05,-8.560541107898622e-05,-0.0003602636142039862,0.00025041835514579236,0.0006587201216089445
discovery,C1/step500,injection/random/layer19/eta0.03,300,-0.00016567390421869875,-0.00027940404696727363,-0.001127453300896592,0.000786128006582185,0.0019915723425196863
discovery,C1/step500,injection/random/layer19/eta0.1,300,-0.0007093666857621801,-0.0008958230807086613,-0.004229958601823942,0.0024411809726024238,0.006583560733344611
discovery,C1/step500,injection/random/layer3/eta0,300,0.0,0.0,0.0,0.0,0.0
discovery,C1/step500,injection/random/layer3/eta0.01,300,-1.8502683464310612e-05,-2.449516236312746e-05,-0.0001597216748815822,0.00012740187757597193,0.00023695577786663394
discovery,C1/step500,injection/random/layer3/eta0.03,300,-4.93561752199188e-05,-5.7385662409264275e-05,-0.00047475709689883734,0.0003836624265655758,0.0007256575456754433
discovery,C1/step500,injection/random/layer3/eta0.1,300,-9.136300074459686e-05,-0.00012225053441806104,-0.0015164848387710691,0.0013423379011980193,0.002466216800719736
discovery,C1/step500,injection/sink/layer11/eta0,300,0.0,0.0,0.0,0.0,0.0
discovery,C1/step500,injection/sink/layer11/eta0.01,300,-0.0001576204875635663,-0.00010203564260888288,-0.0005688855028527928,0.0002886178925281435,0.0006127485140102117
discovery,C1/step500,injection/sink/layer11/eta0.03,300,-0.0003745666263610359,-0.00023801307978592518,-0.0016128059447281004,0.000943506796528974,0.001962039977546753
discovery,C1/step500,injection/sink/layer11/eta0.1,300,-9.146202267624261e-05,0.0002735768716166339,-0.004501132514533095,0.004470937834011288,0.007816524956170034
discovery,C1/step500,injection/sink/layer19/eta0,300,0.0,0.0,0.0,0.0,0.0
discovery,C1/step500,injection/sink/layer19/eta0.01,300,-0.0001632588303933932,-0.000217497818113312,-0.0007422289510411541,0.0003933193176750123,0.0011008825827771296
discovery,C1/step500,injection/sink/layer19/eta0.03,300,-0.0003904725122326628,-0.0005587480199618603,-0.002129877646138349,0.0013443353607898623,0.0033808280163862593
discovery,C1/step500,injection/sink/layer19/eta0.1,300,-0.0001269263920821543,-0.0005109591746893455,-0.005902222761019009,0.005552396999569389,0.012109248844657357
discovery,C1/step500,injection/sink/layer3/eta0,300,0.0,0.0,0.0,0.0,0.0
discovery,C1/step500,injection/sink/layer3/eta0.01,300,9.524377938017758e-05,0.00011549221249077264,-0.00023702185923658959,0.00045252221775805856,0.0008567509688730316
discovery,C1/step500,injection/sink/layer3/eta0.03,300,0.0003755318148555405,0.00043765390951802413,-0.0006525084728331077,0.0015139241856852855,0.0026528005524883128
discovery,C1/step500,injection/sink/layer3/eta0.1,300,0.002289012898923218,0.0024897657980130416,-0.001564266174796998,0.006140821562038632,0.00987372210645301
discovery,C1/step500,single_delete/layer11,300,5.1421017784459074e-05,7.058691790723425e-07,-0.00021979564756859007,0.00029524855726347193,0.0007188211275836615
discovery,C1/step500,single_delete/layer19,300,3.157257720867167e-05,-5.436694528174213e-06,-0.00015730369748093013,0.00017828453244186763,0.00042283666415477377
discovery,C1/step500,single_delete/layer3,300,0.00014047307292307457,8.260171244463583e-05,-0.00026845556544506644,0.000578076820673905,0.0010010306290754183
discovery,C1/step500,single_rescue/layer11,300,0.0,0.0,0.0,0.0,0.0
discovery,C1/step500,single_rescue/layer19,300,0.0,0.0,0.0,0.0,0.0
discovery,C1/step500,single_rescue/layer3,300,0.0,0.0,0.0,0.0,0.0
discovery,C1/step2000,all_delete/layer11,300,0.01402062914190017,0.012707462460975948,0.0034852891456423783,0.022690615316075604,0.03529692221814253
discovery,C1/step2000,all_delete/layer19,300,0.01402062914190017,0.012707462460975948,0.0034852891456423783,0.022690615316075604,0.03529692221814253
discovery,C1/step2000,all_delete/layer3,300,0.01402062914190017,0.012707462460975948,0.0034852891456423783,0.022690615316075604,0.03529692221814253
discovery,C1/step2000,conditional_rescue/layer11,300,0.012570793872743142,0.011919216846856545,0.0029554367065429688,0.020365362092265936,0.03152141120490128
discovery,C1/step2000,conditional_rescue/layer19,300,0.012964776507199904,0.011607432928610974,0.003098495363250492,0.02149979899248739,0.031652519646592034
discovery,C1/step2000,conditional_rescue/layer3,300,0.013490805588369294,0.01245588768185593,0.0034995416956623707,0.02224669869490496,0.032390753678449534
discovery,C1/step2000,injection/non_sink/layer11/eta0,300,0.0,0.0,0.0,0.0,0.0
discovery,C1/step2000,injection/non_sink/layer11/eta0.01,300,7.61266893602106e-05,8.916479396069144e-05,-0.00048414365513118235,0.0006653718122347133,0.0013347445510503814
discovery,C1/step2000,injection/non_sink/layer11/eta0.03,300,0.0004433102244780132,0.0004533031794029897,-0.0011943156324972317,0.002171005789689192,0.0042367499644362094
discovery,C1/step2000,injection/non_sink/layer11/eta0.1,300,0.0039831576510051415,0.00398649380901667,-0.0016892050194928026,0.00972246935987097,0.016471838763379678
discovery,C1/step2000,injection/non_sink/layer19/eta0,300,0.0,0.0,0.0,0.0,0.0
discovery,C1/step2000,injection/non_sink/layer19/eta0.01,300,0.0001578932233995653,0.00024547727089228595,-0.0007933519017977978,0.0010366064357006644,0.001887025607852487
discovery,C1/step2000,injection/non_sink/layer19/eta0.03,300,0.000892588647957549,0.0010977617398960384,-0.0019681885486512673,0.0035361793097548598,0.006104293582946299
discovery,C1/step2000,injection/non_sink/layer19/eta0.1,300,0.007887530589666892,0.008521583136611097,-0.0015368874617448943,0.01660398047740065,0.025539602444866517
discovery,C1/step2000,injection/non_sink/layer3/eta0,300,0.0,0.0,0.0,0.0,0.0
discovery,C1/step2000,injection/non_sink/layer3/eta0.01,300,6.835912469178046e-05,-1.243531234621063e-05,-0.0004361070047213337,0.0005479722511111282,0.0011293576458307703
discovery,C1/step2000,injection/non_sink/layer3/eta0.03,300,0.00033602536819738355,5.8572123369832675e-05,-0.001198002672570897,0.0017547907791738435,0.0034730265459676428
discovery,C1/step2000,injection/non_sink/layer3/eta0.1,300,0.002655428989039944,0.0016034644419752706,-0.002477217846968043,0.00732846147432102,0.012833398533618357
discovery,C1/step2000,injection/orthogonal/layer11/eta0,300,0.0,0.0,0.0,0.0,0.0
discovery,C1/step2000,injection/orthogonal/layer11/eta0.01,300,8.496862696850393e-06,1.779691440852608e-05,-0.00031234711173951156,0.00034978070597010334,0.000588697899044968
discovery,C1/step2000,injection/orthogonal/layer11/eta0.03,300,8.528997266073553e-05,0.00012732678511011319,-0.000898451317013718,0.001105714032030481,0.001832072941337045
discovery,C1/step2000,injection/orthogonal/layer11/eta0.1,300,0.0009927667532693058,0.0012543295312115526,-0.002267326895646223,0.00446388665146715,0.007020896250807395
discovery,C1/step2000,injection/orthogonal/layer19/eta0,300,0.0,0.0,0.0,0.0,0.0
discovery,C1/step2000,injection/orthogonal/layer19/eta0.01,300,5.694111501138042e-06,-4.145104115403543e-06,-0.00038140214334322713,0.00037421579436054377,0.0007158204326479454
discovery,C1/step2000,injection/orthogonal/layer19/eta0.03,300,8.756562480776329e-05,4.787895623154527e-05,-0.001067567059374231,0.0011939026239350084,0.0022207665631151577
discovery,C1/step2000,injection/orthogonal/layer19/eta0.1,300,0.00112191012525183,0.0009501449705108882,-0.002512548852154589,0.004891057652751292,0.008391357782318837
discovery,C1/step2000,injection/orthogonal/layer3/eta0,300,0.0,0.0,0.0,0.0,0.0
discovery,C1/step2000,injection/orthogonal/layer3/eta0.01,300,2.1277249954503977e-05,4.103052334522638e-05,-0.00033295999361774117,0.00033651186725286046,0.0006200955608698328
discovery,C1/step2000,injection/orthogonal/layer3/eta0.03,300,0.00012153179939650487,0.00021689707838644194,-0.000928848747193344,0.0010781250600739726,0.0019502564678041958
discovery,C1/step2000,injection/orthogonal/layer3/eta0.1,300,0.0010839807204999947,0.0013016528031957431,-0.0025100032175619773,0.004364802142766517,0.007214757964367005
discovery,C1/step2000,injection/random/layer11/eta0,300,0.0,0.0,0.0,0.0,0.0
discovery,C1/step2000,injection/random/layer11/eta0.01,300,1.035450011726439e-05,2.426988496555118e-05,-0.0003218387994240588,0.0003429923470564715,0.000606356643316314
discovery,C1/step2000,injection/random/layer11/eta0.03,300,9.094803977826137e-05,0.00013034550223763535,-0.0009193345317690391,0.0010521580853800135,0.0018757076713982533
discovery,C1/step2000,injection/random/layer11/eta0.1,300,0.001012092149789565,0.0012664344367079848,-0.002379913029708262,0.0045010123665877215,0.007112791406826712
discovery,C1/step2000,injection/random/layer19/eta0,300,0.0,0.0,0.0,0.0,0.0
discovery,C1/step2000,injection/random/layer19/eta0.01,300,8.49651226534305e-06,2.342884934793307e-06,-0.00036865895188699556,0.00037491415429303024,0.0007239574522484008
discovery,C1/step2000,injection/random/layer19/eta0.03,300,9.618083323080708e-05,7.450674462506152e-05,-0.0010135755764217828,0.0012238570085660678,0.0022634551281065455
discovery,C1/step2000,injection/random/layer19/eta0.1,300,0.001152803065582836,0.0010608012282003567,-0.0025145838579793615,0.005037915988231268,0.008273720929003138
discovery,C1/step2000,injection/random/layer3/eta0,300,0.0,0.0,0.0,0.0,0.0
discovery,C1/step2000,injection/random/layer3/eta0.01,300,2.1905173154014928e-05,4.9951508289247047e-05,-0.0003328999196450541,0.0003419710895207923,0.0006147669994924952
discovery,C1/step2000,injection/random/layer3/eta0.03,300,0.00012312175720695435,0.0001943843571219857,-0.0009500248225655142,0.0010956403777355283,0.0018920658141609258
discovery,C1/step2000,injection/random/layer3/eta0.1,300,0.0010913350262979822,0.0014869059164693038,-0.0025044538843350147,0.0045047069159079725,0.006943430863027499
discovery,C1/step2000,injection/sink/layer11/eta0,300,0.0,0.0,0.0,0.0,0.0
discovery,C1/step2000,injection/sink/layer11/eta0.01,300,0.00012091488975865322,0.000148833267332062,-0.0005504803394708108,0.0008075368685985174,0.0014188481128121924
discovery,C1/step2000,injection/sink/layer11/eta0.03,300,0.0005971781412760416,0.0006266165906050074,-0.0013966447725070742,0.002633282518762303,0.00439478356068529
discovery,C1/step2000,injection/sink/layer11/eta0.1,300,0.004694788424674607,0.004617661003052719,-0.0022161964356429936,0.011394373075229915,0.017207090122493236
discovery,C1/step2000,injection/sink/layer19/eta0,300,0.0,0.0,0.0,0.0,0.0
discovery,C1/step2000,injection/sink/layer19/eta0.01,300,0.00012829758050873525,0.0001384855255367249,-0.0005439172579547552,0.0008192437840258981,0.0013578880490280512
discovery,C1/step2000,injection/sink/layer19/eta0.03,300,0.0006649601052752317,0.000700567650982714,-0.001347188874492495,0.0026626887283925935,0.004298965574249509
discovery,C1/step2000,injection/sink/layer19/eta0.1,300,0.005462865454005444,0.005348400806817482,-0.0015367447860597625,0.011863220395065668,0.01775491969791923
discovery,C1/step2000,injection/sink/layer3/eta0,300,0.0,0.0,0.0,0.0,0.0
discovery,C1/step2000,injection/sink/layer3/eta0.01,300,0.0002838784565762898,0.0002454322154127707,-0.00033847178061177413,0.0008200022179310716,0.0014341789906419172
discovery,C1/step2000,injection/sink/layer3/eta0.03,300,0.0010376750014898346,0.0008526899683193897,-0.000812650665523499,0.0026551569540669596,0.004499573594941868
discovery,C1/step2000,injection/sink/layer3/eta0.1,300,0.0056442073011022855,0.0052851429135780635,-0.001396787448192206,0.011268886055533342,0.01820536936361959
discovery,C1/step2000,single_delete/layer11,300,0.0003302849496756326,0.00017957612285463828,-0.0005961741049458661,0.0011802883598748155,0.002534743181363805
discovery,C1/step2000,single_delete/layer19,300,7.904683511088214e-05,1.8652968519315946e-05,-0.0004275915190929503,0.0005512688103623277,0.001029235359251969
discovery,C1/step2000,single_delete/layer3,300,8.096104218890974e-05,9.059155081200788e-05,-0.0004080599687230869,0.0005186711709330401,0.0010216420091043307
discovery,C1/step2000,single_rescue/layer11,300,0.0,0.0,0.0,0.0,0.0
discovery,C1/step2000,single_rescue/layer19,300,0.0,0.0,0.0,0.0,0.0
discovery,C1/step2000,single_rescue/layer3,300,0.0,0.0,0.0,0.0,0.0
discovery,C1/step10000,all_delete/layer11,300,0.051177474570086624,0.04424377501480223,0.021658108929010825,0.07101283486433856,0.09874221921905761
discovery,C1/step10000,all_delete/layer19,300,0.051177474570086624,0.04424377501480223,0.021658108929010825,0.07101283486433856,0.09874221921905761
discovery,C1/step10000,all_delete/layer3,300,0.051177474570086624,0.04424377501480223,0.021658108929010825,0.07101283486433856,0.09874221921905761
discovery,C1/step10000,conditional_rescue/layer11,300,0.048112256420566026,0.04082299780657911,0.019494409636249693,0.06693072581854392,0.09728166475070746
discovery,C1/step10000,conditional_rescue/layer19,300,0.046451654083772595,0.038490948714609216,0.020460954801304134,0.06527474921519362,0.09181048776221096
discovery,C1/step10000,conditional_rescue/layer3,300,0.050506703359248444,0.04237337187519224,0.021189862348901946,0.0702834166879729,0.09818463363046723
discovery,C1/step10000,injection/non_sink/layer11/eta0,300,0.0,0.0,0.0,0.0,0.0
discovery,C1/step10000,injection/non_sink/layer11/eta0.01,300,0.00017304442998931165,8.668674258735236e-05,-0.0005106512955793246,0.0008444823618010273,0.0016729279765932586
discovery,C1/step10000,injection/non_sink/layer11/eta0.03,300,0.0008506334359877378,0.0007088728777066928,-0.001112374733752153,0.00286646715299351,0.005415341234582617
discovery,C1/step10000,injection/non_sink/layer11/eta0.1,300,0.006882173608294309,0.006510644447146438,-2.4930698665108264e-05,0.013684805922620879,0.022006790281280757
discovery,C1/step10000,injection/non_sink/layer19/eta0,300,0.0,0.0,0.0,0.0,0.0
discovery,C1/step10000,injection/non_sink/layer19/eta0.01,300,0.00023354637967007056,0.0002379229688268947,-0.0006428515817236712,0.0010509040412001723,0.0017201641413170526
discovery,C1/step10000,injection/non_sink/layer19/eta0.03,300,0.001170013557894649,0.0011136963611512673,-0.0013641147162970595,0.0036352112537293923,0.00573550246831939
discovery,C1/step10000,injection/non_sink/layer19/eta0.1,300,0.009398340815947124,0.008836881382258858,0.0006854890838382751,0.017039306520477054,0.025287012415608087
discovery,C1/step10000,injection/non_sink/layer3/eta0,300,0.0,0.0,0.0,0.0,0.0
discovery,C1/step10000,injection/non_sink/layer3/eta0.01,300,1.8524109847902314e-05,-1.4260059266578494e-05,-0.0005348535973256029,0.0005292817363588829,0.0010352908156988192
discovery,C1/step10000,injection/non_sink/layer3/eta0.03,300,0.00022232603839063267,0.00013635289950633613,-0.0014446438766839936,0.0017094874945212538,0.003230949461929442
discovery,C1/step10000,injection/non_sink/layer3/eta0.1,300,0.0027120405482494924,0.002661209406815176,-0.0029548660038024423,0.007870155995286355,0.012908073485366944
discovery,C1/step10000,injection/orthogonal/layer11/eta0,300,0.0,0.0,0.0,0.0,0.0
discovery,C1/step10000,injection/orthogonal/layer11/eta0.01,300,-1.6964839825167118e-05,-1.8067247285617617e-05,-0.0005337422288308932,0.0006045544241357038,0.0010126999982698701
discovery,C1/step10000,injection/orthogonal/layer11/eta0.03,300,0.00014953555710359506,0.00012352710633765993,-0.00134616010771023,0.0020057498000738186,0.0032260263998677434
discovery,C1/step10000,injection/orthogonal/layer11/eta0.1,300,0.002881386248771287,0.00249370064322404,-0.00229559169979546,0.008958005529689037,0.013056984848863498
discovery,C1/step10000,injection/orthogonal/layer19/eta0,300,0.0,0.0,0.0,0.0,0.0
discovery,C1/step10000,injection/orthogonal/layer19/eta0.01,300,1.956263865072896e-05,5.4847537063238186e-05,-0.00045344960971141425,0.0005289475748858114,0.0008851809764471581
discovery,C1/step10000,injection/orthogonal/layer19/eta0.03,300,0.0002142157517080232,0.0003126549908495325,-0.0012050125542588121,0.001711561923890602,0.0027462486207015884
discovery,C1/step10000,injection/orthogonal/layer19/eta0.1,300,0.002538593597612356,0.0028835131427434484,-0.002131101653331847,0.007611890477458323,0.010902455848033038
discovery,C1/step10000,injection/orthogonal/layer3/eta0,300,0.0,0.0,0.0,0.0,0.0
discovery,C1/step10000,injection/orthogonal/layer3/eta0.01,300,7.427996537816803e-06,3.16740020992249e-05,-0.00041822748860036293,0.0004932786536029005,0.0009642293134073574
discovery,C1/step10000,injection/orthogonal/layer3/eta0.03,300,0.00017051196160904693,0.00023230605238065946,-0.001123627339761088,0.0016378643005851685,0.0030548696442851873
discovery,C1/step10000,injection/orthogonal/layer3/eta0.1,300,0.0023126074523124795,0.0026535875215305117,-0.0017217275664562315,0.006976097587525375,0.011665103942390507
discovery,C1/step10000,injection/random/layer11/eta0,300,0.0,0.0,0.0,0.0,0.0
discovery,C1/step10000,injection/random/layer11/eta0.01,300,-1.726698687696081e-05,-1.082833357683317e-05,-0.0005219376931978961,0.0005801531273548998,0.0010370990422766979
discovery,C1/step10000,injection/random/layer11/eta0.03,300,0.0001488472094998898,0.00012788246935746802,-0.0013351966076948511,0.0019800569128802445,0.0033062672051857797
discovery,C1/step10000,injection/random/layer11/eta0.1,300,0.002882424051680277,0.002686628206508366,-0.0023622813187246247,0.009158712672436332,0.013138102734182776
discovery,C1/step10000,injection/random/layer19/eta0,300,0.0,0.0,0.0,0.0,0.0
discovery,C1/step10000,injection/random/layer19/eta0.01,300,1.8664282450838664e-05,5.330063226654773e-05,-0.00046036187119371304,0.0005439698226808562,0.0008906507116603101
discovery,C1/step10000,injection/random/layer19/eta0.03,300,0.00021169174374557857,0.0002943174106868233,-0.0012167269789327786,0.0017654708051306057,0.0027842934676042693
discovery,C1/step10000,injection/random/layer19/eta0.1,300,0.0025317805583082785,0.0028233866053303395,-0.002234383830873985,0.007656510420671598,0.010849284374807764
discovery,C1/step10000,injection/random/layer3/eta0,300,0.0,0.0,0.0,0.0,0.0
discovery,C1/step10000,injection/random/layer3/eta0.01,300,9.1938209033075e-06,1.6032241460845227e-05,-0.0004056344820758489,0.0004721664068267101,0.0009260432926688622
discovery,C1/step10000,injection/random/layer3/eta0.03,300,0.00017642869724063422,0.00020857683316929135,-0.0010827507559708722,0.0015622311689722258,0.0029352773831585275
discovery,C1/step10000,injection/random/layer3/eta0.1,300,0.002341935290439235,0.002663454671544353,-0.0018584709467850333,0.0070077490618848425,0.011602331146480531
discovery,C1/step10000,injection/sink/layer11/eta0,300,0.0,0.0,0.0,0.0,0.0
discovery,C1/step10000,injection/sink/layer11/eta0.01,300,4.4263954863460666e-05,6.876968023345227e-05,-0.0006035031296136811,0.0008042553278404896,0.001544847263125923
discovery,C1/step10000,injection/sink/layer11/eta0.03,300,0.000583608256863171,0.000682950958492249,-0.0014003092848409817,0.002862720038947158,0.004909284096064531
discovery,C1/step10000,injection/sink/layer11/eta0.1,300,0.0073125753377679134,0.007270888080747108,0.00012747697004183073,0.015446783050777405,0.02200919324018824
discovery,C1/step10000,injection/sink/layer19/eta0,300,0.0,0.0,0.0,0.0,0.0
discovery,C1/step10000,injection/sink/layer19/eta0.01,300,0.00013919444847607549,0.00015668793926088828,-0.0004986139733021654,0.0007737077127291461,0.0012003560704509108
discovery,C1/step10000,injection/sink/layer19/eta0.03,300,0.0007188262839329837,0.0007345094455508735,-0.0011786588533656804,0.0026354301632858634,0.0038850048395592403
discovery,C1/step10000,injection/sink/layer19/eta0.1,300,0.005805316058982388,0.005498450572096456,-0.00035324997789277807,0.01209395701490988,0.016555780125415236
discovery,C1/step10000,injection/sink/layer3/eta0,300,0.0,0.0,0.0,0.0,0.0
discovery,C1/step10000,injection/sink/layer3/eta0.01,300,8.793515483225424e-05,5.595890555794784e-05,-0.0005541298333115465,0.000766386197307917,0.0012169665238988682
discovery,C1/step10000,injection/sink/layer3/eta0.03,300,0.00044346902001248255,0.0003159665685939038,-0.0014314576396791954,0.002443381181852085,0.0038109516534279653
discovery,C1/step10000,injection/sink/layer3/eta0.1,300,0.0035385729822273956,0.003231326426108052,-0.0023908314742441253,0.009981958884892502,0.014881055937038633
discovery,C1/step10000,single_delete/layer11,300,0.0011171874349198629,0.0008043904942790354,-0.0007931491521399792,0.002760680641714982,0.005126959132397271
discovery,C1/step10000,single_delete/layer19,300,0.0003316318582049192,0.00030131602850485975,-0.0010133878452571357,0.0016324726615365096,0.003042749720295583
discovery,C1/step10000,single_delete/layer3,300,0.00029214203201253895,0.000281987227792815,-0.0006993811900221457,0.0012376289668045645,0.0021910840132105076
discovery,C1/step10000,single_rescue/layer11,300,0.0,0.0,0.0,0.0,0.0
discovery,C1/step10000,single_rescue/layer19,300,0.0,0.0,0.0,0.0,0.0
discovery,C1/step10000,single_rescue/layer3,300,0.0,0.0,0.0,0.0,0.0
discovery,C2/step500,all_delete/layer11,300,0.012264523443587496,0.011057786115511196,-0.005528878039262426,0.031317973700095356,0.048134985495740044
discovery,C2/step500,all_delete/layer19,300,0.012264523443587496,0.011057786115511196,-0.005528878039262426,0.031317973700095356,0.048134985495740044
discovery,C2/step500,all_delete/layer3,300,0.012264523443587496,0.011057786115511196,-0.005528878039262426,0.031317973700095356,0.048134985495740044
discovery,C2/step500,conditional_rescue/layer11,300,0.012515567969775262,0.01127537404458354,-0.00453331714540016,0.030639693492979514,0.046159512977900476
discovery,C2/step500,conditional_rescue/layer19,300,0.012335363072673168,0.01139471099132628,-0.005600020641417016,0.031373737365242065,0.047107612429641364
discovery,C2/step500,conditional_rescue/layer3,300,0.009196311970708252,0.008642361858698327,-0.006605974332554134,0.027551786167415108,0.044798753392977994
discovery,C2/step500,injection/non_sink/layer11/eta0,300,0.0,0.0,0.0,0.0,0.0
discovery,C2/step500,injection/non_sink/layer11/eta0.01,300,5.950567290538878e-05,9.700444739634597e-05,-0.0004905790794552781,0.0006997716708446113,0.0012565522682009725
discovery,C2/step500,injection/non_sink/layer11/eta0.03,300,0.00032876202440637305,0.00040163956289216286,-0.0013493365190160556,0.002257895281934363,0.0038853322427103865
discovery,C2/step500,injection/non_sink/layer11/eta0.1,300,0.0028519051218908915,0.0029086616095595473,-0.003011433158333846,0.009477390079047736,0.014467344509335019
discovery,C2/step500,injection/non_sink/layer19/eta0,300,0.0,0.0,0.0,0.0,0.0
discovery,C2/step500,injection/non_sink/layer19/eta0.01,300,-9.174597232047654e-06,-4.871999184916339e-05,-0.0007663336325818159,0.0008931648074172613,0.0015200637456938989
discovery,C2/step500,injection/non_sink/layer19/eta0.03,300,0.00011894246098876311,-4.876504732867864e-05,-0.002228248776413324,0.002852101964274729,0.0049181840551181105
discovery,C2/step500,injection/non_sink/layer19/eta0.1,300,0.0021041912168968378,0.001812101349117249,-0.006063175952340675,0.011378671240618848,0.017694926825095377
discovery,C2/step500,injection/non_sink/layer3/eta0,300,0.0,0.0,0.0,0.0,0.0
discovery,C2/step500,injection/non_sink/layer3/eta0.01,300,2.1110995235092685e-06,2.432995893823819e-06,-0.00039183248685100883,0.00038671118067944144,0.0008029607337290848
discovery,C2/step500,injection/non_sink/layer3/eta0.03,300,8.395958447393782e-05,6.274726447157973e-05,-0.0010785681056225394,0.0012540742168276329,0.0025043998177595966
discovery,C2/step500,injection/non_sink/layer3/eta0.1,300,0.0011828231811523437,0.0012536236620324802,-0.002839771781380721,0.004844920841727669,0.008946486345426306
discovery,C2/step500,injection/orthogonal/layer11/eta0,300,0.0,0.0,0.0,0.0,0.0
discovery,C2/step500,injection/orthogonal/layer11/eta0.01,300,-2.5334796254716206e-05,-2.4299921951894683e-05,-0.0002760399044968012,0.00018818171944205218,0.00040241151344119113
discovery,C2/step500,injection/orthogonal/layer11/eta0.03,300,-8.064920820902026e-05,-5.860216035617618e-05,-0.0008463371457077387,0.0005598293514702264,0.0012074988658033962
discovery,C2/step500,injection/orthogonal/layer11/eta0.1,300,-0.00031661616848522597,-0.0002730662428487943,-0.0027843535415769563,0.0017864347442867249,0.004044414129782849
discovery,C2/step500,injection/orthogonal/layer19/eta0,300,0.0,0.0,0.0,0.0,0.0
discovery,C2/step500,injection/orthogonal/layer19/eta0.01,300,-4.681424518895587e-05,-6.490992748831201e-05,-0.00036801315668061026,0.0002718046894223671,0.0006454077292615036
discovery,C2/step500,injection/orthogonal/layer19/eta0.03,300,-0.00016071279530763,-0.00022299458661417324,-0.0011666065125953493,0.0007444516880305734,0.0019299604761318918
discovery,C2/step500,injection/orthogonal/layer19/eta0.1,300,-0.0007355232939632546,-0.0010119010144331324,-0.004441178689791461,0.002782145823080709,0.006245389322596278
discovery,C2/step500,injection/orthogonal/layer3/eta0,300,0.0,0.0,0.0,0.0,0.0
discovery,C2/step500,injection/orthogonal/layer3/eta0.01,300,-1.201339281137221e-05,-2.6732917845718503e-06,-0.00018297030231145424,0.00015500586802565206,0.000301463209737943
discovery,C2/step500,injection/orthogonal/layer3/eta0.03,300,-1.9543465041113025e-05,1.6280046598179132e-05,-0.0005377671850009228,0.0004787445068359375,0.0009226340947188731
discovery,C2/step500,injection/orthogonal/layer3/eta0.1,300,0.00012513778966868644,0.0002511092058316929,-0.001547430443951464,0.0017420250599778542,0.003160641887995202
discovery,C2/step500,injection/random/layer11/eta0,300,0.0,0.0,0.0,0.0,0.0
discovery,C2/step500,injection/random/layer11/eta0.01,300,-2.4654258267460222e-05,-3.4842904158464566e-05,-0.00027296111339659203,0.00019851444274421754,0.00039762962521530567
discovery,C2/step500,injection/random/layer11/eta0.03,300,-7.852288994576361e-05,-7.115762064776083e-05,-0.0008156393456646777,0.0005765148973840428,0.0011884193720780034
discovery,C2/step500,injection/random/layer11/eta0.1,300,-0.0003082558739529507,-0.0003296859621062992,-0.002809614647091843,0.0018736621526282602,0.004042777114027131
discovery,C2/step500,injection/random/layer19/eta0,300,0.0,0.0,0.0,0.0,0.0
discovery,C2/step500,injection/random/layer19/eta0.01,300,-4.8717689013543724e-05,-6.322785625307578e-05,-0.00037603303203432583,0.0002760399044968012,0.0006490031565268209
discovery,C2/step500,injection/random/layer19/eta0.03,300,-0.00016634152630182702,-0.00024840587706077757,-0.0012032966914139395,0.0007684812771053765,0.0019517553134227364
discovery,C2/step500,injection/random/layer19/eta0.1,300,-0.0007532932752073593,-0.0010331221452848178,-0.004349603427676704,0.0026731566181333044,0.006181719922643955
discovery,C2/step500,injection/random/layer3/eta0,300,0.0,0.0,0.0,0.0,0.0
discovery,C2/step500,injection/random/layer3/eta0.01,300,-1.2019700578504348e-05,-4.475510965182087e-06,-0.00019071984478807825,0.0001383954145776944,0.00030416053111158986
discovery,C2/step500,injection/random/layer3/eta0.03,300,-1.874808564273704e-05,3.7546232929379922e-06,-0.0005512087363896408,0.0004264651321050689,0.00093079214020977
discovery,C2/step500,injection/random/layer3/eta0.1,300,0.00013768173578217272,0.0002507187250092274,-0.001700506435604546,0.0016125806673305241,0.0033629229688268976
discovery,C2/step500,injection/sink/layer11/eta0,300,0.0,0.0,0.0,0.0,0.0
discovery,C2/step500,injection/sink/layer11/eta0.01,300,-0.0003375448392132136,-0.0003268474668968381,-0.000814107459361159,0.00014434273787370817,0.0005654222383273868
discovery,C2/step500,injection/sink/layer11/eta0.03,300,-0.0009115997074157234,-0.0008701414573849656,-0.0023479611854853592,0.0005176123671644316,0.0017627325583630669
discovery,C2/step500,injection/sink/layer11/eta0.1,300,-0.0018373401271389537,-0.0015016690952571357,-0.006416035449410986,0.0030354327104223054,0.006880458321158347
discovery,C2/step500,injection/sink/layer19/eta0,300,0.0,0.0,0.0,0.0,0.0
discovery,C2/step500,injection/sink/layer19/eta0.01,300,-0.0004338216906770321,-0.0004662791575033834,-0.0009875560370017225,3.3040684977854326e-05,0.0006107360359251978
discovery,C2/step500,injection/sink/layer19/eta0.03,300,-0.0012558298786794107,-0.0013831731841320127,-0.0028828373105507198,0.00013727653683639888,0.0018915491779958188
discovery,C2/step500,injection/sink/layer19/eta0.1,300,-0.0036325455713146944,-0.004275164266270916,-0.008837617288424275,0.0010991734782541832,0.007279619832677165
discovery,C2/step500,injection/sink/layer3/eta0,300,0.0,0.0,0.0,0.0,0.0
discovery,C2/step500,injection/sink/layer3/eta0.01,300,0.0002522652293127666,0.0002847205935500738,-0.0002434497743140994,0.0006667760413462721,0.0011224821796567423
discovery,C2/step500,injection/sink/layer3/eta0.03,300,0.0008763532062840899,0.0009564076821635089,-0.0005862018254798229,0.0021035652461014395,0.003482539259542631
discovery,C2/step500,injection/sink/layer3/eta0.1,300,0.0042872454425481364,0.0041812386099747785,-0.0007969187939260889,0.008172861234409603,0.013039169912263173
discovery,C2/step500,single_delete/layer11,300,-0.0011204887249964116,-0.0008316941148652805,-0.0026890762208953613,0.000663937546136811,0.0020214681550273744
discovery,C2/step500,single_delete/layer19,300,-0.0007283196236517799,-0.0007296584722563976,-0.0016272837721456692,8.084454874354084e-05,0.0008669154850516733
discovery,C2/step500,single_delete/layer3,300,0.0004101188038903584,0.00037579273614357775,-0.0005098027507151206,0.0013957586814099408,0.0023769889290877217
discovery,C2/step500,single_rescue/layer11,300,0.0,0.0,0.0,0.0,0.0
discovery,C2/step500,single_rescue/layer19,300,0.0,0.0,0.0,0.0,0.0
discovery,C2/step500,single_rescue/layer3,300,0.0,0.0,0.0,0.0,0.0
discovery,C2/step2000,all_delete/layer11,300,0.03817369691343132,0.03478948337825265,0.013741861178180364,0.05867168096106822,0.0803700965220534
discovery,C2/step2000,all_delete/layer19,300,0.03817369691343132,0.03478948337825265,0.013741861178180364,0.05867168096106822,0.0803700965220534
discovery,C2/step2000,all_delete/layer3,300,0.03817369691343132,0.03478948337825265,0.013741861178180364,0.05867168096106822,0.0803700965220534
discovery,C2/step2000,conditional_rescue/layer11,300,0.035492297044889196,0.03266229404239204,0.01081363798126461,0.0549806609867126,0.07691702054241512
discovery,C2/step2000,conditional_rescue/layer19,300,0.034660122688673925,0.032452786062646094,0.01170469269039124,0.05505470966729592,0.07555095041830713
discovery,C2/step2000,conditional_rescue/layer3,300,0.035936936055581396,0.03179098114253968,0.012554476580281896,0.05664084276815099,0.0763503007062777
discovery,C2/step2000,injection/non_sink/layer11/eta0,300,0.0,0.0,0.0,0.0,0.0
discovery,C2/step2000,injection/non_sink/layer11/eta0.01,300,1.5985684132012816e-06,5.962341789185532e-05,-0.0007591923390786479,0.0007465242400882751,0.0013108681506059307
discovery,C2/step2000,injection/non_sink/layer11/eta0.03,300,0.00032056538138802596,0.0004559914896807333,-0.002007078936719519,0.0025841194813645734,0.004202117319182151
discovery,C2/step2000,injection/non_sink/layer11/eta0.1,300,0.004773632560189314,0.004853436327356053,-0.003232220026451772,0.012574000621405174,0.01775600403312623
discovery,C2/step2000,injection/non_sink/layer19/eta0,300,0.0,0.0,0.0,0.0,0.0
discovery,C2/step2000,injection/non_sink/layer19/eta0.01,300,0.00014254162004926388,0.0001368334912878322,-0.0007593275055171936,0.0010337379035048598,0.0019024676225316806
discovery,C2/step2000,injection/non_sink/layer19/eta0.03,300,0.0007916248251446902,0.0007828389565775714,-0.001888883395457831,0.003428526750699742,0.006105224729522948
discovery,C2/step2000,injection/non_sink/layer19/eta0.1,300,0.00689472593973315,0.006830200435608391,-0.0024323050431379186,0.015661723970428226,0.02569878345399391
discovery,C2/step2000,injection/non_sink/layer3/eta0,300,0.0,0.0,0.0,0.0,0.0
discovery,C2/step2000,injection/non_sink/layer3/eta0.01,300,2.2819799388174622e-05,-3.071281853623277e-05,-0.00036859887791430856,0.00040731655331108517,0.0007961303230345728
discovery,C2/step2000,injection/non_sink/layer3/eta0.03,300,0.00016021177837542035,-6.292748638964075e-06,-0.0010260033795214075,0.001331930085429995,0.0024935294324018842
discovery,C2/step2000,injection/non_sink/layer3/eta0.1,300,0.0016256052052255065,0.0009590359184685655,-0.002485523073692021,0.005628608343169445,0.009412372018408596
discovery,C2/step2000,injection/orthogonal/layer11/eta0,300,0.0,0.0,0.0,0.0,0.0
discovery,C2/step2000,injection/orthogonal/layer11/eta0.01,300,-1.0384787411827428e-05,-2.4029589074803148e-05,-0.000305964252141517,0.0003284995011457308,0.0006332998200664371
discovery,C2/step2000,injection/orthogonal/layer11/eta0.03,300,2.6224241481991265e-05,-8.305226723978837e-06,-0.0008761037991741512,0.001047832759346549,0.0019886197067621185
discovery,C2/step2000,injection/orthogonal/layer11/eta0.1,300,0.0007715154632808656,0.0006917367769977238,-0.0023870768509511872,0.003950216638760304,0.006976111104169237
discovery,C2/step2000,injection/orthogonal/layer19/eta0,300,0.0,0.0,0.0,0.0,0.0
discovery,C2/step2000,injection/orthogonal/layer19/eta0.01,300,-4.9504457809167875e-06,-2.572667880321112e-05,-0.000326794902170737,0.00032792879840520426,0.0006836688424658592
discovery,C2/step2000,injection/orthogonal/layer19/eta0.03,300,5.9019774589638706e-05,-2.8595210999015748e-05,-0.0009088966790146715,0.001039474967896469,0.0021407690573865047
discovery,C2/step2000,injection/orthogonal/layer19/eta0.1,300,0.001066349560194441,0.0006840923639733021,-0.0022993237953486405,0.004203676238773376,0.008079937311608025
discovery,C2/step2000,injection/orthogonal/layer3/eta0,300,0.0,0.0,0.0,0.0,0.0
discovery,C2/step2000,injection/orthogonal/layer3/eta0.01,300,2.2934841045870244e-05,3.506818155604085e-05,-0.0003593399768739235,0.0003964431642547367,0.0006973747193344003
discovery,C2/step2000,injection/orthogonal/layer3/eta0.03,300,0.00015309571594078085,0.00018499779888964075,-0.0010046996469572772,0.0012539540688822587,0.0022089530163862574
discovery,C2/step2000,injection/orthogonal/layer3/eta0.1,300,0.0015149907490086994,0.0016394187146284449,-0.002324141855314961,0.005231511874461737,0.008490840281088525
discovery,C2/step2000,injection/random/layer11/eta0,300,0.0,0.0,0.0,0.0,0.0
discovery,C2/step2000,injection/random/layer11/eta0.01,300,-8.09581886752071e-06,-2.3458886334276574e-05,-0.0003090205155019685,0.0003340112881397638,0.0006255082258089321
discovery,C2/step2000,injection/random/layer11/eta0.03,300,3.307242406009063e-05,-1.5619232898622047e-06,-0.0008681665255328802,0.001076292803907019,0.001945138165331263
discovery,C2/step2000,injection/random/layer11/eta0.1,300,0.000796104741534536,0.0007318962277389887,-0.0023085226224163384,0.004149226691779189,0.007112641221894997
discovery,C2/step2000,injection/random/layer19/eta0,300,0.0,0.0,0.0,0.0,0.0
discovery,C2/step2000,injection/random/layer19/eta0.01,300,-2.9346135657603334e-06,-2.7603990449680117e-05,-0.00033368088128998526,0.0003358885997862328,0.0006708370418999148
discovery,C2/step2000,injection/random/layer19/eta0.03,300,6.50289240158762e-05,3.604438361220466e-07,-0.0009030770129106176,0.001047232019619679,0.002119481845164864
discovery,C2/step2000,injection/random/layer19/eta0.1,300,0.0010869373611890737,0.0006748860276590183,-0.0022063217763825665,0.0043160295861912525,0.008045154481422246
discovery,C2/step2000,injection/random/layer3/eta0,300,0.0,0.0,0.0,0.0,0.0
discovery,C2/step2000,injection/random/layer3/eta0.01,300,1.8177633210429998e-05,2.0124780850147636e-05,-0.00036940987654558315,0.0003960902296652006,0.0007530242439330097
discovery,C2/step2000,injection/random/layer3/eta0.03,300,0.00014156156324651923,0.00012354212483083168,-0.0010416226124200295,0.001291244987427719,0.0022892989511564973
discovery,C2/step2000,injection/random/layer3/eta0.1,300,0.0015084146514652281,0.0013151544285571483,-0.002416137635238527,0.0051388477715920275,0.00870286536029005
discovery,C2/step2000,injection/sink/layer11/eta0,300,0.0,0.0,0.0,0.0,0.0
discovery,C2/step2000,injection/sink/layer11/eta0.01,300,0.00011580730047751598,0.00015849015844149854,-0.00041311369167538136,0.0006427614707646408,0.001174584336168185
discovery,C2/step2000,injection/sink/layer11/eta0.03,300,0.000535903590244884,0.0006582305187315452,-0.0010645708699864665,0.002155867148572066,0.003780728437769134
discovery,C2/step2000,injection/sink/layer11/eta0.1,300,0.0040135882219930336,0.0044173293226347195,-0.0011566867978554073,0.009322444284994772,0.014668312973863498
discovery,C2/step2000,injection/sink/layer19/eta0,300,0.0,0.0,0.0,0.0,0.0
discovery,C2/step2000,injection/sink/layer19/eta0.01,300,0.0002000993943902764,0.00019415907972440943,-0.00031128830797090307,0.0007933669202909695,0.0012096765473133002
discovery,C2/step2000,injection/sink/layer19/eta0.03,300,0.0007380292797338931,0.0007221942811500368,-0.0008169534638172059,0.002501420148714321,0.003726136215089815
discovery,C2/step2000,injection/sink/layer19/eta0.1,300,0.004040511724517101,0.003707465224378691,-0.001176743995486282,0.00982503815898745,0.0136251014048659
discovery,C2/step2000,injection/sink/layer3/eta0,300,0.0,0.0,0.0,0.0,0.0
discovery,C2/step2000,injection/sink/layer3/eta0.01,300,0.0001541607273532337,0.00017483027901236465,-0.0003798402200533649,0.0007096913855845534,0.0012386472206416092
discovery,C2/step2000,injection/sink/layer3/eta0.03,300,0.0006474752751548146,0.0007072208434578003,-0.0009735137458861344,0.0022966204665777253,0.003945400208000124
discovery,C2/step2000,injection/sink/layer3/eta0.1,300,0.004361647007659351,0.004148498294860359,-0.001572916826863927,0.009586694672351747,0.015773815245140262
discovery,C2/step2000,single_delete/layer11,300,0.001569553585503045,0.0015275459589920645,-0.0013519422275813544,0.0041622251976193405,0.00754050307386504
discovery,C2/step2000,single_delete/layer19,300,0.000597788843270049,0.0005902568186361959,-0.0009315370574710876,0.0020963563693789985,0.0035895550344872667
discovery,C2/step2000,single_delete/layer3,300,0.0008154088117944913,0.0005258725384088951,-0.0007563763716089444,0.0020886443731353036,0.0036425252599040377
discovery,C2/step2000,single_rescue/layer11,300,0.0,0.0,0.0,0.0,0.0
discovery,C2/step2000,single_rescue/layer19,300,0.0,0.0,0.0,0.0,0.0
discovery,C2/step2000,single_rescue/layer3,300,0.0,0.0,0.0,0.0,0.0
discovery,C2/step10000,all_delete/layer11,300,0.3732263529019093,0.3528748009148545,0.2671236653966228,0.4597781924750861,0.5823200075645149
discovery,C2/step10000,all_delete/layer19,300,0.3732263529019093,0.3528748009148545,0.2671236653966228,0.4597781924750861,0.5823200075645149
discovery,C2/step10000,all_delete/layer3,300,0.3732263529019093,0.3528748009148545,0.2671236653966228,0.4597781924750861,0.5823200075645149
discovery,C2/step10000,conditional_rescue/layer11,300,0.36498114119051633,0.35445621820885365,0.2569927606056994,0.442150078420564,0.5551856754333016
discovery,C2/step10000,conditional_rescue/layer19,300,0.3337390359993682,0.31321893526813177,0.232881125502699,0.4094542856291523,0.5147246203084632
discovery,C2/step10000,conditional_rescue/layer3,300,0.36411819800930073,0.34306053101547124,0.2620331321175643,0.4441446018969919,0.5710833361768349
discovery,C2/step10000,injection/non_sink/layer11/eta0,300,0.0,0.0,0.0,0.0,0.0
discovery,C2/step10000,injection/non_sink/layer11/eta0.01,300,0.00017936784138516805,5.939814049427904e-05,-0.0006369418046605869,0.0010482157309224286,0.001889837069774238
discovery,C2/step10000,injection/non_sink/layer11/eta0.03,300,0.0009486839214334963,0.0006125742994894193,-0.0015410438297301765,0.0035418713186669538,0.006122607133519932
discovery,C2/step10000,injection/non_sink/layer11/eta0.1,300,0.008015090887315005,0.007194729301873155,-0.0009176937613900253,0.016153861218550072,0.023950835100309143
discovery,C2/step10000,injection/non_sink/layer19/eta0,300,0.0,0.0,0.0,0.0,0.0
discovery,C2/step10000,injection/non_sink/layer19/eta0.01,300,0.00012560729279605736,0.0001386056734820989,-0.0006565784844826526,0.0008393986018623892,0.0016705295232337296
discovery,C2/step10000,injection/non_sink/layer19/eta0.03,300,0.0007763654854041072,0.000755370132566437,-0.0015943106703870877,0.0029041410431148496,0.005325676324799306
discovery,C2/step10000,injection/non_sink/layer19/eta0.1,300,0.007259338922075087,0.007146144476462537,-0.0002996715035025529,0.014019928579255351,0.0226047455795168
discovery,C2/step10000,injection/non_sink/layer3/eta0,300,0.0,0.0,0.0,0.0,0.0
discovery,C2/step10000,injection/non_sink/layer3/eta0.01,300,4.471671237094509e-05,6.088497131828249e-05,-0.0004437589269923413,0.0005383979617141363,0.000888094564122478
discovery,C2/step10000,injection/non_sink/layer3/eta0.03,300,0.00024791472227241734,0.000296517619936485,-0.0012778409822719304,0.0017219002791277066,0.002725371413343535
discovery,C2/step10000,injection/non_sink/layer3/eta0.1,300,0.002183603426915767,0.002412765983521469,-0.0031822384811761814,0.006575366643470103,0.010878238527793585
discovery,C2/step10000,injection/orthogonal/layer11/eta0,300,0.0,0.0,0.0,0.0,0.0
discovery,C2/step10000,injection/orthogonal/layer11/eta0.01,300,-6.043266436559322e-05,-9.972279466043306e-06,-0.0006204439899114174,0.0005218550914854515,0.0008078267255167325
discovery,C2/step10000,injection/orthogonal/layer11/eta0.03,300,-1.2357116058429704e-05,9.050143985297736e-05,-0.0016963688407357284,0.0017556543425312193,0.002649382343442423
discovery,C2/step10000,injection/orthogonal/layer11/eta0.1,300,0.0019682831401274274,0.001789753831277682,-0.0035545093806709834,0.007776534463476948,0.011124648447111836
discovery,C2/step10000,injection/orthogonal/layer19/eta0,300,0.0,0.0,0.0,0.0,0.0
discovery,C2/step10000,injection/orthogonal/layer19/eta0.01,300,-1.1638356006051612e-05,-7.163821242925689e-06,-0.000473142608882874,0.0004326752790315883,0.0008255815881443785
discovery,C2/step10000,injection/orthogonal/layer19/eta0.03,300,0.00011515477198002534,0.00013196749950018455,-0.001309762789508489,0.0014382760355791707,0.0026334417147899267
discovery,C2/step10000,injection/orthogonal/layer19/eta0.1,300,0.0021405400003348123,0.0020837483443613128,-0.002677391833207739,0.006346770158902866,0.010900179044468198
discovery,C2/step10000,injection/orthogonal/layer3/eta0,300,0.0,0.0,0.0,0.0,0.0
discovery,C2/step10000,injection/orthogonal/layer3/eta0.01,300,-5.7408190149021904e-05,-4.275765005997785e-05,-0.0005849402720533957,0.0005035400390625,0.0009280527670552415
discovery,C2/step10000,injection/orthogonal/layer3/eta0.03,300,1.1945559283879805e-05,0.00010066895973025343,-0.0015375182384581077,0.0017426783644308255,0.0029232415627306846
discovery,C2/step10000,injection/orthogonal/layer3/eta0.1,300,0.002252869743687587,0.0026124969242125986,-0.0026728487390232838,0.007575620816448542,0.011295456773652806
discovery,C2/step10000,injection/random/layer11/eta0,300,0.0,0.0,0.0,0.0,0.0
discovery,C2/step10000,injection/random/layer11/eta0.01,300,-5.962226647404548e-05,-2.3458886334276574e-05,-0.0006064467542753445,0.0005225459421713521,0.0008223616232083539
discovery,C2/step10000,injection/random/layer11/eta0.03,300,-9.631960410771412e-06,9.198827067698082e-05,-0.0016642067376084215,0.001737744789423905,0.0026665725107268092
discovery,C2/step10000,injection/random/layer11/eta0.1,300,0.001980683133983862,0.0021507533516470843,-0.0034300623916265535,0.007973257950910433,0.011181223110889826
discovery,C2/step10000,injection/random/layer19/eta0,300,0.0,0.0,0.0,0.0,0.0
discovery,C2/step10000,injection/random/layer19/eta0.01,300,-1.2492482743551102e-05,-1.877311646468996e-05,-0.0004748772448442114,0.0004358667088305856,0.000822493785948266
discovery,C2/step10000,injection/random/layer19/eta0.03,300,0.00011260292974356903,9.864146315206693e-05,-0.00125447971614327,0.00142511232631413,0.00264740590974102
discovery,C2/step10000,injection/random/layer19/eta0.1,300,0.0021328005703102576,0.002026385209691806,-0.002618699561892532,0.0063513620631901295,0.010841249480960876
discovery,C2/step10000,injection/random/layer3/eta0,300,0.0,0.0,0.0,0.0,0.0
discovery,C2/step10000,injection/random/layer3/eta0.01,300,-7.186589278574066e-05,-7.437908743310163e-05,-0.0006001765333761381,0.00048448157122754675,0.0009485830472210265
discovery,C2/step10000,injection/random/layer3/eta0.03,300,-3.154641999973088e-05,-1.5619232898622047e-05,-0.001619369026244156,0.001623375209297721,0.0029160056527205366
discovery,C2/step10000,injection/random/layer3/eta0.1,300,0.0021110844549544526,0.0025105664110559177,-0.0029428361907718687,0.007664785610409234,0.011482400969257506
discovery,C2/step10000,injection/sink/layer11/eta0,300,0.0,0.0,0.0,0.0,0.0
discovery,C2/step10000,injection/sink/layer11/eta0.01,300,0.00013974074616519798,0.00015036515363558073,-0.0006374824704147698,0.0009315370574710875,0.0017559532105453377
discovery,C2/step10000,injection/sink/layer11/eta0.03,300,0.0008035760163635094,0.0007755700058824434,-0.0014882575808547612,0.0031249429297259476,0.005621232761172798
discovery,C2/step10000,injection/sink/layer11/eta0.1,300,0.007225918031427178,0.007298852515032911,-0.0005383153600016917,0.015057706457423412,0.02328297472375585
discovery,C2/step10000,injection/sink/layer19/eta0,300,0.0,0.0,0.0,0.0,0.0
discovery,C2/step10000,injection/sink/layer19/eta0.01,300,-0.00011845325860451527,-0.00010183289295106422,-0.000633547625203771,0.00039694628377599035,0.0008976853738619595
discovery,C2/step10000,injection/sink/layer19/eta0.03,300,-0.00012894615413635736,-0.00010066145048366757,-0.0016307905903012734,0.0014113253495824619,0.0029882986714520805
discovery,C2/step10000,injection/sink/layer19/eta0.1,300,0.0021711761494634034,0.0016832426777036171,-0.0026751690962183196,0.007199895663524237,0.01257002822996125
discovery,C2/step10000,injection/sink/layer3/eta0,300,0.0,0.0,0.0,0.0,0.0
discovery,C2/step10000,injection/sink/layer3/eta0.01,300,0.00025602878860914174,0.0003200591079832062,-0.00037390416062722993,0.0008668974628598671,0.001608618788831816
discovery,C2/step10000,injection/sink/layer3/eta0.03,300,0.0010523128134059154,0.0011745362769900345,-0.0008507225457138902,0.002953123858594519,0.005033237727608269
discovery,C2/step10000,injection/sink/layer3/eta0.1,300,0.00700231379411352,0.007203289842981053,0.000308081859678734,0.012802874948096087,0.0210427351823942
discovery,C2/step10000,single_delete/layer11,300,0.004758099233071636,0.004344069112942913,-0.001681560606468381,0.011154614095612773,0.017124836839090187
discovery,C2/step10000,single_delete/layer19,300,0.0016593074047659326,0.0012312611256997416,-0.002690713236651083,0.005830002581979347,0.010525771013395056
discovery,C2/step10000,single_delete/layer3,300,0.0027474434669875094,0.0017422052818959152,-0.0014018862266240158,0.0051251659243125615,0.009000691090981797
discovery,C2/step10000,single_rescue/layer11,300,0.0,0.0,0.0,0.0,0.0
discovery,C2/step10000,single_rescue/layer19,300,0.0,0.0,0.0,0.0,0.0
discovery,C2/step10000,single_rescue/layer3,300,0.0,0.0,0.0,0.0,0.0
discovery,C3/step500,all_delete/layer11,300,0.012056665395501405,0.011396963765302043,-0.007518482959176611,0.03046366173451341,0.04607838908518395
discovery,C3/step500,all_delete/layer19,300,0.012056665395501405,0.011396963765302043,-0.007518482959176611,0.03046366173451341,0.04607838908518395
discovery,C3/step500,all_delete/layer3,300,0.012056665395501405,0.011396963765302043,-0.007518482959176611,0.03046366173451341,0.04607838908518395
discovery,C3/step500,conditional_rescue/layer11,300,0.011391113261225343,0.010247868815744956,-0.007920062448096087,0.02950434046467458,0.046252861924058815
discovery,C3/step500,conditional_rescue/layer19,300,0.011824462570230478,0.011409849632443406,-0.006371588218869187,0.03006745886614942,0.0441785917507382
discovery,C3/step500,conditional_rescue/layer3,300,0.0096842593095434,0.009138422688161296,-0.007590751948319082,0.02728743065060593,0.042579837108221594
discovery,C3/step500,injection/non_sink/layer11/eta0,300,0.0,0.0,0.0,0.0,0.0
discovery,C3/step500,injection/non_sink/layer11/eta0.01,300,-4.4248485815493774e-06,4.532581239234744e-05,-0.0007057715588667261,0.0007003949383112388,0.001335089976393333
discovery,C3/step500,injection/non_sink/layer11/eta0.03,300,0.00010406464103638657,0.0002559151236466536,-0.0020293138158602978,0.002223367766132505,0.004158806988573453
discovery,C3/step500,injection/non_sink/layer11/eta0.1,300,0.0017209051537701466,0.0019535154808224655,-0.0054413052055779405,0.008799845778097318,0.015854320375938116
discovery,C3/step500,injection/non_sink/layer19/eta0,300,0.0,0.0,0.0,0.0,0.0
discovery,C3/step500,injection/non_sink/layer19/eta0.01,300,-0.00010058785986712599,-2.578675277589813e-05,-0.0008086407278466413,0.0006196029542937993,0.0012542964905265753
discovery,C3/step500,injection/non_sink/layer19/eta0.03,300,-0.0001989848219503568,2.0935779481422248e-05,-0.0023602463128998526,0.0019577957513764147,0.0038855785459984008
discovery,C3/step500,injection/non_sink/layer19/eta0.1,300,0.0005544762598873749,0.001041412353515625,-0.006842177683912863,0.007792698116753045,0.013967979611374262
discovery,C3/step500,injection/non_sink/layer3/eta0,300,0.0,0.0,0.0,0.0,0.0
discovery,C3/step500,injection/non_sink/layer3/eta0.01,300,-2.6266343324516096e-06,-7.479209599532481e-06,-0.00043483043280173475,0.00044541847048781987,0.0008722440464290109
discovery,C3/step500,injection/non_sink/layer3/eta0.03,300,8.841597189114788e-05,5.550835076279527e-05,-0.0011384618563914863,0.0014484210277166893,0.0026794974259504198
discovery,C3/step500,injection/non_sink/layer3/eta0.1,300,0.0014294007068543922,0.0012448528620201773,-0.0026556600735882134,0.0062390199796421315,0.010296036127045403
discovery,C3/step500,injection/orthogonal/layer11/eta0,300,0.0,0.0,0.0,0.0,0.0
discovery,C3/step500,injection/orthogonal/layer11/eta0.01,300,-2.2419306236927903e-05,-4.6347069928026574e-05,-0.0002620576873539001,0.00020988344207523377,0.00043396236389640767
discovery,C3/step500,injection/orthogonal/layer11/eta0.03,300,-7.0128753742208e-05,-0.00012852826456385334,-0.0008073040819543553,0.0006227268008735236,0.0013020492914154775
discovery,C3/step500,injection/orthogonal/layer11/eta0.1,300,-0.0002569717247029302,-0.0003538056621401329,-0.0027516582819420523,0.0019843334288109004,0.004423330712506152
discovery,C3/step500,injection/orthogonal/layer19/eta0,300,0.0,0.0,0.0,0.0,0.0
discovery,C3/step500,injection/orthogonal/layer19/eta0.01,300,-4.759750966950664e-05,-6.731288639579233e-05,-0.00036751754640594245,0.00026195255790169785,0.0006745165727269934
discovery,C3/step500,injection/orthogonal/layer19/eta0.03,300,-0.0001514916407467499,-0.00023107453594057578,-0.0011136287779319942,0.0007955295833077017,0.002028526846818098
discovery,C3/step500,injection/orthogonal/layer19/eta0.1,300,-0.0005682306965505044,-0.0007753597469780389,-0.004115697905773253,0.002767938328540231,0.00647422009565699
discovery,C3/step500,injection/orthogonal/layer3/eta0,300,0.0,0.0,0.0,0.0,0.0
discovery,C3/step500,injection/orthogonal/layer3/eta0.01,300,-1.8853215094939292e-06,-7.5092465858759845e-06,-0.00013934908889410064,0.0001341752179964321,0.00026597751407172744
discovery,C3/step500,injection/orthogonal/layer3/eta0.03,300,2.60060227762057e-06,-1.7136100708968996e-05,-0.0004106356403020423,0.000413924690306656,0.0008032851331815947
discovery,C3/step500,injection/orthogonal/layer3/eta0.1,300,0.00010556508862753238,5.2609781580647144e-05,-0.0012515961654542937,0.0014475574643593135,0.002811657162163203
discovery,C3/step500,injection/random/layer11/eta0,300,0.0,0.0,0.0,0.0,0.0
discovery,C3/step500,injection/random/layer11/eta0.01,300,-2.3761859403194718e-05,-2.9796690452755907e-05,-0.00026208772434024364,0.00020878709207369585,0.0004328840360866757
discovery,C3/step500,injection/random/layer11/eta0.03,300,-7.403316147371228e-05,-0.00010729211521899606,-0.0007991039846825788,0.0006038861011895608,0.001280951312207801
discovery,C3/step500,injection/random/layer11/eta0.1,300,-0.0002693821063504757,-0.0003588368573526698,-0.0027034789558470717,0.0019577056404173846,0.004368176798182211
discovery,C3/step500,injection/random/layer19/eta0,300,0.0,0.0,0.0,0.0,0.0
discovery,C3/step500,injection/random/layer19/eta0.01,300,-4.9090748383930035e-05,-5.774610624538632e-05,-0.00036349259023591286,0.0002549239030973179,0.0006662774273729703
discovery,C3/step500,injection/random/layer19/eta0.03,300,-0.00015588294802688238,-0.00021905974140317422,-0.0011135311577263778,0.0007817275880828618,0.0020509704830139644
discovery,C3/step500,injection/random/layer19/eta0.1,300,-0.0005815052422951525,-0.0007117564283956692,-0.004159026258573758,0.0027345071627399116,0.006591250201848548
discovery,C3/step500,injection/random/layer3/eta0,300,0.0,0.0,0.0,0.0,0.0
discovery,C3/step500,injection/random/layer3/eta0.01,300,-3.7123712654814633e-06,6.908506859005905e-07,-0.00013413016251691685,0.00013483603169598917,0.0002724895327109991
discovery,C3/step500,injection/random/layer3/eta0.03,300,-2.530716222728017e-06,3.979900690514271e-06,-0.0003998823991910679,0.00041473568893793064,0.0008292971633550693
discovery,C3/step500,injection/random/layer3/eta0.1,300,9.163213214223466e-05,8.524496724286417e-05,-0.0012501694086029774,0.001468598373292938,0.0029433062696081445
discovery,C3/step500,injection/sink/layer11/eta0,300,0.0,0.0,0.0,0.0,0.0
discovery,C3/step500,injection/sink/layer11/eta0.01,300,-0.00029358220538442217,-0.00030457504152312995,-0.0006981196365957185,9.15226973886565e-05,0.0005330423670490896
discovery,C3/step500,injection/sink/layer11/eta0.03,300,-0.0008160659709940432,-0.0008626622477854331,-0.0020190411665308196,0.0003295658141609252,0.0016268632543368622
discovery,C3/step500,injection/sink/layer11/eta0.1,300,-0.001953448197973056,-0.0022217457688699558,-0.005722706712137057,0.0017717466579647515,0.005960653710553035
discovery,C3/step500,injection/sink/layer19/eta0,300,0.0,0.0,0.0,0.0,0.0
discovery,C3/step500,injection/sink/layer19/eta0.01,300,-0.00047377999373308314,-0.00048801091712290847,-0.0010249070295198694,3.78015473132997e-05,0.0005007405919352856
discovery,C3/step500,injection/sink/layer19/eta0.03,300,-0.0013405516016201712,-0.0014079536978654035,-0.0029364157849409447,0.00013065338134765625,0.0015367763248954234
discovery,C3/step500,injection/sink/layer19/eta0.1,300,-0.003505209274492239,-0.0034647363377368354,-0.008670866958738312,0.00156402587890625,0.005690428966612328
discovery,C3/step500,injection/sink/layer3/eta0,300,0.0,0.0,0.0,0.0,0.0
discovery,C3/step500,injection/sink/layer3/eta0.01,300,0.00010220074591048433,9.143258642962598e-05,-0.00031157365934116635,0.0005043059822142594,0.0009342253677488326
discovery,C3/step500,injection/sink/layer3/eta0.03,300,0.0004245435659653872,0.0003943856306902067,-0.0008285702682855561,0.0016037197563591905,0.0029236290398545186
discovery,C3/step500,injection/sink/layer3/eta0.1,300,0.002780736587804759,0.0026891963688407353,-0.0014860048068789985,0.006970713457723302,0.010993720227339139
discovery,C3/step500,single_delete/layer11,300,-0.000794625670265338,-0.0008334963340458908,-0.0019962881493756153,0.00035293458953617124,0.0016297708346149121
discovery,C3/step500,single_delete/layer19,300,-0.0008291803194781927,-0.0008751576341043308,-0.0018645609457661786,9.839365801473302e-05,0.0009488714022899262
discovery,C3/step500,single_delete/layer3,300,-7.356057955524113e-05,-0.00016463272214874508,-0.0016691703496016855,0.0014210798608975147,0.003023967592734991
discovery,C3/step500,single_rescue/layer11,300,0.0,0.0,0.0,0.0,0.0
discovery,C3/step500,single_rescue/layer19,300,0.0,0.0,0.0,0.0,0.0
discovery,C3/step500,single_rescue/layer3,300,0.0,0.0,0.0,0.0,0.0
discovery,C3/step2000,all_delete/layer11,300,0.04408384643514638,0.04371841310516117,0.023746490478515625,0.0616072256734052,0.08365675558255417
discovery,C3/step2000,all_delete/layer19,300,0.04408384643514638,0.04371841310516117,0.023746490478515625,0.0616072256734052,0.08365675558255417
discovery,C3/step2000,all_delete/layer3,300,0.04408384643514638,0.04371841310516117,0.023746490478515625,0.0616072256734052,0.08365675558255417
discovery,C3/step2000,conditional_rescue/layer11,300,0.040223657953457566,0.04053844241645392,0.021192152669110634,0.05601002850870448,0.07864839148333692
discovery,C3/step2000,conditional_rescue/layer19,300,0.040591909753994675,0.040375626931978964,0.0213232265682671,0.058479316591277836,0.07928565618560073
discovery,C3/step2000,conditional_rescue/layer3,300,0.04247519585717069,0.04275583282230407,0.023347013578640195,0.05967055343267486,0.0792148139533096
discovery,C3/step2000,injection/non_sink/layer11/eta0,300,0.0,0.0,0.0,0.0,0.0
discovery,C3/step2000,injection/non_sink/layer11/eta0.01,300,6.893978969944432e-05,5.747577336829478e-05,-0.0007084373414047121,0.0008254764586921752,0.0014574005847840799
discovery,C3/step2000,injection/non_sink/layer11/eta0.03,300,0.0005480283201523028,0.0005988023412509228,-0.0017388035931925135,0.002813346742645023,0.0048223300242987216
discovery,C3/step2000,injection/non_sink/layer11/eta0.1,300,0.005807497970701203,0.006293499563622663,-0.001963818167138287,0.013136600884865589,0.020603894811915602
discovery,C3/step2000,injection/non_sink/layer19/eta0,300,0.0,0.0,0.0,0.0,0.0
discovery,C3/step2000,injection/non_sink/layer19/eta0.01,300,5.722766786109744e-05,4.166130005843996e-05,-0.0007988186333123154,0.0009416445033756767,0.0015831384133166225
discovery,C3/step2000,injection/non_sink/layer19/eta0.03,300,0.0004770715468198922,0.0003842030923197589,-0.0021386184091643085,0.003115736593411663,0.005056750680517964
discovery,C3/step2000,injection/non_sink/layer19/eta0.1,300,0.005169760736580596,0.004291699627253015,-0.003230432825764333,0.013991093072365587,0.02036639836829479
discovery,C3/step2000,injection/non_sink/layer3/eta0,300,0.0,0.0,0.0,0.0,0.0
discovery,C3/step2000,injection/non_sink/layer3/eta0.01,300,4.642867040759306e-06,1.1158740426611713e-05,-0.0004130686361958661,0.00045562353659802534,0.0008813092089074804
discovery,C3/step2000,injection/non_sink/layer3/eta0.03,300,0.00012432273604425545,0.00012088385153943159,-0.001101125882366511,0.0014988456185408465,0.002713192917230564
discovery,C3/step2000,injection/non_sink/layer3/eta0.1,300,0.001738392837404266,0.0015580635371170645,-0.0025323357169083722,0.0064794660553218805,0.010682269719641988
discovery,C3/step2000,injection/orthogonal/layer11/eta0,300,0.0,0.0,0.0,0.0,0.0
discovery,C3/step2000,injection/orthogonal/layer11/eta0.01,300,-1.4950809829191273e-05,-4.355363019808071e-05,-0.00033590361827940453,0.0002879045141024852,0.0005669391061377339
discovery,C3/step2000,injection/orthogonal/layer11/eta0.03,300,3.7091172586275844e-06,-9.05164583461491e-05,-0.0009536217516801489,0.0009009218591404713,0.0017445271409402688
discovery,C3/step2000,injection/orthogonal/layer11/eta0.1,300,0.0005913651834322712,0.0002168820598932702,-0.002619855985866757,0.003644087183193898,0.006611420038178212
discovery,C3/step2000,injection/orthogonal/layer19/eta0,300,0.0,0.0,0.0,0.0,0.0
discovery,C3/step2000,injection/orthogonal/layer19/eta0.01,300,-1.8083767628106553e-06,-1.1068629467581201e-05,-0.0003311052097110298,0.00030968883844811147,0.000648609672005721
discovery,C3/step2000,injection/orthogonal/layer19/eta0.03,300,6.484960320740548e-05,3.9108156219242124e-05,-0.0009329638143224041,0.0009855210311769502,0.0020084861695297126
discovery,C3/step2000,injection/orthogonal/layer19/eta0.1,300,0.0010439334579027233,0.0010685808076633242,-0.0025394319549320254,0.004233195087102455,0.007547093188668801
discovery,C3/step2000,injection/orthogonal/layer3/eta0,300,0.0,0.0,0.0,0.0,0.0
discovery,C3/step2000,injection/orthogonal/layer3/eta0.01,300,1.8188146155650217e-05,-7.208876722440946e-06,-0.00032251463161678766,0.00036672156626783956,0.0006929773045337108
discovery,C3/step2000,injection/orthogonal/layer3/eta0.03,300,0.00011893925704355314,2.2948257566437008e-05,-0.0008924664474847749,0.0011760906910333107,0.0021327972412109385
discovery,C3/step2000,injection/orthogonal/layer3/eta0.1,300,0.0011606880248062252,0.0008671077217642716,-0.0022851313193013346,0.004827634556086983,0.008055012620340182
discovery,C3/step2000,injection/random/layer11/eta0,300,0.0,0.0,0.0,0.0,0.0
discovery,C3/step2000,injection/random/layer11/eta0.01,300,-1.4141162862302126e-05,-3.912317471241388e-05,-0.00031638708640271284,0.00029349139356237697,0.000582396139310101
discovery,C3/step2000,injection/random/layer11/eta0.03,300,6.18857035799602e-06,-7.31400617464321e-05,-0.0008893426009050504,0.0009355469951479454,0.0017626003956231562
discovery,C3/step2000,injection/random/layer11/eta0.1,300,0.0006006454607946041,0.00026591744009904034,-0.002508981960026298,0.003607982725609006,0.006602237731453004
discovery,C3/step2000,injection/random/layer19/eta0,300,0.0,0.0,0.0,0.0,0.0
discovery,C3/step2000,injection/random/layer19/eta0.01,300,-2.1569059276831126e-06,-3.9498637041707675e-06,-0.0003425643200010765,0.00030455251378337227,0.0006633217879167696
discovery,C3/step2000,injection/random/layer19/eta0.03,300,6.387730595946624e-05,6.587111105130413e-05,-0.000994847515436608,0.0009760518712321604,0.0020741740549643224
discovery,C3/step2000,injection/random/layer19/eta0.1,300,0.0010422461802565206,0.0010615221158726009,-0.002486942321296752,0.0040921413992333604,0.007596170620655453
discovery,C3/step2000,injection/random/layer3/eta0,300,0.0,0.0,0.0,0.0,0.0
discovery,C3/step2000,injection/random/layer3/eta0.01,300,1.5936223227833826e-05,9.807076041154035e-06,-0.0003301965908741388,0.000357973293995294,0.0006612822765440461
discovery,C3/step2000,injection/random/layer3/eta0.03,300,0.00011329620841919905,8.709224190298968e-05,-0.0009531336506520669,0.001115648765263595,0.0020823020634688737
discovery,C3/step2000,injection/random/layer3/eta0.1,300,0.0011572836828356965,0.0008331809456892839,-0.0024152890903743236,0.004632401654100794,0.00790405874177227
discovery,C3/step2000,injection/sink/layer11/eta0,300,0.0,0.0,0.0,0.0,0.0
discovery,C3/step2000,injection/sink/layer11/eta0.01,300,-4.40919430550002e-05,-4.371883362296998e-05,-0.0005851580402043861,0.0004843238770492434,0.0008859709491879923
discovery,C3/step2000,injection/sink/layer11/eta0.03,300,6.358479577412441e-06,2.0094743863804135e-05,-0.0016089912474624754,0.0015388173381174642,0.002795323048989604
discovery,C3/step2000,injection/sink/layer11/eta0.1,300,0.0016521124952421414,0.00191086296021469,-0.004093297823207585,0.006753012889952172,0.01114304910494587
discovery,C3/step2000,injection/sink/layer19/eta0,300,0.0,0.0,0.0,0.0,0.0
discovery,C3/step2000,injection/sink/layer19/eta0.01,300,7.748280923197589e-05,3.663010484590305e-05,-0.0004654155941460076,0.0005884696179487574,0.001190329724409449
discovery,C3/step2000,injection/sink/layer19/eta0.03,300,0.0004238872077521376,0.0003081644613911786,-0.0012072841013510396,0.0019397885780634842,0.0037599668728085017
discovery,C3/step2000,injection/sink/layer19/eta0.1,300,0.003646676421478351,0.0031361917811115895,-0.0021108116690568097,0.008721952363262026,0.014592112143208666
discovery,C3/step2000,injection/sink/layer3/eta0,300,0.0,0.0,0.0,0.0,0.0
discovery,C3/step2000,injection/sink/layer3/eta0.01,300,0.00013382163260552512,0.00023562513937161662,-0.0007456081120047982,0.0010452570877675935,0.0017484770046444394
discovery,C3/step2000,injection/sink/layer3/eta0.03,300,0.000823459424997565,0.0010795443076787033,-0.0017105012428103468,0.0033985798753152683,0.00566147331177719
discovery,C3/step2000,injection/sink/layer3/eta0.1,300,0.008132280464873227,0.008339168518546998,4.84346404789001e-06,0.017103405449334093,0.023775494192528914
discovery,C3/step2000,single_delete/layer11,300,0.00019855659464838624,0.00018529816875307578,-0.0024812352938914863,0.002695676848644347,0.005085814468503937
discovery,C3/step2000,single_delete/layer19,300,0.0005613319016504163,0.00040157948891947587,-0.0013850805327648252,0.0022556049617256705,0.004457380640225149
discovery,C3/step2000,single_delete/layer3,300,0.0004548589451106514,0.0003240990826464075,-0.0010606510432686392,0.0016344325748954233,0.0037770969661202023
discovery,C3/step2000,single_rescue/layer11,300,0.0,0.0,0.0,0.0,0.0
discovery,C3/step2000,single_rescue/layer19,300,0.0,0.0,0.0,0.0,0.0
discovery,C3/step2000,single_rescue/layer3,300,0.0,0.0,0.0,0.0,0.0
discovery,C3/step10000,all_delete/layer11,300,0.34625874916086674,0.3283429333544153,0.24362811892051395,0.41287429689422367,0.5407117348017656
discovery,C3/step10000,all_delete/layer19,300,0.34625874916086674,0.3283429333544153,0.24362811892051395,0.41287429689422367,0.5407117348017656
discovery,C3/step10000,all_delete/layer3,300,0.34625874916086674,0.3283429333544153,0.24362811892051395,0.41287429689422367,0.5407117348017656
discovery,C3/step10000,conditional_rescue/layer11,300,0.3335641833553164,0.32024192810058594,0.23524095880703663,0.40744859590305116,0.5279207755261519
discovery,C3/step10000,conditional_rescue/layer19,300,0.3261154322236229,0.30735543018250955,0.2285843158331443,0.398196986341101,0.5155791094922644
discovery,C3/step10000,conditional_rescue/layer3,300,0.33901991476224164,0.3209622300515963,0.23772066221462462,0.4100262048676258,0.5316824785367712
discovery,C3/step10000,injection/non_sink/layer11/eta0,300,0.0,0.0,0.0,0.0,0.0
discovery,C3/step10000,injection/non_sink/layer11/eta0.01,300,0.00012051862681631654,0.00010385288028266486,-0.0006400055772676242,0.0008322497991126354,0.0016936940471018425
discovery,C3/step10000,injection/non_sink/layer11/eta0.03,300,0.0007681177044165103,0.0006272774043045645,-0.001468658447265625,0.003046801709753322,0.0054598560483437
discovery,C3/step10000,injection/non_sink/layer11/eta0.1,300,0.007324513487928496,0.0066047503253606355,-0.0005521098459799459,0.01495511888519047,0.023199896925077672
discovery,C3/step10000,injection/non_sink/layer19/eta0,300,0.0,0.0,0.0,0.0,0.0
discovery,C3/step10000,injection/non_sink/layer19/eta0.01,300,8.288906628065535e-05,5.0582285002460635e-05,-0.0007292604821873462,0.0008384299090528112,0.0013461345762718394
discovery,C3/step10000,injection/non_sink/layer19/eta0.03,300,0.0006248804277635308,0.0005670382281926673,-0.0018411921703909327,0.002964522894911879,0.004380870428610978
discovery,C3/step10000,injection/non_sink/layer19/eta0.1,300,0.0064979856095601874,0.006150793841504675,-0.0017232519435131644,0.0139886413033553,0.019157872237558448
discovery,C3/step10000,injection/non_sink/layer3/eta0,300,0.0,0.0,0.0,0.0,0.0
discovery,C3/step10000,injection/non_sink/layer3/eta0.01,300,6.964495801550197e-05,0.00011893144742710383,-0.00033089495080662525,0.00048087337824303335,0.0009830820278858578
discovery,C3/step10000,injection/non_sink/layer3/eta0.03,300,0.0003557145877147284,0.0005145485945573943,-0.0008857081255574864,0.0016237619354968935,0.0030672869344395945
discovery,C3/step10000,injection/non_sink/layer3/eta0.1,300,0.002947740179347241,0.002993921595295583,-0.0015609020323265254,0.00724342676598256,0.012492848193551622
discovery,C3/step10000,injection/orthogonal/layer11/eta0,300,0.0,0.0,0.0,0.0,0.0
discovery,C3/step10000,injection/orthogonal/layer11/eta0.01,300,-1.0425062004349679e-05,-3.844734251968504e-06,-0.0004889721006859005,0.0004453583965151329,0.0009376135398083785
discovery,C3/step10000,injection/orthogonal/layer11/eta0.03,300,0.00011513539812383376,0.00013524153101162646,-0.0013333117868017962,0.0014559828390286664,0.0029130019540861835
discovery,C3/step10000,injection/orthogonal/layer11/eta0.1,300,0.002116703899513705,0.0025750858577217642,-0.002849436181736743,0.006648694436381183,0.011292936670498589
discovery,C3/step10000,injection/orthogonal/layer19/eta0,300,0.0,0.0,0.0,0.0,0.0
discovery,C3/step10000,injection/orthogonal/layer19/eta0.01,300,2.6214429399785724e-05,7.59184829832062e-05,-0.00044677013487327757,0.00043782662218949924,0.0008471871924212599
discovery,C3/step10000,injection/orthogonal/layer19/eta0.03,300,0.00023198197832883502,0.00036754758339228595,-0.0011829090869332863,0.0014653956796240619,0.0026916624054195383
discovery,C3/step10000,injection/orthogonal/layer19/eta0.1,300,0.002568064662102326,0.002896526667076772,-0.0022154755479707492,0.006830106570026067,0.010643678199587846
discovery,C3/step10000,injection/orthogonal/layer3/eta0,300,0.0,0.0,0.0,0.0,0.0
discovery,C3/step10000,injection/orthogonal/layer3/eta0.01,300,3.211522039778902e-05,2.3068405511811023e-05,-0.0004432783352108452,0.0006088346946896531,0.0010112747432678706
discovery,C3/step10000,injection/orthogonal/layer3/eta0.03,300,0.0002575012267105223,0.000234573844849594,-0.001192851329412986,0.0019403818085437685,0.0031714672178734015
discovery,C3/step10000,injection/orthogonal/layer3/eta0.1,300,0.002777036406549569,0.0029294021486297363,-0.002285724549781619,0.007981454293558916,0.012644988533080095
discovery,C3/step10000,injection/random/layer11/eta0,300,0.0,0.0,0.0,0.0,0.0
discovery,C3/step10000,injection/random/layer11/eta0.01,300,-1.2346202620058232e-05,-2.356401578647884e-05,-0.00048291213869109865,0.00043978653554841286,0.0009311045248677413
discovery,C3/step10000,injection/random/layer11/eta0.03,300,0.00010931237788963819,8.028886449618604e-05,-0.0013840442567359743,0.0014481056393600826,0.00295368705208846
discovery,C3/step10000,injection/random/layer11/eta0.1,300,0.0020980386909224542,0.0023886312649944634,-0.0028808623786986346,0.006630627189095565,0.011351046224278728
discovery,C3/step10000,injection/random/layer19/eta0,300,0.0,0.0,0.0,0.0,0.0
discovery,C3/step10000,injection/random/layer19/eta0.01,300,2.5109644011249697e-05,8.106231689453125e-05,-0.0004448477677472933,0.0004392533790408157,0.0008409124659741022
discovery,C3/step10000,injection/random/layer19/eta0.03,300,0.0002288640390230915,0.00039272608719472814,-0.0011839678907018946,0.0014747484462467706,0.002687240961029774
discovery,C3/step10000,injection/random/layer19/eta0.1,300,0.002558912267209351,0.002854294664277805,-0.002319771473801981,0.006861063439076341,0.010578753253606365
discovery,C3/step10000,injection/random/layer3/eta0,300,0.0,0.0,0.0,0.0,0.0
discovery,C3/step10000,injection/random/layer3/eta0.01,300,4.286255423478254e-05,3.403190552718996e-05,-0.0004236566738819513,0.0006030450655719427,0.0010201131264994463
discovery,C3/step10000,injection/random/layer3/eta0.03,300,0.0002905992823322927,0.0002590539887195497,-0.001132604644054503,0.0019772972647599347,0.003254228126345657
discovery,C3/step10000,injection/random/layer3/eta0.1,300,0.002894712433101624,0.002825714471771961,-0.002252811521995725,0.008329459062711462,0.01288919523945005
discovery,C3/step10000,injection/sink/layer11/eta0,300,0.0,0.0,0.0,0.0,0.0
discovery,C3/step10000,injection/sink/layer11/eta0.01,300,4.1485458534220705e-05,4.205178088090551e-06,-0.0005960314292607345,0.000625850647453248,0.0012831410085122421
discovery,C3/step10000,injection/sink/layer11/eta0.03,300,0.00035718770164830166,0.0002308492585429995,-0.0015297311497485544,0.0020953876765694205,0.004053452258973612
discovery,C3/step10000,injection/sink/layer11/eta0.1,300,0.0038722213985413075,0.003467679962398499,-0.00250617350180318,0.009567148103488712,0.01614352849524791
discovery,C3/step10000,injection/sink/layer19/eta0,300,0.0,0.0,0.0,0.0,0.0
discovery,C3/step10000,injection/sink/layer19/eta0.01,300,0.00016051925699229002,0.00014908858171598177,-0.0004100724468081016,0.0007770943829393763,0.0012766920675442914
discovery,C3/step10000,injection/sink/layer19/eta0.03,300,0.0007653969541935158,0.0007356959065114419,-0.000965846805121955,0.002608640926090751,0.004082579124630907
discovery,C3/step10000,injection/sink/layer19/eta0.1,300,0.0058937653969592,0.006125052144208292,0.00010193802240326648,0.011884343905711737,0.017241764819528178
discovery,C3/step10000,injection/sink/layer3/eta0,300,0.0,0.0,0.0,0.0,0.0
discovery,C3/step10000,injection/sink/layer3/eta0.01,300,0.0002255088575868782,0.00017330590195543185,-0.0004004906481645239,0.0009713961383489174,0.0016483179227573673
discovery,C3/step10000,injection/sink/layer3/eta0.03,300,0.0009873577678610333,0.0008522994874969243,-0.0009754210945189468,0.0032464725764717642,0.005217266082763674
discovery,C3/step10000,injection/sink/layer3/eta0.1,300,0.007021280073431221,0.006939745324803149,-0.00012916655052365282,0.014115078242744987,0.02194655711256613
discovery,C3/step10000,single_delete/layer11,300,0.0020036590255777353,0.001630813118041031,-0.0033395121416707678,0.006367048879308025,0.011492247093380908
discovery,C3/step10000,single_delete/layer19,300,0.0025672203724778544,0.002167844396876538,-0.0009064824562373124,0.006575344115730346,0.009567359864242437
discovery,C3/step10000,single_delete/layer3,300,0.001505947388376151,0.0010256279171921138,-0.001159187376968504,0.0035367349940022145,0.0063536005695973815
discovery,C3/step10000,single_rescue/layer11,300,0.0,0.0,0.0,0.0,0.0
discovery,C3/step10000,single_rescue/layer19,300,0.0,0.0,0.0,0.0,0.0
discovery,C3/step10000,single_rescue/layer3,300,0.0,0.0,0.0,0.0,0.0
discovery,C5/step500,all_delete/layer11,300,0.00802553141836732,0.007085589911994032,-0.0021639245701587104,0.019313939913051335,0.02904585590512734
discovery,C5/step500,all_delete/layer19,300,0.00802553141836732,0.007085589911994032,-0.0021639245701587104,0.019313939913051335,0.02904585590512734
discovery,C5/step500,all_delete/layer3,300,0.00802553141836732,0.007085589911994032,-0.0021639245701587104,0.019313939913051335,0.02904585590512734
discovery,C5/step500,conditional_rescue/layer11,300,0.0071548389825295275,0.006268959345780019,-0.002893838356799028,0.01686163774625523,0.026859559787539986
discovery,C5/step500,conditional_rescue/layer19,300,0.007778384191157625,0.006937943105622539,-0.0023618232546828866,0.019251793388306626,0.02873850544606608
discovery,C5/step500,conditional_rescue/layer3,300,0.006874863531958713,0.005461625226839321,-0.0031645166592335137,0.016781138622854637,0.025339778389517724
discovery,C5/step500,injection/non_sink/layer11/eta0,300,0.0,0.0,0.0,0.0,0.0
discovery,C5/step500,injection/non_sink/layer11/eta0.01,300,4.0188186124866715e-05,2.6372474009596457e-05,-0.0005691858727162279,0.0006882224495955339,0.001358365637110913
discovery,C5/step500,injection/non_sink/layer11/eta0.03,300,0.0002989324935152149,0.0002684705839382382,-0.0015480612206646776,0.0022056459441898374,0.00424175713005967
discovery,C5/step500,injection/non_sink/layer11/eta0.1,300,0.0030852642710127542,0.0028552558478407973,-0.003422143891101747,0.009451302956408402,0.01613814586729516
discovery,C5/step500,injection/non_sink/layer19/eta0,300,0.0,0.0,0.0,0.0,0.0
discovery,C5/step500,injection/non_sink/layer19/eta0.01,300,-9.022850377040273e-05,-1.8157358244648128e-05,-0.000919402114988312,0.0007303267952025406,0.001487431563730316
discovery,C5/step500,injection/non_sink/layer19/eta0.03,300,-3.980531467227485e-05,0.00014270572211798723,-0.0025450939268577754,0.0023895473930779405,0.004606261966735367
discovery,C5/step500,injection/non_sink/layer19/eta0.1,300,0.002578845987795532,0.002855030570443221,-0.0064224633644884965,0.010815207413801058,0.018417586679533738
discovery,C5/step500,injection/non_sink/layer3/eta0,300,0.0,0.0,0.0,0.0,0.0
discovery,C5/step500,injection/non_sink/layer3/eta0.01,300,1.9249102574946687e-05,-1.579945481668307e-05,-0.0003709417628491019,0.00039680360809085874,0.0006957587294691193
discovery,C5/step500,injection/non_sink/layer3/eta0.03,300,0.00013512418651831116,2.685306579109252e-05,-0.0010285415048674335,0.0013146588182824802,0.0021635160671444388
discovery,C5/step500,injection/non_sink/layer3/eta0.1,300,0.0013638616046254717,0.0011907562496155264,-0.0025591662549597073,0.00526856249711645,0.008369674081877462
discovery,C5/step500,injection/orthogonal/layer11/eta0,300,0.0,0.0,0.0,0.0,0.0
discovery,C5/step500,injection/orthogonal/layer11/eta0.01,300,-2.0098148055589733e-05,-3.58941986804872e-05,-0.00024694908322311763,0.0001889927180733268,0.00040470633919783465
discovery,C5/step500,injection/orthogonal/layer11/eta0.03,300,-5.1375161318641315e-05,-9.132745697742372e-05,-0.0007289225660909818,0.0005832281638318159,0.0012089706781342278
discovery,C5/step500,injection/orthogonal/layer11/eta0.1,300,-6.106299052401164e-05,-0.00014991459884042816,-0.0022606436661847936,0.0020445425679364543,0.004117644302488315
discovery,C5/step500,injection/orthogonal/layer19/eta0,300,0.0,0.0,0.0,0.0,0.0
discovery,C5/step500,injection/orthogonal/layer19/eta0.01,300,-3.7410365627819466e-05,-6.307767132135826e-05,-0.000361067103588675,0.00029906325452909693,0.0006424911378875497
discovery,C5/step500,injection/orthogonal/layer19/eta0.03,300,-0.00010844863931650878,-0.00020880211056686763,-0.0010793941227469858,0.0009000733142762673,0.001990400900052289
discovery,C5/step500,injection/orthogonal/layer19/eta0.1,300,-0.00028669232145694923,-0.0005050719253660187,-0.0036831052284541092,0.003185512512687623,0.0066111587163970266
discovery,C5/step500,injection/orthogonal/layer3/eta0,300,0.0,0.0,0.0,0.0,0.0
discovery,C5/step500,injection/orthogonal/layer3/eta0.01,300,-9.515717273622046e-06,-1.426756851316437e-05,-0.00017914058655265746,0.00016529353584830218,0.000300940566175566
discovery,C5/step500,injection/orthogonal/layer3/eta0.03,300,-1.269943757945784e-05,-2.5291142501230314e-05,-0.0005107113695520116,0.0005105987308532234,0.0009097542349747786
discovery,C5/step500,injection/orthogonal/layer3/eta0.1,300,0.00014524965461470635,6.503007543368602e-05,-0.001454668720876138,0.001954101202056164,0.0031819621409018214
discovery,C5/step500,injection/random/layer11/eta0,300,0.0,0.0,0.0,0.0,0.0
discovery,C5/step500,injection/random/layer11/eta0.01,300,-1.9450550630023787e-05,-3.769641786109744e-05,-0.00023565517635796014,0.00020638413316621554,0.00041144663893331694
discovery,C5/step500,injection/random/layer11/eta0.03,300,-4.9301507904773626e-05,-0.00011032585083968995,-0.0006939444954939715,0.000630513889583077,0.0012405575729730561
discovery,C5/step500,injection/random/layer11/eta0.1,300,-5.3297828814489006e-05,-0.00017286285640686516,-0.002268228005236528,0.0022254553366833785,0.004208067646176797
discovery,C5/step500,injection/random/layer19/eta0,300,0.0,0.0,0.0,0.0,0.0
discovery,C5/step500,injection/random/layer19/eta0.01,300,-3.716726628501272e-05,-7.003123365987943e-05,-0.00035861908920167937,0.00030137610247754675,0.0006530941940668061
discovery,C5/step500,injection/random/layer19/eta0.03,300,-0.00010767148235651452,-0.00019623163178211122,-0.001082097451517901,0.0008973549670121801,0.0019798459030511816
discovery,C5/step500,injection/random/layer19/eta0.1,300,-0.00028294250408182614,-0.00040362200399083416,-0.0038235731950895056,0.003167715598279097,0.0066264475424458675
discovery,C5/step500,injection/random/layer3/eta0,300,0.0,0.0,0.0,0.0,0.0
discovery,C5/step500,injection/random/layer3/eta0.01,300,-4.9088445548310375e-06,-6.968580831692914e-06,-0.00017618194339782234,0.0001832931999146469,0.00032831627552903556
discovery,C5/step500,injection/random/layer3/eta0.03,300,2.4291912088869755e-06,4.054993156373031e-06,-0.0005125511349655512,0.0005727452555979331,0.0010044188011349656
discovery,C5/step500,injection/random/layer3/eta0.1,300,0.00021135154984441642,0.00026473097913847193,-0.0015578682967058318,0.0019895298274483267,0.003514459564929872
discovery,C5/step500,injection/sink/layer11/eta0,300,0.0,0.0,0.0,0.0,0.0
discovery,C5/step500,injection/sink/layer11/eta0.01,300,7.013335941344732e-06,2.1326260303887796e-06,-0.0004675557294229823,0.0005128364863358145,0.000896808293860729
discovery,C5/step500,injection/sink/layer11/eta0.03,300,0.00011188947622544497,0.00012675608236958663,-0.0013173471285602238,0.0016303775817390503,0.002810933270792324
discovery,C5/step500,injection/sink/layer11/eta0.1,300,0.0014335182770656475,0.001542038804902805,-0.003210180387722226,0.006658223670298659,0.010648577232060473
discovery,C5/step500,injection/sink/layer19/eta0,300,0.0,0.0,0.0,0.0,0.0
discovery,C5/step500,injection/sink/layer19/eta0.01,300,-0.00020362233239521818,-0.00016976904681348425,-0.0007659731887456939,0.0003315632737527682,0.0009365712563822594
discovery,C5/step500,injection/sink/layer19/eta0.03,300,-0.0005125292079655204,-0.0003938750019223671,-0.0021835086852546753,0.0010767809049351009,0.0028801685243140997
discovery,C5/step500,injection/sink/layer19/eta0.1,300,-0.0005145225625025632,-0.0004284926286832554,-0.005998754125880444,0.004691582026444083,0.010874836839090183
discovery,C5/step500,injection/sink/layer3/eta0,300,0.0,0.0,0.0,0.0,0.0
discovery,C5/step500,injection/sink/layer3/eta0.01,300,-1.2313061811792567e-05,3.1809168537770674e-05,-0.0004440968430887057,0.00041628259373462106,0.0007579833503783219
discovery,C5/step500,injection/sink/layer3/eta0.03,300,6.968610868679257e-05,0.00021323256605253446,-0.0011780956598717398,0.0013348286546121433,0.0023094177246093753
discovery,C5/step500,injection/sink/layer3/eta0.1,300,0.0014070872309326814,0.0017254746805025836,-0.0026971261332354207,0.005573077464666892,0.008523799866203252
discovery,C5/step500,single_delete/layer11,300,7.226208063561148e-05,4.142100416769193e-05,-0.0003021645733690637,0.0004729323499784695,0.0009299030454140014
discovery,C5/step500,single_delete/layer19,300,2.281078829227157e-05,1.748152605191929e-05,-0.000133514404296875,0.0001419172512264702,0.00030192277562899857
discovery,C5/step500,single_delete/layer3,300,-0.00011228646506161827,-0.00014920872966135582,-0.0008793477936992495,0.0007242668332077387,0.0014413728488711865
discovery,C5/step500,single_rescue/layer11,300,0.0,0.0,0.0,0.0,0.0
discovery,C5/step500,single_rescue/layer19,300,0.0,0.0,0.0,0.0,0.0
discovery,C5/step500,single_rescue/layer3,300,0.0,0.0,0.0,0.0,0.0
discovery,C5/step2000,all_delete/layer11,300,0.016026136643617486,0.014290381604292262,0.004274000333050104,0.026868767625703588,0.038906187523068445
discovery,C5/step2000,all_delete/layer19,300,0.016026136643617486,0.014290381604292262,0.004274000333050104,0.026868767625703588,0.038906187523068445
discovery,C5/step2000,all_delete/layer3,300,0.016026136643617486,0.014290381604292262,0.004274000333050104,0.026868767625703588,0.038906187523068445
discovery,C5/step2000,conditional_rescue/layer11,300,0.01446582358653151,0.012407392967404344,0.0027744413360836,0.024701201070950727,0.03674336531030851
discovery,C5/step2000,conditional_rescue/layer19,300,0.014873493925480081,0.013258460938461183,0.003801353334441898,0.02493592510073204,0.0365212417962983
discovery,C5/step2000,conditional_rescue/layer3,300,0.015264806121665975,0.012999226727823571,0.002659805177703617,0.025694238857960138,0.038816674300066134
discovery,C5/step2000,injection/non_sink/layer11/eta0,300,0.0,0.0,0.0,0.0,0.0
discovery,C5/step2000,injection/non_sink/layer11/eta0.01,300,0.00011377780143357325,8.673179806686762e-05,-0.0005643724456546813,0.0007349374726062684,0.0014211098978838582
discovery,C5/step2000,injection/non_sink/layer11/eta0.03,300,0.0005940126434085876,0.0004996953048105315,-0.0014762127493310163,0.002410047636257382,0.0044150495153712525
discovery,C5/step2000,injection/non_sink/layer11/eta0.1,300,0.004951175629623293,0.004764722088190515,-0.0020086558785025526,0.01133591359055887,0.01760192931167724
discovery,C5/step2000,injection/non_sink/layer19/eta0,300,0.0,0.0,0.0,0.0,0.0
discovery,C5/step2000,injection/non_sink/layer19/eta0.01,300,0.0001783143191199916,0.0001590908981683686,-0.0005966471874807763,0.0010188170305387243,0.0017205486147422496
discovery,C5/step2000,injection/non_sink/layer19/eta0.03,300,0.0009084380142332062,0.0007477707750215305,-0.0014912312425027683,0.003438281262014795,0.005547570055863989
discovery,C5/step2000,injection/non_sink/layer19/eta0.1,300,0.007392288518390005,0.006687329510065515,-0.0005294394305371862,0.015518759179303027,0.02284879609355777
discovery,C5/step2000,injection/non_sink/layer3/eta0,300,0.0,0.0,0.0,0.0,0.0
discovery,C5/step2000,injection/non_sink/layer3/eta0.01,300,7.146249605914739e-06,1.0407815768024113e-05,-0.0004153889933909018,0.0003981027077502153,0.000786272184116634
discovery,C5/step2000,injection/non_sink/layer3/eta0.03,300,0.00010843302008361015,9.982792411263534e-05,-0.0011225347443828432,0.0012934076504444512,0.0024980079470656993
discovery,C5/step2000,injection/non_sink/layer3/eta0.1,300,0.0013965910063015194,0.0013465130422997663,-0.00290907461812177,0.005345231904758243,0.009413119939368548
discovery,C5/step2000,injection/orthogonal/layer11/eta0,300,0.0,0.0,0.0,0.0,0.0
discovery,C5/step2000,injection/orthogonal/layer11/eta0.01,300,-2.7029082531065452e-05,-4.1541152113065946e-05,-0.00042059290127491387,0.0003546016422782357,0.0006282085508812135
discovery,C5/step2000,injection/orthogonal/layer11/eta0.03,300,-1.0932712104376854e-05,-6.674218365526575e-05,-0.001158151100939653,0.0011166399858129306,0.0019770885077048475
discovery,C5/step2000,injection/orthogonal/layer11/eta0.1,300,0.0008029876668935059,0.0006983599324864665,-0.003157007412647638,0.004425874845249447,0.007313810934231978
discovery,C5/step2000,injection/orthogonal/layer19/eta0,300,0.0,0.0,0.0,0.0,0.0
discovery,C5/step2000,injection/orthogonal/layer19/eta0.01,300,-6.979344085132669e-06,-1.2690626730130413e-05,-0.0003734273234690268,0.00035831871933824435,0.0006714257668322466
discovery,C5/step2000,injection/orthogonal/layer19/eta0.03,300,5.180589170280717e-05,3.75837791623093e-05,-0.0010339481624092642,0.0011389199204332248,0.002101820097194882
discovery,C5/step2000,injection/orthogonal/layer19/eta0.1,300,0.0010311368006108,0.0009288412379467581,-0.0026653470016839934,0.004577418950599009,0.007865590373362144
discovery,C5/step2000,injection/orthogonal/layer3/eta0,300,0.0,0.0,0.0,0.0,0.0
discovery,C5/step2000,injection/orthogonal/layer3/eta0.01,300,1.5972467858021654e-05,1.534890002153051e-05,-0.0004096969844788078,0.0004142250601700911,0.0007970945102961988
discovery,C5/step2000,injection/orthogonal/layer3/eta0.03,300,0.00012046999192926201,0.0001105961837167815,-0.0011521512129175381,0.0013465656070258674,0.002464636855238067
discovery,C5/step2000,injection/orthogonal/layer3/eta0.1,300,0.0012551073890345616,0.0010588788610743725,-0.002916775350495586,0.005364282863346611,0.009435176098440582
discovery,C5/step2000,injection/random/layer11/eta0,300,0.0,0.0,0.0,0.0,0.0
discovery,C5/step2000,injection/random/layer11/eta0.01,300,-2.6555899872867454e-05,-4.8344529519869585e-05,-0.00042747888039416216,0.0003563738244725024,0.0006198732871708915
discovery,C5/step2000,injection/random/layer11/eta0.03,300,-8.987216498908091e-06,-5.032697061854085e-05,-0.0012262299304872048,0.001114552415262057,0.0019479916790338969
discovery,C5/step2000,injection/random/layer11/eta0.1,300,0.0008130810454761575,0.0007501136599563239,-0.0031759607510303887,0.004417832442155973,0.007556533813476565
discovery,C5/step2000,injection/random/layer19/eta0,300,0.0,0.0,0.0,0.0,0.0
discovery,C5/step2000,injection/random/layer19/eta0.01,300,-8.603744306589361e-06,-1.3141181525282973e-05,-0.00037131722517839565,0.00035596832515686516,0.0006713056188868726
discovery,C5/step2000,injection/random/layer19/eta0.03,300,4.7271708490967434e-05,2.586184524175689e-05,-0.0010630014374500185,0.0011177813912939837,0.0020983748548612825
discovery,C5/step2000,injection/random/layer19/eta0.1,300,0.001018741036963275,0.0009863395390548105,-0.002718670161690299,0.004488276684378076,0.007701630479707496
discovery,C5/step2000,injection/random/layer3/eta0,300,0.0,0.0,0.0,0.0,0.0
discovery,C5/step2000,injection/random/layer3/eta0.01,300,1.4807483342688856e-05,-6.758321927288385e-07,-0.00038726686492679624,0.00042339385025144563,0.0007856834591843015
discovery,C5/step2000,injection/random/layer3/eta0.03,300,0.00011840119449485317,7.0541862427719e-05,-0.0010909508532426489,0.00137256261870617,0.0024506035752183816
discovery,C5/step2000,injection/random/layer3/eta0.1,300,0.0012617404066671536,0.0012360370065283587,-0.002946635869544322,0.005394034498319851,0.008980121762733762
discovery,C5/step2000,injection/sink/layer11/eta0,300,0.0,0.0,0.0,0.0,0.0
discovery,C5/step2000,injection/sink/layer11/eta0.01,300,7.60676666820456e-05,2.616221510519193e-05,-0.0005371589360274668,0.0007024299441360113,0.0013589964138241266
discovery,C5/step2000,injection/sink/layer11/eta0.03,300,0.0004730528984169948,0.00034740778404896653,-0.0013326659915954108,0.002334474578617126,0.0042927749513641126
discovery,C5/step2000,injection/sink/layer11/eta0.1,300,0.004414372581822353,0.004110831913985605,-0.0021664026215320493,0.010314618508646808,0.01701991764579233
discovery,C5/step2000,injection/sink/layer19/eta0,300,0.0,0.0,0.0,0.0,0.0
discovery,C5/step2000,injection/sink/layer19/eta0.01,300,0.00011575378458018065,0.0001507406159648745,-0.0004875378345879983,0.0007383917260357714,0.0013900576614019448
discovery,C5/step2000,injection/sink/layer19/eta0.03,300,0.0005961942797883602,0.0007033310537263164,-0.0012296466376837784,0.002474980091485452,0.004384204534095108
discovery,C5/step2000,injection/sink/layer19/eta0.1,300,0.004875452587297895,0.004971481683686023,-0.0013115199532095843,0.01130204688845657,0.017542471097210285
discovery,C5/step2000,injection/sink/layer3/eta0,300,0.0,0.0,0.0,0.0,0.0
discovery,C5/step2000,injection/sink/layer3/eta0.01,300,0.0001936083015181574,0.00015284320500891978,-0.00041291094201756275,0.0007752471082792508,0.0013027431458000126
discovery,C5/step2000,injection/sink/layer3/eta0.03,300,0.0007396834666334738,0.0005970752145361712,-0.0010538326473686639,0.0024443949301411784,0.004065040528304934
discovery,C5/step2000,injection/sink/layer3/eta0.1,300,0.004406136890721759,0.003817971297136442,-0.0021423580139640747,0.010226107019139088,0.01568608321542816
discovery,C5/step2000,single_delete/layer11,300,0.0005673404503369269,0.0003909463957538755,-0.0005972929826871617,0.0017084286907526453,0.003161152516763042
discovery,C5/step2000,single_delete/layer19,300,0.00019047784680143741,0.00017042986051304135,-0.00035466922549750863,0.0007385344017209031,0.0014238132266547745
discovery,C5/step2000,single_delete/layer3,300,0.00024849909184173025,0.00020326028658649114,-0.0005111919613335076,0.0008662441584068958,0.001888929952786664
discovery,C5/step2000,single_rescue/layer11,300,0.0,0.0,0.0,0.0,0.0
discovery,C5/step2000,single_rescue/layer19,300,0.0,0.0,0.0,0.0,0.0
discovery,C5/step2000,single_rescue/layer3,300,0.0,0.0,0.0,0.0,0.0
discovery,C5/step10000,all_delete/layer11,300,0.07004632734564033,0.058289970938614974,0.033004077400748184,0.09141283711110514,0.13198491194116796
discovery,C5/step10000,all_delete/layer19,300,0.07004632734564033,0.058289970938614974,0.033004077400748184,0.09141283711110514,0.13198491194116796
discovery,C5/step10000,all_delete/layer3,300,0.07004632734564033,0.058289970938614974,0.033004077400748184,0.09141283711110514,0.13198491194116796
discovery,C5/step10000,conditional_rescue/layer11,300,0.06122465104255776,0.05162731681283064,0.028774989871528205,0.07867645654152697,0.11843990716408558
discovery,C5/step10000,conditional_rescue/layer19,300,0.06168708409537167,0.05223883981779805,0.028945750138891023,0.0810166681845357,0.12040881359671045
discovery,C5/step10000,conditional_rescue/layer3,300,0.0683024136851153,0.056404984842135214,0.03281375554602916,0.08940328763225885,0.1294371807669092
discovery,C5/step10000,injection/non_sink/layer11/eta0,300,0.0,0.0,0.0,0.0,0.0
discovery,C5/step10000,injection/non_sink/layer11/eta0.01,300,6.0124960471325976e-05,3.6900437722994585e-05,-0.0007289826400636688,0.0008025056733859806,0.0014556734580693288
discovery,C5/step10000,injection/non_sink/layer11/eta0.03,300,0.0005359345408562287,0.000497787956177719,-0.0018029250497893087,0.0027280379468061795,0.004763652771476688
discovery,C5/step10000,injection/non_sink/layer11/eta0.1,300,0.006092638581443647,0.005810339619794229,-0.0022537952332984746,0.013555361529973548,0.02046240859144316
discovery,C5/step10000,injection/non_sink/layer19/eta0,300,0.0,0.0,0.0,0.0,0.0
discovery,C5/step10000,injection/non_sink/layer19/eta0.01,300,8.213183385493561e-05,3.0097060316190946e-05,-0.000678227642389733,0.0006954087985782172,0.0015388939324326406
discovery,C5/step10000,injection/non_sink/layer19/eta0.03,300,0.0006791497278088347,0.0005352140411617249,-0.0016689075259711799,0.0025076828603669415,0.00496816259669507
discovery,C5/step10000,injection/non_sink/layer19/eta0.1,300,0.007336237987508298,0.006979401656023161,-0.0003377433836929441,0.01359862229955478,0.02141923378771686
discovery,C5/step10000,injection/non_sink/layer3/eta0,300,0.0,0.0,0.0,0.0,0.0
discovery,C5/step10000,injection/non_sink/layer3/eta0.01,300,7.75474888759022e-06,-1.486830824003445e-05,-0.0003695825892170583,0.0004327728992372047,0.0007978153979684427
discovery,C5/step10000,injection/non_sink/layer3/eta0.03,300,0.00012276203926466894,3.114835483821358e-05,-0.000989399557038555,0.0013986797783318468,0.0025236144779235362
discovery,C5/step10000,injection/non_sink/layer3/eta0.1,300,0.0015979965340121212,0.0009974682424950788,-0.0022207470390740343,0.005964207836962122,0.009533442099263349
discovery,C5/step10000,injection/orthogonal/layer11/eta0,300,0.0,0.0,0.0,0.0,0.0
discovery,C5/step10000,injection/orthogonal/layer11/eta0.01,300,2.3132734724229984e-06,5.941315898745079e-05,-0.0005667153305894746,0.0005601973045529342,0.0010541210024375615
discovery,C5/step10000,injection/orthogonal/layer11/eta0.03,300,0.00021186045148554122,0.0003640032190037525,-0.0015510499008058562,0.001895536587932917,0.0033468832181194675
discovery,C5/step10000,injection/orthogonal/layer11/eta0.1,300,0.0031500344764529248,0.0033758719136395793,-0.0023575880396084522,0.00855247617706539,0.014404573215274368
discovery,C5/step10000,injection/orthogonal/layer19/eta0,300,0.0,0.0,0.0,0.0,0.0
discovery,C5/step10000,injection/orthogonal/layer19/eta0.01,300,4.118228521872693e-05,-1.351664385457677e-06,-0.000410049919068344,0.00046217910886749505,0.0009420530063899487
discovery,C5/step10000,injection/orthogonal/layer19/eta0.03,300,0.000279902535786466,0.00016777158722164123,-0.0010498076911986342,0.001545425475113035,0.0029677774023821987
discovery,C5/step10000,injection/orthogonal/layer19/eta0.1,300,0.002763576282290962,0.002389322115680364,-0.001806056405615619,0.006944145743302473,0.011683561670498588
discovery,C5/step10000,injection/orthogonal/layer3/eta0,300,0.0,0.0,0.0,0.0,0.0
discovery,C5/step10000,injection/orthogonal/layer3/eta0.01,300,-1.0131425432019976e-05,-3.539858840581939e-05,-0.0004866742712306225,0.0005608506090059055,0.000993157934954786
discovery,C5/step10000,injection/orthogonal/layer3/eta0.03,300,0.0001535612141366393,9.038129190760334e-05,-0.001307652691217858,0.001892987198717012,0.0031859991118663887
discovery,C5/step10000,injection/orthogonal/layer3/eta0.1,300,0.0026863381994052197,0.002580552589236282,-0.0025546043876587877,0.008509027676319513,0.012877468799981548
discovery,C5/step10000,injection/random/layer11/eta0,300,0.0,0.0,0.0,0.0,0.0
discovery,C5/step10000,injection/random/layer11/eta0.01,300,-4.1562428311726206e-07,6.2003849059578e-05,-0.000586795055960107,0.0005568406713290478,0.0010782587246632017
discovery,C5/step10000,injection/random/layer11/eta0.03,300,0.0002041234119044827,0.0003878751139002522,-0.0014961723267562744,0.0018894315704586,0.003489396703524853
discovery,C5/step10000,injection/random/layer11/eta0.1,300,0.0031296699003284687,0.003390544981468381,-0.00239344469205601,0.008609246081254613,0.01447237270084892
discovery,C5/step10000,injection/random/layer19/eta0,300,0.0,0.0,0.0,0.0,0.0
discovery,C5/step10000,injection/random/layer19/eta0.01,300,3.989179616212219e-05,-5.8572123369832675e-06,-0.0004207806324395608,0.0004489703441229392,0.000933870931309979
discovery,C5/step10000,injection/random/layer19/eta0.03,300,0.00027624866155188856,0.00018142339751476378,-0.001090823196050689,0.0015019469373808133,0.0029749111866387823
discovery,C5/step10000,injection/random/layer19/eta0.1,300,0.0027541346437349092,0.002366013414277805,-0.0018116883405550257,0.0068589157945527805,0.011657579677311463
discovery,C5/step10000,injection/random/layer3/eta0,300,0.0,0.0,0.0,0.0,0.0
discovery,C5/step10000,injection/random/layer3/eta0.01,300,-1.3155223816398564e-05,-1.4522882897084153e-05,-0.0005194896788109007,0.0005772508035494587,0.0009506946473609748
discovery,C5/step10000,injection/random/layer3/eta0.03,300,0.00014582607689804918,0.00016343124269500492,-0.001433838070846918,0.0018690664937177043,0.003090847946527438
discovery,C5/step10000,injection/random/layer3/eta0.1,300,0.002674461274635135,0.002876041442390502,-0.002447533795214075,0.008338687926765502,0.012876009002445253
discovery,C5/step10000,injection/sink/layer11/eta0,300,0.0,0.0,0.0,0.0,0.0
discovery,C5/step10000,injection/sink/layer11/eta0.01,300,7.668242366920932e-05,0.00012035820427842027,-0.0007796925822580893,0.0010024543822281004,0.0017090384415754183
discovery,C5/step10000,injection/sink/layer11/eta0.03,300,0.0006559363312608614,0.0006856693057563361,-0.0019243871133158526,0.00338187931090828,0.005576396551657852
discovery,C5/step10000,injection/sink/layer11/eta0.1,300,0.007081025942104069,0.006394303689791461,-0.0015250754168653112,0.015077771164300873,0.023348464365080594
discovery,C5/step10000,injection/sink/layer19/eta0,300,0.0,0.0,0.0,0.0,0.0
discovery,C5/step10000,injection/sink/layer19/eta0.01,300,0.0003393736786729707,0.0003390424833523007,-0.00031957851620171017,0.0010345564113827203,0.0017492880032757136
discovery,C5/step10000,injection/sink/layer19/eta0.03,300,0.001351230125727616,0.001370933112197035,-0.0006828383197934609,0.003443500188391978,0.005553781704639826
discovery,C5/step10000,injection/sink/layer19/eta0.1,300,0.008301925621633455,0.008428919033741388,0.0014900823277751293,0.01570305861826018,0.02191202358936701
discovery,C5/step10000,injection/sink/layer3/eta0,300,0.0,0.0,0.0,0.0,0.0
discovery,C5/step10000,injection/sink/layer3/eta0.01,300,0.0001983069998072827,0.00016832727146899606,-0.0003779854361466535,0.0007609570120263288,0.0013198462058240038
discovery,C5/step10000,injection/sink/layer3/eta0.03,300,0.000787187098205246,0.0006790461502675935,-0.0009393992386464997,0.0024872652188999444,0.004010928897407112
discovery,C5/step10000,injection/sink/layer3/eta0.1,300,0.004873926107651918,0.004639730678768609,-0.00045002163864496183,0.010532221456212321,0.015114010788324314
discovery,C5/step10000,single_delete/layer11,300,0.001014647809226369,0.0005936509980930118,-0.0014356252715343565,0.0034865657175619773,0.005629691176527136
discovery,C5/step10000,single_delete/layer19,300,0.0006904095426944923,0.0006075431042768824,-0.0009415468831700602,0.002351993650901975,0.003949790113554228
discovery,C5/step10000,single_delete/layer3,300,0.000573060068245635,0.00036326731283833663,-0.000727278041088675,0.0016373987272968443,0.0029888468464528486
discovery,C5/step10000,single_rescue/layer11,300,0.0,0.0,0.0,0.0,0.0
discovery,C5/step10000,single_rescue/layer19,300,0.0,0.0,0.0,0.0,0.0
discovery,C5/step10000,single_rescue/layer3,300,0.0,0.0,0.0,0.0,0.0
discovery,C6/step500,all_delete/layer11,300,0.011686408475940935,0.011953909566083292,-0.005322824312945989,0.02898097601462537,0.043797554556779035
discovery,C6/step500,all_delete/layer19,300,0.011686408475940935,0.011953909566083292,-0.005322824312945989,0.02898097601462537,0.043797554556779035
discovery,C6/step500,all_delete/layer3,300,0.011686408475940935,0.011953909566083292,-0.005322824312945989,0.02898097601462537,0.043797554556779035
discovery,C6/step500,conditional_rescue/layer11,300,0.011684320204527048,0.010536253921628937,-0.004988047081654466,0.028385597889817607,0.042463308619701975
discovery,C6/step500,conditional_rescue/layer19,300,0.01126224367637334,0.011093049537478469,-0.00458774416465459,0.028195734099140318,0.04294852008969768
discovery,C6/step500,conditional_rescue/layer3,300,0.009366078414316253,0.009345828078863189,-0.006540508720818468,0.025229641771691992,0.037873588021345994
discovery,C6/step500,injection/non_sink/layer11/eta0,300,0.0,0.0,0.0,0.0,0.0
discovery,C6/step500,injection/non_sink/layer11/eta0.01,300,-3.705873264102486e-05,-5.0161767193651574e-05,-0.0007755850243756151,0.0008229308240995633,0.001334552314337783
discovery,C6/step500,injection/non_sink/layer11/eta0.03,300,4.3472029718514176e-05,-2.6492621954970473e-05,-0.0021792734701802413,0.0026529417263241265,0.004160651259534941
discovery,C6/step500,injection/non_sink/layer11/eta0.1,300,0.001956837571512057,0.0017319025955800935,-0.0050883555975485975,0.010727048858882874,0.016040435550719736
discovery,C6/step500,injection/non_sink/layer19/eta0,300,0.0,0.0,0.0,0.0,0.0
discovery,C6/step500,injection/non_sink/layer19/eta0.01,300,-7.03611398932189e-05,-8.001853161909448e-05,-0.0007907386839859129,0.0006737596406711368,0.0014229241318590065
discovery,C6/step500,injection/non_sink/layer19/eta0.03,300,-7.977463128998524e-05,-0.0001593462125522884,-0.002245039451779343,0.0021118404358390747,0.004405885230837845
discovery,C6/step500,injection/non_sink/layer19/eta0.1,300,0.001270595660672726,0.0006772289125938115,-0.005644069881889764,0.008540836844857283,0.016501335083968997
discovery,C6/step500,injection/non_sink/layer3/eta0,300,0.0,0.0,0.0,0.0,0.0
discovery,C6/step500,injection/non_sink/layer3/eta0.01,300,2.8224454464249097e-05,3.0938095933809054e-05,-0.0004075718676950049,0.0004803364671121432,0.0009598198838121317
discovery,C6/step500,injection/non_sink/layer3/eta0.03,300,0.0001992446418822281,0.00019866462767593503,-0.0011169103186900221,0.0015519510103961616,0.002966542882243482
discovery,C6/step500,injection/non_sink/layer3/eta0.1,300,0.0020096874487368767,0.0019179516889917569,-0.002478577020600086,0.0063775430514117866,0.011348805465097516
discovery,C6/step500,injection/orthogonal/layer11/eta0,300,0.0,0.0,0.0,0.0,0.0
discovery,C6/step500,injection/orthogonal/layer11/eta0.01,300,-2.3829642869043225e-05,-1.228512741449311e-05,-0.000268846046267532,0.00020069212425412157,0.0004318477600578249
discovery,C6/step500,injection/orthogonal/layer11/eta0.03,300,-7.12414238396592e-05,-3.0517578125e-05,-0.0008069736751045767,0.000619678046759658,0.0012837267297459401
discovery,C6/step500,injection/orthogonal/layer11/eta0.1,300,-0.0002263899675504429,-0.0002673592154435286,-0.002727388396976501,0.0019303119088721087,0.004284115288201282
discovery,C6/step500,injection/orthogonal/layer19/eta0,300,0.0,0.0,0.0,0.0,0.0
discovery,C6/step500,injection/orthogonal/layer19/eta0.01,300,-4.541752532398294e-05,-6.991108571450541e-05,-0.0003871392077348364,0.0002817919873815822,0.0006696025217611961
discovery,C6/step500,injection/orthogonal/layer19/eta0.03,300,-0.000135796314149391,-0.00021218127153051181,-0.0011464592040054443,0.0008532756895530882,0.0020146948146069145
discovery,C6/step500,injection/orthogonal/layer19/eta0.1,300,-0.00041014113138354043,-0.0005967448076863927,-0.004136108037993663,0.002873263021153728,0.006593430887057093
discovery,C6/step500,injection/orthogonal/layer3/eta0,300,0.0,0.0,0.0,0.0,0.0
discovery,C6/step500,injection/orthogonal/layer3/eta0.01,300,-1.531115354202551e-05,-2.0665446604330706e-05,-0.00014810487041323203,0.0001399273008812131,0.0002470001460999017
discovery,C6/step500,injection/orthogonal/layer3/eta0.03,300,-3.9673552425514686e-05,-4.787895623154528e-05,-0.00042979923758919785,0.0004220271673728162,0.000754853496401329
discovery,C6/step500,injection/orthogonal/layer3/eta0.1,300,-5.729054528584318e-05,-9.37754713644193e-05,-0.0013743648378867802,0.0014906755582554136,0.002600343959538017
discovery,C6/step500,injection/random/layer11/eta0,300,0.0,0.0,0.0,0.0,0.0
discovery,C6/step500,injection/random/layer11/eta0.01,300,-2.3812421663539614e-05,-2.4510180856299213e-05,-0.0002730662428487943,0.00021758792907234254,0.00044657189076341056
discovery,C6/step500,injection/random/layer11/eta0.03,300,-7.113869734636443e-05,-6.448940967950295e-05,-0.0008129360168937623,0.0006629463255874754,0.0013269259235051674
discovery,C6/step500,injection/random/layer11/eta0.1,300,-0.00022517557219257504,-0.00020241925096887303,-0.002648436178372601,0.0019101270540492741,0.004446363073634351
discovery,C6/step500,injection/random/layer19/eta0,300,0.0,0.0,0.0,0.0,0.0
discovery,C6/step500,injection/random/layer19/eta0.01,300,-4.4653885007843256e-05,-7.86067932609498e-05,-0.00039039071150652065,0.00029143385999784693,0.0006556863859882505
discovery,C6/step500,injection/random/layer19/eta0.03,300,-0.0001333531056802104,-0.0002068647249477116,-0.0011556580310731423,0.0008528701902374508,0.0019614122045321734
discovery,C6/step500,injection/random/layer19/eta0.1,300,-0.0004011415496585876,-0.0006069273460568406,-0.004062712661863312,0.0030404038316621555,0.006723130594088338
discovery,C6/step500,injection/random/layer3/eta0,300,0.0,0.0,0.0,0.0,0.0
discovery,C6/step500,injection/random/layer3/eta0.01,300,-1.5081370596497704e-05,-1.9584115095964566e-05,-0.00015412728617510458,0.000133694626214936,0.0002442547655481054
discovery,C6/step500,injection/random/layer3/eta0.03,300,-3.890280335594037e-05,-4.532581239234744e-05,-0.0004603919081800566,0.000405266528993141,0.0007302351823941932
discovery,C6/step500,injection/random/layer3/eta0.1,300,-5.4119040021120405e-05,-0.0001029667891855315,-0.0014184816615788018,0.001431420093446266,0.002587716410479208
discovery,C6/step500,injection/sink/layer11/eta0,300,0.0,0.0,0.0,0.0,0.0
discovery,C6/step500,injection/sink/layer11/eta0.01,300,-0.0004669588945043369,-0.0004553006389948327,-0.0008730250080739419,-0.00013036802997739297,0.00028563972533218556
discovery,C6/step500,injection/sink/layer11/eta0.03,300,-0.0013471451206157215,-0.001341196495716966,-0.0025613889919491265,-0.0003264419675812008,0.0009361327163816443
discovery,C6/step500,injection/sink/layer11/eta0.1,300,-0.0038316834817721146,-0.003917033278097318,-0.007554632472241019,-0.0003245796744279035,0.0033113434558778355
discovery,C6/step500,injection/sink/layer19/eta0,300,0.0,0.0,0.0,0.0,0.0
discovery,C6/step500,injection/sink/layer19/eta0.01,300,-4.2420134456764675e-05,-7.196861927903544e-05,-0.000701964370847687,0.000566512580931656,0.0011015163631889764
discovery,C6/step500,injection/sink/layer19/eta0.03,300,-3.13825432084051e-05,-7.446168914554627e-05,-0.0020488453662301613,0.0017713111216627706,0.003326259823296016
discovery,C6/step500,injection/sink/layer19/eta0.1,300,0.0009764307377532398,0.0007761106716366265,-0.0057731237937146285,0.006721691822442483,0.012564567505843997
discovery,C6/step500,injection/sink/layer3/eta0,300,0.0,0.0,0.0,0.0,0.0
discovery,C6/step500,injection/sink/layer3/eta0.01,300,0.0001515240806920009,0.0001588656207707923,-0.0002664205596202941,0.0005470636322742372,0.0008515365480437995
discovery,C6/step500,injection/sink/layer3/eta0.03,300,0.0005365230530265749,0.0005533563809132012,-0.0006822000338336613,0.0017337348517470473,0.0026539659875584403
discovery,C6/step500,injection/sink/layer3/eta0.1,300,0.0027274068196614584,0.0027113636647622414,-0.0013194947730837845,0.006623065377783588,0.009489308755228847
discovery,C6/step500,single_delete/layer11,300,-0.0010516310363929728,-0.0010634745199849286,-0.002021098700095349,-0.00014887832281157727,0.0010130814679964325
discovery,C6/step500,single_delete/layer19,300,-1.5036214993694637e-05,-6.569088913324311e-05,-0.0010164516178641733,0.0009851230411078986,0.0016748923955001256
discovery,C6/step500,single_delete/layer3,300,0.00010277375148663059,3.0682781549889275e-05,-0.0010426138329693653,0.0011365244707723303,0.0019402120995709302
discovery,C6/step500,single_rescue/layer11,300,0.0,0.0,0.0,0.0,0.0
discovery,C6/step500,single_rescue/layer19,300,0.0,0.0,0.0,0.0,0.0
discovery,C6/step500,single_rescue/layer3,300,0.0,0.0,0.0,0.0,0.0
discovery,C6/step2000,all_delete/layer11,300,0.029482152643479077,0.02718799320731576,0.011669203991026389,0.04935573217437023,0.06180770153135766
discovery,C6/step2000,all_delete/layer19,300,0.029482152643479077,0.02718799320731576,0.011669203991026389,0.04935573217437023,0.06180770153135766
discovery,C6/step2000,all_delete/layer3,300,0.029482152643479077,0.02718799320731576,0.011669203991026389,0.04935573217437023,0.06180770153135766
discovery,C6/step2000,conditional_rescue/layer11,300,0.02684451661397779,0.025486292801504058,0.009143543994332861,0.04481280319334015,0.058477861299289495
discovery,C6/step2000,conditional_rescue/layer19,300,0.02739887027289924,0.02598332983302319,0.009836226936400407,0.045686902023675875,0.05870008994275192
discovery,C6/step2000,conditional_rescue/layer3,300,0.028632561891410606,0.027731001846433623,0.01036221211350809,0.04931962771678534,0.061472927303764774
discovery,C6/step2000,injection/non_sink/layer11/eta0,300,0.0,0.0,0.0,0.0,0.0
discovery,C6/step2000,injection/non_sink/layer11/eta0.01,300,6.0037077255449265e-05,9.006590355099655e-05,-0.000605320367287463,0.0006787908358836738,0.001391959002637488
discovery,C6/step2000,injection/non_sink/layer11/eta0.03,300,0.00047153342740116475,0.0005456669124092642,-0.0015531825268362452,0.0023041222039170152,0.004438637560746803
discovery,C6/step2000,injection/non_sink/layer11/eta0.1,300,0.004979979697800684,0.004690140251099594,-0.0016640039879506027,0.011209119961956355,0.018230110829270733
discovery,C6/step2000,injection/non_sink/layer19/eta0,300,0.0,0.0,0.0,0.0,0.0
discovery,C6/step2000,injection/non_sink/layer19/eta0.01,300,0.00018230202942695517,0.0002325313297782357,-0.0006529965738611898,0.0009592311588797983,0.0018514798382135828
discovery,C6/step2000,injection/non_sink/layer19/eta0.03,300,0.0008557690597894624,0.0009623550054595226,-0.0017340427308570683,0.0031294109314445435,0.0060033542903389515
discovery,C6/step2000,injection/non_sink/layer19/eta0.1,300,0.006463974129183711,0.006340567521222933,-0.0022890436367725762,0.01389403606024314,0.023897528460645308
discovery,C6/step2000,injection/non_sink/layer3/eta0,300,0.0,0.0,0.0,0.0,0.0
discovery,C6/step2000,injection/non_sink/layer3/eta0.01,300,0.00010970023047579868,0.0001224457748292938,-0.000413984764279343,0.0006258806844395915,0.0010638259527251484
discovery,C6/step2000,injection/non_sink/layer3/eta0.03,300,0.0004536819958624252,0.0005134071890763411,-0.0010766682662363128,0.002011817271315207,0.003207751897376355
discovery,C6/step2000,injection/non_sink/layer3/eta0.1,300,0.0030070913620195362,0.003113453782449557,-0.0021393918615626537,0.008369385726808563,0.012127958883450729
discovery,C6/step2000,injection/orthogonal/layer11/eta0,300,0.0,0.0,0.0,0.0,0.0
discovery,C6/step2000,injection/orthogonal/layer11/eta0.01,300,9.969526075628486e-06,1.6144880159633368e-05,-0.00032059977373738923,0.0003348898699903113,0.0006170888585368482
discovery,C6/step2000,injection/orthogonal/layer11/eta0.03,300,8.377345528189592e-05,9.527732068159448e-05,-0.0008875929464505413,0.0010636096864234743,0.0019073876808947466
discovery,C6/step2000,injection/orthogonal/layer11/eta0.1,300,0.000917453565622565,0.0008640890046367495,-0.0022073505431648315,0.004177273727777436,0.006864797036478843
discovery,C6/step2000,injection/orthogonal/layer19/eta0,300,0.0,0.0,0.0,0.0,0.0
discovery,C6/step2000,injection/orthogonal/layer19/eta0.01,300,8.125505422356851e-07,9.22135480745571e-06,-0.00034530519500492124,0.00038500658170444754,0.0006446477935070128
discovery,C6/step2000,injection/orthogonal/layer19/eta0.03,300,7.414640091222729e-05,0.00010026346041461614,-0.0009581648458646038,0.0012208608191783034,0.001977590125376784
discovery,C6/step2000,injection/orthogonal/layer19/eta0.1,300,0.0010961461505239092,0.0012690776915062132,-0.0021672812033825973,0.0048344679704801306,0.00781428720068744
discovery,C6/step2000,injection/orthogonal/layer3/eta0,300,0.0,0.0,0.0,0.0,0.0
discovery,C6/step2000,injection/orthogonal/layer3/eta0.01,300,5.443452850101501e-06,2.0470206193097934e-05,-0.000324917590524268,0.00033253947580893204,0.0006190592848409821
discovery,C6/step2000,injection/orthogonal/layer3/eta0.03,300,7.025961487937788e-05,0.00013988224540169785,-0.0008916179026205709,0.001062122855599471,0.0019137795515886441
discovery,C6/step2000,injection/orthogonal/layer3/eta0.1,300,0.0008738750047258192,0.0012835855559101255,-0.002473560843880721,0.00399343235286202,0.006677840826079604
discovery,C6/step2000,injection/random/layer11/eta0,300,0.0,0.0,0.0,0.0,0.0
discovery,C6/step2000,injection/random/layer11/eta0.01,300,1.0433146959840467e-05,2.44200698972687e-05,-0.0003180841761311208,0.0003466944056233083,0.0006209906630628691
discovery,C6/step2000,injection/random/layer11/eta0.03,300,8.51928530715582e-05,8.174565833384597e-05,-0.0008707497063584215,0.0010823377474086491,0.0018847548116849165
discovery,C6/step2000,injection/random/layer11/eta0.1,300,0.0009227953432738937,0.0008447301669383613,-0.0021812108557993973,0.004227060032641793,0.006884801669383614
discovery,C6/step2000,injection/random/layer19/eta0,300,0.0,0.0,0.0,0.0,0.0
discovery,C6/step2000,injection/random/layer19/eta0.01,300,6.242186378619192e-07,-6.472970557025099e-06,-0.0003551347987858329,0.0003835422786202018,0.0006372647022637797
discovery,C6/step2000,injection/random/layer19/eta0.03,300,7.36296646238312e-05,5.9983861727977364e-05,-0.0009939689335860605,0.0012367804219403605,0.001979806854968935
discovery,C6/step2000,injection/random/layer19/eta0.1,300,0.0010952481447555262,0.0012936479463351992,-0.002108093321792723,0.004846370126318744,0.007752353938545771
discovery,C6/step2000,injection/random/layer3/eta0,300,0.0,0.0,0.0,0.0,0.0
discovery,C6/step2000,injection/random/layer3/eta0.01,300,6.6656578244186756e-06,2.297829455278051e-05,-0.0003235058521661233,0.00034950286384642594,0.0006456900769331326
discovery,C6/step2000,injection/random/layer3/eta0.03,300,7.411856663821562e-05,0.00013821519265963335,-0.0009142958273099164,0.0010823677843949924,0.0019895358348455956
discovery,C6/step2000,injection/random/layer3/eta0.1,300,0.0008915409078122436,0.0011807238961767962,-0.0023644214540015996,0.004026720842977208,0.006829488559032057
discovery,C6/step2000,injection/sink/layer11/eta0,300,0.0,0.0,0.0,0.0,0.0
discovery,C6/step2000,injection/sink/layer11/eta0.01,300,6.640251540136462e-05,0.00010356752891240158,-0.0003841204906073142,0.0005065362284502645,0.0008557717631182334
discovery,C6/step2000,injection/sink/layer11/eta0.03,300,0.0003001695167361282,0.0004080824964628445,-0.0010061564407949372,0.0016012942697119525,0.002638334739865282
discovery,C6/step2000,injection/sink/layer11/eta0.1,300,0.002177821682506972,0.002643525131105438,-0.002123825193390133,0.006666911868598517,0.009845412246824257
discovery,C6/step2000,injection/sink/layer19/eta0,300,0.0,0.0,0.0,0.0,0.0
discovery,C6/step2000,injection/sink/layer19/eta0.01,300,-6.0124935440504024e-05,-7.420637476162648e-05,-0.0006015432162547675,0.00047870696060300813,0.00097897146630475
discovery,C6/step2000,injection/sink/layer19/eta0.03,300,-1.910447448570271e-05,-8.467426450233759e-05,-0.0016297392957792508,0.0016327730313999446,0.003079887450210694
discovery,C6/step2000,injection/sink/layer19/eta0.1,300,0.0018090592031403789,0.0014364738163985605,-0.0033597045057401883,0.007519376559520331,0.011963674590343568
discovery,C6/step2000,injection/sink/layer3/eta0,300,0.0,0.0,0.0,0.0,0.0
discovery,C6/step2000,injection/sink/layer3/eta0.01,300,1.8900773656649876e-06,1.1188777412955217e-05,-0.0006080837700310654,0.0006116281344195988,0.0010878104863204356
discovery,C6/step2000,injection/sink/layer3/eta0.03,300,0.0001854519080615106,0.00019237187903697097,-0.0014811012688584215,0.0020116670863834893,0.003340650543453188
discovery,C6/step2000,injection/sink/layer3/eta0.1,300,0.00274967634145982,0.0032374915175550564,-0.0029131521390179014,0.008813324875718965,0.01318921367014487
discovery,C6/step2000,single_delete/layer11,300,0.0005994746190669343,0.0007603412538062868,-0.0014193377156895915,0.0028491808673528234,0.00466762152243787
discovery,C6/step2000,single_delete/layer19,300,3.317424944379512e-05,-6.548063022883859e-05,-0.0017000708993025653,0.0015663537453478715,0.0031063500351793194
discovery,C6/step2000,single_delete/layer3,300,0.00010565034360710404,0.0001227912001722441,-0.0011731921218511626,0.0012407828503706326,0.0022558167224793944
discovery,C6/step2000,single_rescue/layer11,300,0.0,0.0,0.0,0.0,0.0
discovery,C6/step2000,single_rescue/layer19,300,0.0,0.0,0.0,0.0,0.0
discovery,C6/step2000,single_rescue/layer3,300,0.0,0.0,0.0,0.0,0.0
discovery,C6/step10000,all_delete/layer11,300,0.2273122344930654,0.20558178518700787,0.1550899040041946,0.27182626348780836,0.3626997699887734
discovery,C6/step10000,all_delete/layer19,300,0.2273122344930654,0.20558178518700787,0.1550899040041946,0.27182626348780836,0.3626997699887734
discovery,C6/step10000,all_delete/layer3,300,0.2273122344930654,0.20558178518700787,0.1550899040041946,0.27182626348780836,0.3626997699887734
discovery,C6/step10000,conditional_rescue/layer11,300,0.2175913932379775,0.19603936503252645,0.14528784413975993,0.2684166525292584,0.354520503367026
discovery,C6/step10000,conditional_rescue/layer19,300,0.2085907300438468,0.19032017264779158,0.14084065054345318,0.25199536451204557,0.3312785020963415
discovery,C6/step10000,conditional_rescue/layer3,300,0.2221829698592659,0.2008916299174151,0.15106319067046398,0.26862421561413863,0.3514480981301135
discovery,C6/step10000,injection/non_sink/layer11/eta0,300,0.0,0.0,0.0,0.0,0.0
discovery,C6/step10000,injection/non_sink/layer11/eta0.01,300,0.0002236684914336117,0.00016476788858729084,-0.0005559395617387426,0.0009020782831146961,0.0016115023395207927
discovery,C6/step10000,injection/non_sink/layer11/eta0.03,300,0.0010581606266692554,0.0008694280789593073,-0.0013111857917365126,0.0031384520643339383,0.005099081805371863
discovery,C6/step10000,injection/non_sink/layer11/eta0.1,300,0.008133014693973572,0.0075115894708107775,0.0006422846336064376,0.015038126096950741,0.0214993184007059
discovery,C6/step10000,injection/non_sink/layer19/eta0,300,0.0,0.0,0.0,0.0,0.0
discovery,C6/step10000,injection/non_sink/layer19/eta0.01,300,0.00013685158857210415,6.601378673643578e-05,-0.0006136706494909572,0.0008397965919314407,0.0015831699521522823
discovery,C6/step10000,injection/non_sink/layer19/eta0.03,300,0.000803657041134171,0.0005612335805817852,-0.001495188615453525,0.002926698819858821,0.005139301330085816
discovery,C6/step10000,injection/non_sink/layer19/eta0.1,300,0.007288948394495045,0.00643097885011688,-0.0006699749803918553,0.014568366403654803,0.022197474081685226
discovery,C6/step10000,injection/non_sink/layer3/eta0,300,0.0,0.0,0.0,0.0,0.0
discovery,C6/step10000,injection/non_sink/layer3/eta0.01,300,6.91339537853331e-05,1.2089887003260335e-05,-0.0004208632341520054,0.0005469810305617926,0.0010737922247939236
discovery,C6/step10000,injection/non_sink/layer3/eta0.03,300,0.00037215786030286255,0.00022269421675073819,-0.0011203946091058684,0.0018515624399260274,0.0034177434726024264
discovery,C6/step10000,injection/non_sink/layer3/eta0.1,300,0.0031937774898499016,0.002952095091812254,-0.002208950012687623,0.008509335555429534,0.01325737359955556
discovery,C6/step10000,injection/orthogonal/layer11/eta0,300,0.0,0.0,0.0,0.0,0.0
discovery,C6/step10000,injection/orthogonal/layer11/eta0.01,300,-3.274419489182199e-05,-2.6898121270607775e-05,-0.0005405118146280604,0.0004749786196731207,0.0008676003283403054
discovery,C6/step10000,injection/orthogonal/layer11/eta0.03,300,6.091906329778236e-05,8.43288391593873e-05,-0.0014308381268358606,0.0016054243553341842,0.002765189944289801
discovery,C6/step10000,injection/orthogonal/layer11/eta0.1,300,0.002091090560272297,0.002200644785963644,-0.003426206393504706,0.006916151272030327,0.01138685932309609
discovery,C6/step10000,injection/orthogonal/layer19/eta0,300,0.0,0.0,0.0,0.0,0.0
discovery,C6/step10000,injection/orthogonal/layer19/eta0.01,300,2.8326104632199907e-05,3.415205347256398e-05,-0.0004134891540046752,0.0004341170543760765,0.0008294173113004434
discovery,C6/step10000,injection/orthogonal/layer19/eta0.03,300,0.0002347602994423213,0.00026884980089082495,-0.0010943225049597073,0.0014368868249607838,0.002609300988865651
discovery,C6/step10000,injection/orthogonal/layer19/eta0.1,300,0.0025343784572571283,0.002590611225038063,-0.0019013262170506275,0.006691316920002614,0.010619701175239145
discovery,C6/step10000,injection/orthogonal/layer3/eta0,300,0.0,0.0,0.0,0.0,0.0
discovery,C6/step10000,injection/orthogonal/layer3/eta0.01,300,-2.554971089200397e-06,4.805917814960621e-07,-0.00047367576539047117,0.00043024228313776454,0.0008458895946112218
discovery,C6/step10000,injection/orthogonal/layer3/eta0.03,300,0.0001335052680468622,0.00010289169671967273,-0.0012658374516044076,0.0014903902068851501,0.002757116002360668
discovery,C6/step10000,injection/orthogonal/layer3/eta0.1,300,0.0021223387380284587,0.002013424250084584,-0.0023497033306932825,0.006792992118775375,0.01148304075706663
discovery,C6/step10000,injection/random/layer11/eta0,300,0.0,0.0,0.0,0.0,0.0
discovery,C6/step10000,injection/random/layer11/eta0.01,300,-3.2533585555910124e-05,-3.921328567144439e-05,-0.0005299876055379553,0.00047832398902712843,0.0008617641418937627
discovery,C6/step10000,injection/random/layer11/eta0.03,300,6.153334469932897e-05,7.78558686023622e-05,-0.0014361959742748831,0.001592125479630598,0.002757019884004368
discovery,C6/step10000,injection/random/layer11/eta0.1,300,0.0020928495261925725,0.002076712180310347,-0.0036006086454616754,0.0069489103602612115,0.011184151717058326
discovery,C6/step10000,injection/random/layer19/eta0,300,0.0,0.0,0.0,0.0,0.0
discovery,C6/step10000,injection/random/layer19/eta0.01,300,2.800045363859242e-05,1.8468991977961985e-05,-0.00041531390092504306,0.0004364749578040416,0.0008107943797674705
discovery,C6/step10000,injection/random/layer19/eta0.03,300,0.00023382589885881882,0.00020972950252022332,-0.0010732590682863252,0.0014543308047797736,0.002562392227293001
discovery,C6/step10000,injection/random/layer19/eta0.1,300,0.0025312767128931883,0.002433296263687254,-0.0018235304224209522,0.0068009744478961616,0.010474182489350089
discovery,C6/step10000,injection/random/layer3/eta0,300,0.0,0.0,0.0,0.0,0.0
discovery,C6/step10000,injection/random/layer3/eta0.01,300,-7.286447239673043e-06,-2.6762954832062008e-05,-0.00044064258965920275,0.00042707338107852484,0.0008751906747893095
discovery,C6/step10000,injection/random/layer3/eta0.03,300,0.00012102697777935839,5.0191804179995084e-05,-0.0012043705136757198,0.0014315477506382259,0.0027319029560239332
discovery,C6/step10000,injection/random/layer3/eta0.1,300,0.002098747088214544,0.001754580520269439,-0.002531937726839321,0.006667024507297305,0.010769738925723584
discovery,C6/step10000,injection/sink/layer11/eta0,300,0.0,0.0,0.0,0.0,0.0
discovery,C6/step10000,injection/sink/layer11/eta0.01,300,6.108744563705965e-05,3.310075895054134e-05,-0.0004990457549808533,0.00057777645081047,0.0011009426567498157
discovery,C6/step10000,injection/sink/layer11/eta0.03,300,0.0003922046951734488,0.0002469941387026329,-0.0013150042436254306,0.0018913163913516547,0.003440169086606484
discovery,C6/step10000,injection/sink/layer11/eta0.1,300,0.0037404316929694546,0.003278341818982222,-0.0018689763827586738,0.00874908702580009,0.013968655443566992
discovery,C6/step10000,injection/sink/layer19/eta0,300,0.0,0.0,0.0,0.0,0.0
discovery,C6/step10000,injection/sink/layer19/eta0.01,300,0.0002363710828966356,0.00023448373389056348,-0.0002694317675012303,0.0007948162048820436,0.0012111663818359382
discovery,C6/step10000,injection/sink/layer19/eta0.03,300,0.0009430656533228756,0.0009127939779927411,-0.0005866673987681471,0.0025909979512372355,0.003884292962982901
discovery,C6/step10000,injection/sink/layer19/eta0.1,300,0.005881832102778077,0.005803611334853285,0.0011385294396107591,0.01124436085618387,0.0159382377083846
discovery,C6/step10000,injection/sink/layer3/eta0,300,0.0,0.0,0.0,0.0,0.0
discovery,C6/step10000,injection/sink/layer3/eta0.01,300,0.00016578691837981617,0.0002544583298089936,-0.0004540766318013349,0.0008137019600455216,0.0013718852846641243
discovery,C6/step10000,injection/sink/layer3/eta0.03,300,0.0007540102080097348,0.0009788903664416215,-0.0010926779799574004,0.0027189292306975116,0.004347048781988191
discovery,C6/step10000,injection/sink/layer3/eta0.1,300,0.005403118859438759,0.0057644731416477,-0.0006620226882574126,0.011366513770396314,0.017544940137487697
discovery,C6/step10000,single_delete/layer11,300,0.002152500127557069,0.001760032233290785,-0.00212062625434455,0.0059849896768885335,0.009847725094772702
discovery,C6/step10000,single_delete/layer19,300,0.0026978269712192807,0.0024669376883919786,-0.0005777313953309548,0.005663954366849163,0.009408749557855563
discovery,C6/step10000,single_delete/layer3,300,0.000557428520182612,0.00042153906634473425,-0.0015579433891716905,0.0024368256095826154,0.004764720586341198
discovery,C6/step10000,single_rescue/layer11,300,0.0,0.0,0.0,0.0,0.0
discovery,C6/step10000,single_rescue/layer19,300,0.0,0.0,0.0,0.0,0.0
discovery,C6/step10000,single_rescue/layer3,300,0.0,0.0,0.0,0.0,0.0
confirmation,teacher,all_delete/layer17,300,1.5608543078738981,1.3744392019557203,1.1353241852887972,1.7018958452179676,2.372291685089353
confirmation,teacher,all_delete/layer29,300,1.5608543078738981,1.3744392019557203,1.1353241852887972,1.7018958452179676,2.372291685089353
confirmation,teacher,all_delete/layer5,300,1.5608543078738981,1.3744392019557203,1.1353241852887972,1.7018958452179676,2.372291685089353
confirmation,teacher,conditional_rescue/layer17,300,1.203843384570567,1.0386577290812815,0.8216396466953548,1.3440505275576133,1.941549263601228
confirmation,teacher,conditional_rescue/layer29,300,1.452097135697054,1.257704194136492,1.0453951189837118,1.584375798232912,2.279122140839345
confirmation,teacher,conditional_rescue/layer5,300,1.5432333639014533,1.3502831796961505,1.1255912630576788,1.698170128769762,2.361522392212877
confirmation,teacher,injection/non_sink/layer17/eta0,300,0.0,0.0,0.0,0.0,0.0
confirmation,teacher,injection/non_sink/layer17/eta0.01,300,6.437495685722727e-05,5.336070623923474e-05,-0.0009263706958200048,0.0011927124083511472,0.0019222860261211257
confirmation,teacher,injection/non_sink/layer17/eta0.03,300,0.0007006496766440355,0.0006740600105345719,-0.0022289921918253264,0.0040294091532549516,0.006457885982483391
confirmation,teacher,injection/non_sink/layer17/eta0.1,300,0.008346043680562317,0.00847043014886811,-0.0026225067499115714,0.019329559145949957,0.02660423939622294
confirmation,teacher,injection/non_sink/layer29/eta0,300,0.0,0.0,0.0,0.0,0.0
confirmation,teacher,injection/non_sink/layer29/eta0.01,300,0.00014479146207000798,5.285007747139518e-05,-0.0005839415422574742,0.0009860879792941838,0.00155683802807425
confirmation,teacher,injection/non_sink/layer29/eta0.03,300,0.00085194137849383,0.0005551586000938115,-0.0013752359104907419,0.00334724666565422,0.00509818520132951
confirmation,teacher,injection/non_sink/layer29/eta0.1,300,0.007733060804139481,0.007374755979522946,-0.00046308772770438605,0.01623218735371988,0.021761856679841297
confirmation,teacher,injection/non_sink/layer5/eta0,300,0.0,0.0,0.0,0.0,0.0
confirmation,teacher,injection/non_sink/layer5/eta0.01,300,-5.370596993294132e-05,-5.286509596456694e-06,-0.0004837907205416462,0.00043788669616218624,0.0008112404290146716
confirmation,teacher,injection/non_sink/layer5/eta0.03,300,-4.5601199173278076e-05,9.089192067544291e-05,-0.001278591906930518,0.0014746470714178611,0.002503177312415416
confirmation,teacher,injection/non_sink/layer5/eta0.1,300,0.0013171792378908224,0.0016756883756382259,-0.0034213366470937654,0.006594770536648007,0.010022513322004184
confirmation,teacher,injection/orthogonal/layer17/eta0,300,0.0,0.0,0.0,0.0,0.0
confirmation,teacher,injection/orthogonal/layer17/eta0.01,300,-7.801250872395326e-05,-1.0362760288508857e-05,-0.0006623718682236559,0.00047883086317167505,0.0009798966054841288
confirmation,teacher,injection/orthogonal/layer17/eta0.03,300,-5.043958589982174e-05,0.00011031834159310409,-0.0018309533126710906,0.001599931341456616,0.003174096956027775
confirmation,teacher,injection/orthogonal/layer17/eta0.1,300,0.00201319452172287,0.0025373443843811514,-0.0038660792853888563,0.007586539260984406,0.012678873257374202
confirmation,teacher,injection/orthogonal/layer29/eta0,300,0.0,0.0,0.0,0.0,0.0
confirmation,teacher,injection/orthogonal/layer29/eta0.01,300,4.461813018977483e-06,-2.1213621605099657e-05,-0.000619009723813515,0.0006837018831508366,0.0011915612408495333
confirmation,teacher,injection/orthogonal/layer29/eta0.03,300,0.0003343422361344021,0.00020457440473901944,-0.0014869734996885765,0.0023729482034998617,0.0040142821514700345
confirmation,teacher,injection/orthogonal/layer29/eta0.1,300,0.004885064991010143,0.004279346916619248,-0.0013745225320650838,0.011594257955476054,0.017570950665811855
confirmation,teacher,injection/orthogonal/layer5/eta0,300,0.0,0.0,0.0,0.0,0.0
confirmation,teacher,injection/orthogonal/layer5/eta0.01,300,9.645640219407755e-06,3.83046668345534e-05,-0.00047018396572803887,0.00048807850034218134,0.0009581798643577757
confirmation,teacher,injection/orthogonal/layer5/eta0.03,300,0.00012937680295035438,0.00020073717973363681,-0.0013048967977208415,0.0016034193864957553,0.002846088559608761
confirmation,teacher,injection/orthogonal/layer5/eta0.1,300,0.001602708549700736,0.001750585601085753,-0.003227541765828771,0.006586056055985098,0.011136753352608272
confirmation,teacher,injection/random/layer17/eta0,300,0.0,0.0,0.0,0.0,0.0
confirmation,teacher,injection/random/layer17/eta0.01,300,-7.986276916514232e-05,-2.986427367202879e-05,-0.0006680263309028205,0.00047435910682978595,0.0009778766181525284
confirmation,teacher,injection/random/layer17/eta0.03,300,-5.568805659126265e-05,0.00010359756589874508,-0.0018426151726189562,0.0015900904738058255,0.0031063139907957092
confirmation,teacher,injection/random/layer17/eta0.1,300,0.0019992869185513555,0.0024336867445097195,-0.0037884787311704138,0.007465783066636934,0.012751238364872972
confirmation,teacher,injection/random/layer29/eta0,300,0.0,0.0,0.0,0.0,0.0
confirmation,teacher,injection/random/layer29/eta0.01,300,5.593243790814882e-06,-2.9068293533925933e-05,-0.0006126005818524699,0.0006748634999192605,0.0012198996356153112
confirmation,teacher,injection/random/layer29/eta0.03,300,0.0003376099703163691,0.00018740075779712106,-0.0014950159027820498,0.00235099116648276,0.003996353449783926
confirmation,teacher,injection/random/layer29/eta0.1,300,0.00489472070733315,0.004338061715674212,-0.0014932700029508337,0.011372964213213582,0.017514562231349194
confirmation,teacher,injection/random/layer5/eta0,300,0.0,0.0,0.0,0.0,0.0
confirmation,teacher,injection/random/layer5/eta0.01,300,7.366122081484696e-06,2.7371203805517963e-05,-0.0004555334256389948,0.00047972070889210137,0.0009676490243025654
confirmation,teacher,injection/random/layer5/eta0.03,300,0.00012276458172640932,0.00017226211667999508,-0.0012991484694593535,0.001551185067244402,0.002913637236347349
confirmation,teacher,injection/random/layer5/eta0.1,300,0.0015827220436821147,0.0016013167974517101,-0.003210638451763964,0.0064193244994156,0.010995668125903513
confirmation,teacher,injection/sink/layer17/eta0,300,0.0,0.0,0.0,0.0,0.0
confirmation,teacher,injection/sink/layer17/eta0.01,300,0.00035941141290868827,0.0003158389114019439,-0.00044661994994156,0.0011082071018969919,0.0018783854687307764
confirmation,teacher,injection/sink/layer17/eta0.03,300,0.0013989606932089164,0.0014000239334707185,-0.0010159935538224347,0.0036410159013402746,0.005935768067367434
confirmation,teacher,injection/sink/layer17/eta0.1,300,0.008142891567875081,0.008271570280780943,0.0007127701766847625,0.015414906299020361,0.022352341404111374
confirmation,teacher,injection/sink/layer29/eta0,300,0.0,0.0,0.0,0.0,0.0
confirmation,teacher,injection/sink/layer29/eta0.01,300,2.241727275153001e-05,-1.3786976731668306e-05,-0.0007259263767032172,0.0008273612795852301,0.0013319270817313612
confirmation,teacher,injection/sink/layer29/eta0.03,300,0.0005406866412062266,0.0004727390088786291,-0.0017338850366787647,0.002891683203028882,0.004540877454862822
confirmation,teacher,injection/sink/layer29/eta0.1,300,0.0072996050133577635,0.007047855947900006,-0.00015458159559355008,0.014898108685110498,0.022508155642531995
confirmation,teacher,injection/sink/layer5/eta0,300,0.0,0.0,0.0,0.0,0.0
confirmation,teacher,injection/sink/layer5/eta0.01,300,-2.852216702727039e-05,-3.7636343888410434e-05,-0.0005977510467289,0.0004637635598971149,0.001075717595618542
confirmation,teacher,injection/sink/layer5/eta0.03,300,0.00010443194236440139,-1.6835730845533957e-05,-0.0016628700917161357,0.001608056346262534,0.0034421950813353554
confirmation,teacher,injection/sink/layer5/eta0.1,300,0.002642955694499174,0.002089793287862943,-0.0033041698726143424,0.008052728307528758,0.01446587419885351
confirmation,teacher,single_delete/layer17,300,0.022214926914764163,0.022096288485789862,0.007734411344753476,0.03517756499643401,0.04658605920986869
confirmation,teacher,single_delete/layer29,300,0.010059905723446193,0.007884528693251722,0.00011860224323009882,0.017067372329591764,0.030649098073403692
confirmation,teacher,single_delete/layer5,300,0.002793337247869748,0.0016592431256151575,-0.0018292130521080625,0.0054208124716450855,0.011432676240215154
confirmation,teacher,single_rescue/layer17,300,0.0,0.0,0.0,0.0,0.0
confirmation,teacher,single_rescue/layer29,300,0.0,0.0,0.0,0.0,0.0
confirmation,teacher,single_rescue/layer5,300,0.0,0.0,0.0,0.0,0.0
confirmation,C1/step500,all_delete/layer11,300,0.006532221616409582,0.00637877456785187,-0.0019724312729722873,0.015637390256866696,0.026039640171321363
confirmation,C1/step500,all_delete/layer19,300,0.006532221616409582,0.00637877456785187,-0.0019724312729722873,0.015637390256866696,0.026039640171321363
confirmation,C1/step500,all_delete/layer3,300,0.006532221616409582,0.00637877456785187,-0.0019724312729722873,0.015637390256866696,0.026039640171321363
confirmation,C1/step500,conditional_rescue/layer11,300,0.006125524525880188,0.0060532937838336616,-0.002209821085291585,0.014991489921029158,0.025029718594288274
confirmation,C1/step500,conditional_rescue/layer19,300,0.006296965631600127,0.006144155667522761,-0.002181090707854023,0.015300044863242802,0.02504354461910218
confirmation,C1/step500,conditional_rescue/layer3,300,0.006278488079081057,0.006021935170091044,-0.002072041428933932,0.014811373132420338,0.024932702132097383
confirmation,C1/step500,injection/non_sink/layer11/eta0,300,0.0,0.0,0.0,0.0,0.0
confirmation,C1/step500,injection/non_sink/layer11/eta0.01,300,-8.2138542115219e-05,-4.6196884996309054e-05,-0.0007632548414816068,0.0006341558741772269,0.0013305964432363435
confirmation,C1/step500,injection/non_sink/layer11/eta0.03,300,-7.092633585291585e-05,4.115067129060039e-06,-0.0021130118783064715,0.0020839661125123033,0.004113240880290359
confirmation,C1/step500,injection/non_sink/layer11/eta0.1,300,0.0018079128916182229,0.002022630586398868,-0.004987979498435193,0.008868480291892224,0.016035100981945136
confirmation,C1/step500,injection/non_sink/layer19/eta0,300,0.0,0.0,0.0,0.0,0.0
confirmation,C1/step500,injection/non_sink/layer19/eta0.01,300,3.999725101500984e-05,4.214189183993602e-05,-0.0008231561014971395,0.000860364418330155,0.0015765513022114915
confirmation,C1/step500,injection/non_sink/layer19/eta0.03,300,0.00035583395970462193,0.00042604461429625984,-0.0021731984896922675,0.0028240849652628264,0.004984998327540601
confirmation,C1/step500,injection/non_sink/layer19/eta0.1,300,0.003944665202944298,0.00436692725955032,-0.004525447454978162,0.012249173141839936,0.019290761872539378
confirmation,C1/step500,injection/non_sink/layer3/eta0,300,0.0,0.0,0.0,0.0,0.0
confirmation,C1/step500,injection/non_sink/layer3/eta0.01,300,7.773171572547575e-06,3.1028206892839566e-05,-0.00041529137318528544,0.0004909545417845718,0.0008275430033526087
confirmation,C1/step500,injection/non_sink/layer3/eta0.03,300,0.0001317683542807271,0.00023864385649913878,-0.0011680708156795953,0.0016076996570497048,0.002579603420467831
confirmation,C1/step500,injection/non_sink/layer3/eta0.1,300,0.001712148871634576,0.001952944778081939,-0.002872121615672675,0.006628201702448326,0.00990265973909634
confirmation,C1/step500,injection/orthogonal/layer11/eta0,300,0.0,0.0,0.0,0.0,0.0
confirmation,C1/step500,injection/orthogonal/layer11/eta0.01,300,-2.651264661253281e-05,-5.1633579524483264e-05,-0.00023547495443989913,0.000168875446469765,0.00035933246762733775
confirmation,C1/step500,injection/orthogonal/layer11/eta0.03,300,-7.004094561879716e-05,-0.0001350462906003937,-0.0006932836817944144,0.0005290114034817913,0.0010909313292015261
confirmation,C1/step500,injection/orthogonal/layer11/eta0.1,300,-0.00011613210042317708,-0.00032515037716843013,-0.0021809405229223054,0.001830499003252645,0.0038085036390409703
confirmation,C1/step500,injection/orthogonal/layer19/eta0,300,0.0,0.0,0.0,0.0,0.0
confirmation,C1/step500,injection/orthogonal/layer19/eta0.01,300,-4.729764042251066e-05,-5.911278912401575e-05,-0.00036169037105530266,0.00027776703121155266,0.0005223071481299214
confirmation,C1/step500,injection/orthogonal/layer19/eta0.03,300,-0.0001324025351857263,-0.00015808465912586122,-0.0010796043816513902,0.0008593581792876476,0.0015734695074126487
confirmation,C1/step500,injection/orthogonal/layer19/eta0.1,300,-0.00029611091914139395,-0.00033626406211552655,-0.0034804907370740035,0.0028277419683501474,0.005766734926719365
confirmation,C1/step500,injection/orthogonal/layer3/eta0,300,0.0,0.0,0.0,0.0,0.0
confirmation,C1/step500,injection/orthogonal/layer3/eta0.01,300,-1.1310527330934219e-05,-1.1789517139825295e-05,-0.00013590234471118356,0.00012145455427995817,0.0002301824374461738
confirmation,C1/step500,injection/orthogonal/layer3/eta0.03,300,-2.4937006432240403e-05,-2.2557776743971457e-05,-0.00039021799883504554,0.00037266138031726747,0.0007109724630521039
confirmation,C1/step500,injection/orthogonal/layer3/eta0.1,300,2.2997618347328168e-05,4.373385211614173e-05,-0.001188248161255844,0.001308260940191314,0.0025641794279804377
confirmation,C1/step500,injection/random/layer11/eta0,300,0.0,0.0,0.0,0.0,0.0
confirmation,C1/step500,injection/random/layer11/eta0.01,300,-2.6516150927606216e-05,-4.4965368556225395e-05,-0.000238388542115219,0.00017039982352669785,0.0003419410525344491
confirmation,C1/step500,injection/random/layer11/eta0.03,300,-6.994162331728798e-05,-0.00013792984128937008,-0.0006998317448172983,0.0005176424041507751,0.0010548388864111715
confirmation,C1/step500,injection/random/layer11/eta0.1,300,-0.00011461553298269356,-0.00030457504152312995,-0.0021566105639840676,0.0018901224211445005,0.00367664727639026
confirmation,C1/step500,injection/random/layer19/eta0,300,0.0,0.0,0.0,0.0,0.0
confirmation,C1/step500,injection/random/layer19/eta0.01,300,-4.73082534910187e-05,-5.580872062623032e-05,-0.0003696501724363312,0.00028716860793706936,0.0005238330270361713
confirmation,C1/step500,injection/random/layer19/eta0.03,300,-0.00013231162324039327,-0.00015171681802103837,-0.0010811062309685653,0.0008278944360928272,0.0015811499648206817
confirmation,C1/step500,injection/random/layer19/eta0.1,300,-0.00029454739387892675,-0.0003037340059055118,-0.003445722925381398,0.0028457791786494217,0.005670051875076895
confirmation,C1/step500,injection/random/layer3/eta0,300,0.0,0.0,0.0,0.0,0.0
confirmation,C1/step500,injection/random/layer3/eta0.01,300,-1.0846355768639272e-05,-6.668210968257874e-06,-0.0001399573378675566,0.00012898632860559178,0.00022813691867618126
confirmation,C1/step500,injection/random/layer3/eta0.03,300,-2.3305697703924706e-05,-3.919826717827264e-06,-0.0004165529266117126,0.00040790227454478347,0.0006952120563176675
confirmation,C1/step500,injection/random/layer3/eta0.1,300,3.1436810030399034e-05,9.440624807763288e-05,-0.0013124210627998892,0.001455832654096949,0.002445226954662894
confirmation,C1/step500,injection/sink/layer11/eta0,300,0.0,0.0,0.0,0.0,0.0
confirmation,C1/step500,injection/sink/layer11/eta0.01,300,-7.770247972543472e-05,-6.845429187684547e-05,-0.00047803863765686516,0.000356824379267655,0.0007280364749938484
confirmation,C1/step500,injection/sink/layer11/eta0.03,300,-0.00013055546077217644,-0.00010398804672121062,-0.0013569208580677904,0.0011650896447850023,0.0022490914412370837
confirmation,C1/step500,injection/sink/layer11/eta0.1,300,0.0007621048253978017,0.0007946284737173966,-0.003382374921182948,0.0051492105318805366,0.008995873158372292
confirmation,C1/step500,injection/sink/layer19/eta0,300,0.0,0.0,0.0,0.0,0.0
confirmation,C1/step500,injection/sink/layer19/eta0.01,300,-0.00014558626910832925,-0.0001929876372570128,-0.0007328874482883242,0.00033368088128998526,0.001057349978469489
confirmation,C1/step500,injection/sink/layer19/eta0.03,300,-0.00031448524455072996,-0.0004881310650682825,-0.0019688493623508246,0.0011772546242541215,0.0031910212959830233
confirmation,C1/step500,injection/sink/layer19/eta0.1,300,0.00039237815876958247,-0.00016547375776636319,-0.005276852705347257,0.0057261309285802165,0.012216390774944639
confirmation,C1/step500,injection/sink/layer3/eta0,300,0.0,0.0,0.0,0.0,0.0
confirmation,C1/step500,injection/sink/layer3/eta0.01,300,3.0105871165518373e-05,8.914977546751969e-05,-0.00038921926903912404,0.0004051839272806964,0.0007903211698757382
confirmation,C1/step500,injection/sink/layer3/eta0.03,300,0.0001764214383022679,0.0003318486251230315,-0.001101170937846026,0.001298393790177473,0.0024650814026359502
confirmation,C1/step500,injection/sink/layer3/eta0.1,300,0.0015959673103072198,0.002016442967212106,-0.0025096202459860975,0.005241018580639457,0.008723131314976014
confirmation,C1/step500,single_delete/layer11,300,2.6444662900108676e-05,3.89279343011811e-05,-0.00019013412355437992,0.0002702277476393332,0.0005509864626906991
confirmation,C1/step500,single_delete/layer19,300,2.9003213396848342e-05,8.860910971333663e-06,-0.00017140606256920522,0.0001707903043491634,0.00039770471768116425
confirmation,C1/step500,single_delete/layer3,300,6.660501475096374e-06,2.4450106883612205e-05,-0.0004309706800565945,0.0004962861068605438,0.0009332371508981301
confirmation,C1/step500,single_rescue/layer11,300,0.0,0.0,0.0,0.0,0.0
confirmation,C1/step500,single_rescue/layer19,300,0.0,0.0,0.0,0.0,0.0
confirmation,C1/step500,single_rescue/layer3,300,0.0,0.0,0.0,0.0,0.0
confirmation,C1/step2000,all_delete/layer11,300,0.014295290849340244,0.012236888014425443,0.001824033541942206,0.023597266730361097,0.03859450873427506
confirmation,C1/step2000,all_delete/layer19,300,0.014295290849340244,0.012236888014425443,0.001824033541942206,0.023597266730361097,0.03859450873427506
confirmation,C1/step2000,all_delete/layer3,300,0.014295290849340244,0.012236888014425443,0.001824033541942206,0.023597266730361097,0.03859450873427506
confirmation,C1/step2000,conditional_rescue/layer11,300,0.01304850365546119,0.01023282028558686,0.0014279282937838338,0.021502194442148286,0.03628424096295215
confirmation,C1/step2000,conditional_rescue/layer19,300,0.012997523280266389,0.011105304627906619,0.0011046627375084583,0.021567802729569083,0.03569143700787404
confirmation,C1/step2000,conditional_rescue/layer3,300,0.013898847234530711,0.011569030641570804,0.0018996816920483206,0.02377581408643347,0.0386756506491834
confirmation,C1/step2000,injection/non_sink/layer11/eta0,300,0.0,0.0,0.0,0.0,0.0
confirmation,C1/step2000,injection/non_sink/layer11/eta0.01,300,-6.336122047244094e-05,-1.4447790431225395e-05,-0.0006690438338152067,0.0005539721391332431,0.0010363210843304012
confirmation,C1/step2000,injection/non_sink/layer11/eta0.03,300,1.220597995547798e-05,0.00013856061800258365,-0.0017860818096971888,0.0017911430418960691,0.003326881588913325
confirmation,C1/step2000,injection/non_sink/layer11/eta0.1,300,0.0024097382052363997,0.002689902238019808,-0.003634715643454724,0.008419855373112236,0.013306147657980131
confirmation,C1/step2000,injection/non_sink/layer19/eta0,300,0.0,0.0,0.0,0.0,0.0
confirmation,C1/step2000,injection/non_sink/layer19/eta0.01,300,4.39409571369802e-05,3.864258293091781e-05,-0.0008762089286263533,0.00107175721896915,0.001827300064207063
confirmation,C1/step2000,injection/non_sink/layer19/eta0.03,300,0.0005558778357318068,0.0005690657247708539,-0.0022389043973186826,0.00363630760373093,0.006081955076202633
confirmation,C1/step2000,injection/non_sink/layer19/eta0.1,300,0.006812498988754793,0.006804458738312008,-0.002884234030415693,0.01764356057474932,0.024627430232491088
confirmation,C1/step2000,injection/non_sink/layer3/eta0,300,0.0,0.0,0.0,0.0,0.0
confirmation,C1/step2000,injection/non_sink/layer3/eta0.01,300,-9.062474168191745e-05,-5.447207473394439e-05,-0.0005761469443013349,0.0003804184320404774,0.0008840846264456204
confirmation,C1/step2000,injection/non_sink/layer3/eta0.03,300,-0.0001360919782182989,-6.51952788585753e-05,-0.001611311604657511,0.0012722766305517962,0.0027767061248539014
confirmation,C1/step2000,injection/non_sink/layer3/eta0.1,300,0.0011578027219597124,0.0012470755990095965,-0.00408647942730761,0.006222687368317852,0.0106463845320574
confirmation,C1/step2000,injection/orthogonal/layer11/eta0,300,0.0,0.0,0.0,0.0,0.0
confirmation,C1/step2000,injection/orthogonal/layer11/eta0.01,300,-1.4910510205847071e-05,-1.510860413078248e-05,-0.00039270355945497047,0.00030772892508919785,0.0006931755486435778
confirmation,C1/step2000,injection/orthogonal/layer11/eta0.03,300,1.5664138193205585e-05,3.287548155296506e-05,-0.001094577819343627,0.0009643975205308809,0.002150365874523254
confirmation,C1/step2000,injection/orthogonal/layer11/eta0.1,300,0.0007731229426666821,0.0009694287157434179,-0.003072821249173382,0.00394765598567452,0.007886496115857223
confirmation,C1/step2000,injection/orthogonal/layer19/eta0,300,0.0,0.0,0.0,0.0,0.0
confirmation,C1/step2000,injection/orthogonal/layer19/eta0.01,300,-1.019860815814161e-05,-2.035005824772392e-05,-0.00034397605835922117,0.00033394370492049086,0.0006281034214290113
confirmation,C1/step2000,injection/orthogonal/layer19/eta0.03,300,4.063398506384822e-05,1.213494248277559e-05,-0.0009867750753567912,0.0010759023230845534,0.001954332486851011
confirmation,C1/step2000,injection/orthogonal/layer19/eta0.1,300,0.0009753270286900478,0.0009902143102931225,-0.0024476689616526204,0.004491828558013195,0.007298131627360675
confirmation,C1/step2000,injection/orthogonal/layer3/eta0,300,0.0,0.0,0.0,0.0,0.0
confirmation,C1/step2000,injection/orthogonal/layer3/eta0.01,300,-1.57251132754829e-05,-2.4359995924581694e-05,-0.0003063697514571543,0.0002717295969565084,0.000580191424512488
confirmation,C1/step2000,injection/orthogonal/layer3/eta0.03,300,1.1530648379188198e-05,-2.7033287709153495e-07,-0.0008348029429518331,0.0008780787310262364,0.001791820375938117
confirmation,C1/step2000,injection/orthogonal/layer3/eta0.1,300,0.0007361629315874395,0.0007724912147822342,-0.0019196562879667508,0.0037011424387533836,0.006793759563776453
confirmation,C1/step2000,injection/random/layer11/eta0,300,0.0,0.0,0.0,0.0,0.0
confirmation,C1/step2000,injection/random/layer11/eta0.01,300,-1.392629828665826e-05,-1.090342604269193e-05,-0.0003839327594426673,0.00030544611412709153,0.0006775803453340307
confirmation,C1/step2000,injection/random/layer11/eta0.03,300,1.8768360608518903e-05,5.277498500553642e-05,-0.0011081545371708908,0.0009754661499984621,0.002099017646369033
confirmation,C1/step2000,injection/random/layer11/eta0.1,300,0.0007839222404900499,0.0009397071177565206,-0.0031151433629313793,0.00398147012305072,0.007655890156903607
confirmation,C1/step2000,injection/random/layer19/eta0,300,0.0,0.0,0.0,0.0,0.0
confirmation,C1/step2000,injection/random/layer19/eta0.01,300,-9.902543596082472e-06,-1.540897399421752e-05,-0.000358701690914124,0.0003201792559285802,0.0006063716618094866
confirmation,C1/step2000,injection/random/layer19/eta0.03,300,4.1720723229756194e-05,4.020450622078002e-05,-0.0010040012870247907,0.0010469541774960015,0.0018790748175673633
confirmation,C1/step2000,injection/random/layer19/eta0.1,300,0.000980988499999359,0.0009302604855514887,-0.0025779994453970843,0.004430658235324649,0.007311615230530271
confirmation,C1/step2000,injection/random/layer3/eta0,300,0.0,0.0,0.0,0.0,0.0
confirmation,C1/step2000,injection/random/layer3/eta0.01,300,-1.2320420873446727e-05,-2.5997011680302655e-05,-0.0003208475788747232,0.0003274406973771223,0.0005840902253398745
confirmation,C1/step2000,injection/random/layer3/eta0.03,300,2.1924046393767434e-05,-1.0542982206569882e-05,-0.0009094748910017839,0.001040135781596026,0.001787507064699189
confirmation,C1/step2000,injection/random/layer3/eta0.1,300,0.0007740949395447578,0.0008141825518270177,-0.0025034401360459215,0.004196647583968996,0.006841512364665355
confirmation,C1/step2000,injection/sink/layer11/eta0,300,0.0,0.0,0.0,0.0,0.0
confirmation,C1/step2000,injection/sink/layer11/eta0.01,300,7.815178297948963e-05,9.376045287124754e-05,-0.0006160886268916092,0.0008023104329747478,0.0012887759471502838
confirmation,C1/step2000,injection/sink/layer11/eta0.03,300,0.0004778303311565729,0.0005360851137656865,-0.0016005658727931225,0.002639094675619771,0.004167848121462845
confirmation,C1/step2000,injection/sink/layer11/eta0.1,300,0.004411800164250251,0.004106806957815576,-0.002609973817359744,0.011565441221702756,0.01673403462087076
confirmation,C1/step2000,injection/sink/layer19/eta0,300,0.0,0.0,0.0,0.0,0.0
confirmation,C1/step2000,injection/sink/layer19/eta0.01,300,9.527707037337495e-05,0.00011882631797490158,-0.0005159978791484682,0.0007206473763533464,0.0014037755530650223
confirmation,C1/step2000,injection/sink/layer19/eta0.03,300,0.0005686364461743613,0.0006240784652589813,-0.0012885566771499754,0.002443666533222349,0.004469470527228411
confirmation,C1/step2000,injection/sink/layer19/eta0.1,300,0.0051831519760171885,0.005153490802434485,-0.0007737227312223178,0.011612704419714258,0.018611937995970725
confirmation,C1/step2000,injection/sink/layer3/eta0,300,0.0,0.0,0.0,0.0,0.0
confirmation,C1/step2000,injection/sink/layer3/eta0.01,300,0.00017591566551388718,0.00013878589540015993,-0.0003618405559870202,0.0007622410931925135,0.001322336271991881
confirmation,C1/step2000,injection/sink/layer3/eta0.03,300,0.0007094751192828802,0.0006552268200971949,-0.0009394518033726009,0.002376736618402436,0.0041150100587859905
confirmation,C1/step2000,injection/sink/layer3/eta0.1,300,0.0045053066043403206,0.004224041315514272,-0.001173958065002922,0.009798515500046137,0.01643306702140748
confirmation,C1/step2000,single_delete/layer11,300,0.00024963288795290967,0.0002919444887656865,-0.0006790461502675935,0.0010407590490626537,0.0024005499411755673
confirmation,C1/step2000,single_delete/layer19,300,0.00010756980715774175,0.00010388291726900837,-0.0004827544445127953,0.0005688629751130352,0.0012460903858575298
confirmation,C1/step2000,single_delete/layer3,300,-2.22127018325285e-05,1.961415208230807e-05,-0.0004015644704263041,0.00039081122931532977,0.000754408949003445
confirmation,C1/step2000,single_rescue/layer11,300,0.0,0.0,0.0,0.0,0.0
confirmation,C1/step2000,single_rescue/layer19,300,0.0,0.0,0.0,0.0,0.0
confirmation,C1/step2000,single_rescue/layer3,300,0.0,0.0,0.0,0.0,0.0
confirmation,C1/step10000,all_delete/layer11,300,0.0622803442496953,0.04817196703332616,0.023429187264029434,0.08250886811984806,0.13074424323134537
confirmation,C1/step10000,all_delete/layer19,300,0.0622803442496953,0.04817196703332616,0.023429187264029434,0.08250886811984806,0.13074424323134537
confirmation,C1/step10000,all_delete/layer3,300,0.0622803442496953,0.04817196703332616,0.023429187264029434,0.08250886811984806,0.13074424323134537
confirmation,C1/step10000,conditional_rescue/layer11,300,0.05959839454160274,0.04749342400257982,0.022517797515148253,0.0792318704560047,0.1190016829122709
confirmation,C1/step10000,conditional_rescue/layer19,300,0.0554849746659046,0.04354446891724594,0.019405594022255244,0.07661398940199003,0.11333805294487423
confirmation,C1/step10000,conditional_rescue/layer3,300,0.06167690881593959,0.047647235900398315,0.02250630836787186,0.08137811075045367,0.12924580311212014
confirmation,C1/step10000,injection/non_sink/layer11/eta0,300,0.0,0.0,0.0,0.0,0.0
confirmation,C1/step10000,injection/non_sink/layer11/eta0.01,300,0.00014101121056424038,1.3441551388718013e-05,-0.0007047390374611682,0.0008297567292461245,0.001533146355095811
confirmation,C1/step10000,injection/non_sink/layer11/eta0.03,300,0.0007340675013584728,0.00026419031338428887,-0.0017191744226170338,0.002790920377716305,0.004952050757220412
confirmation,C1/step10000,injection/non_sink/layer11/eta0.1,300,0.006209844253820384,0.004127179543803057,-0.002279807263471949,0.013505762956273837,0.021250555083507636
confirmation,C1/step10000,injection/non_sink/layer19/eta0,300,0.0,0.0,0.0,0.0,0.0
confirmation,C1/step10000,injection/non_sink/layer19/eta0.01,300,7.390909620470262e-05,0.00012544947346364418,-0.0006791212427334522,0.000921643625094196,0.0016704409141240157
confirmation,C1/step10000,injection/non_sink/layer19/eta0.03,300,0.0006687375942240237,0.0008259570504736712,-0.0015979301272414802,0.003233474070631613,0.005403323436346582
confirmation,C1/step10000,injection/non_sink/layer19/eta0.1,300,0.0074581471265457435,0.008104622833372101,-0.0001943017554095411,0.015859010651355653,0.02305982694851132
confirmation,C1/step10000,injection/non_sink/layer3/eta0,300,0.0,0.0,0.0,0.0,0.0
confirmation,C1/step10000,injection/non_sink/layer3/eta0.01,300,5.0462900497156184e-05,5.206911582646408e-05,-0.0005272842767670399,0.0005396144596610483,0.0010305419681579113
confirmation,C1/step10000,injection/non_sink/layer3/eta0.03,300,0.0003150500024710427,0.0003274406973771223,-0.0014512332405630997,0.0017785049798920399,0.0032840428389902207
confirmation,C1/step10000,injection/non_sink/layer3/eta0.1,300,0.0029831728972787934,0.0029478148212583044,-0.0028858222360686053,0.008011247229388379,0.013125159796767349
confirmation,C1/step10000,injection/orthogonal/layer11/eta0,300,0.0,0.0,0.0,0.0,0.0
confirmation,C1/step10000,injection/orthogonal/layer11/eta0.01,300,5.633245302936224e-05,1.6760638379675198e-05,-0.0005158702219565084,0.0006791662982129675,0.0012361361285832932
confirmation,C1/step10000,injection/orthogonal/layer11/eta0.03,300,0.0003562590206076154,0.00021593589482344982,-0.001318736339178611,0.0022097760298120696,0.003941753717858022
confirmation,C1/step10000,injection/orthogonal/layer11/eta0.1,300,0.0034244585537847884,0.0028640867218257876,-0.002682483102392963,0.009343075939989466,0.014786709762933692
confirmation,C1/step10000,injection/orthogonal/layer19/eta0,300,0.0,0.0,0.0,0.0,0.0
confirmation,C1/step10000,injection/orthogonal/layer19/eta0.01,300,3.394906602193677e-05,1.5146150363711859e-05,-0.00042297333244263656,0.00044638716329739787,0.0008535610409233517
confirmation,C1/step10000,injection/orthogonal/layer19/eta0.03,300,0.00025291211335990685,0.00019584115095964565,-0.0011115186796413633,0.0015033887127253013,0.0027052661565345106
confirmation,C1/step10000,injection/orthogonal/layer19/eta0.1,300,0.0026124628948101538,0.0024766095979945864,-0.0017568558219849596,0.006799344941387026,0.010547379621370572
confirmation,C1/step10000,injection/orthogonal/layer3/eta0,300,0.0,0.0,0.0,0.0,0.0
confirmation,C1/step10000,injection/orthogonal/layer3/eta0.01,300,3.388864161774242e-05,1.5288826048843504e-05,-0.00037891658272330215,0.0004883488332192729,0.0009198076143039494
confirmation,C1/step10000,injection/orthogonal/layer3/eta0.03,300,0.00024899661697427747,0.00021626630167322834,-0.0010064605652816653,0.0015824085145484743,0.002891456423781989
confirmation,C1/step10000,injection/orthogonal/layer3/eta0.1,300,0.002560432176264565,0.0024445150780865524,-0.0015771970974178765,0.0067525848628967764,0.01193860572154128
confirmation,C1/step10000,injection/random/layer11/eta0,300,0.0,0.0,0.0,0.0,0.0
confirmation,C1/step10000,injection/random/layer11/eta0.01,300,5.8130416970240475e-05,-5.091269185223917e-06,-0.0005064085712583046,0.0006755393321119893,0.00123707328255721
confirmation,C1/step10000,injection/random/layer11/eta0.03,300,0.000361776827514328,0.00019928038589597688,-0.0013065413227231484,0.002237162252110759,0.003925674919068346
confirmation,C1/step10000,injection/random/layer11/eta0.1,300,0.003444605549489419,0.0031070258673720473,-0.0026676973958653727,0.009291769012691468,0.014947276228056182
confirmation,C1/step10000,injection/random/layer19/eta0,300,0.0,0.0,0.0,0.0,0.0
confirmation,C1/step10000,injection/random/layer19/eta0.01,300,3.4549017277915336e-05,1.1143721933439961e-05,-0.00041774689681886687,0.000459520835576095,0.0008514614555779406
confirmation,C1/step10000,injection/random/layer19/eta0.03,300,0.0002547083251432484,0.0002097783126230315,-0.0010864227775513656,0.0015520261028620203,0.0026969098669337483
confirmation,C1/step10000,injection/random/layer19/eta0.1,300,0.0026194888462857625,0.002469490832231176,-0.0017610459815798783,0.007058196180448758,0.010537845881905145
confirmation,C1/step10000,injection/random/layer3/eta0,300,0.0,0.0,0.0,0.0,0.0
confirmation,C1/step10000,injection/random/layer3/eta0.01,300,3.4362312376968504e-05,4.5205664446973426e-05,-0.0003931991697296383,0.00048789076917753443,0.0009068316362035559
confirmation,C1/step10000,injection/random/layer3/eta0.03,300,0.0002510803077477483,0.00026201263187438484,-0.001020221259650283,0.001594851336141271,0.002764496089905266
confirmation,C1/step10000,injection/random/layer3/eta0.1,300,0.0025746386946029864,0.002880411823903482,-0.0016016096580685592,0.006582973510261596,0.011548449298528244
confirmation,C1/step10000,injection/sink/layer11/eta0,300,0.0,0.0,0.0,0.0,0.0
confirmation,C1/step10000,injection/sink/layer11/eta0.01,300,-5.231778452715536e-05,-3.647991991418553e-05,-0.0008599964652474471,0.0008026108028381828,0.0016605106864388544
confirmation,C1/step10000,injection/sink/layer11/eta0.03,300,0.0002765202835163107,0.0002852462408110851,-0.0022024244774044967,0.0027703563059408836,0.0054486282228484876
confirmation,C1/step10000,injection/sink/layer11/eta0.1,300,0.006049955360532745,0.006003657663901022,-0.003336778775913509,0.015379410090408925,0.02345631216454695
confirmation,C1/step10000,injection/sink/layer19/eta0,300,0.0,0.0,0.0,0.0,0.0
confirmation,C1/step10000,injection/sink/layer19/eta0.01,300,0.0002866931599894847,0.00018926305095041832,-0.00028780689389686884,0.0008261447816383181,0.001516408244455894
confirmation,C1/step10000,injection/sink/layer19/eta0.03,300,0.0011569960912068684,0.0008264826977346827,-0.0005934557576817791,0.002790886586106668,0.004884278304933565
confirmation,C1/step10000,injection/sink/layer19/eta0.1,300,0.00720494295355529,0.006194212305264211,0.0014963675671675074,0.013028340076837014,0.019163888645923045
confirmation,C1/step10000,injection/sink/layer3/eta0,300,0.0,0.0,0.0,0.0,0.0
confirmation,C1/step10000,injection/sink/layer3/eta0.01,300,0.00015730008052715791,0.00016945365845687747,-0.00034737774706262303,0.000741260258231576,0.001281467948372909
confirmation,C1/step10000,injection/sink/layer3/eta0.03,300,0.0006619409250775034,0.0006574045016070988,-0.0009127564317598117,0.0023669745978407973,0.00404410174512488
confirmation,C1/step10000,injection/sink/layer3/eta0.1,300,0.004420619912034883,0.004011184211791031,-0.0013183608768493173,0.009752588947926919,0.015423851313553458
confirmation,C1/step10000,single_delete/layer11,300,0.0008931524171603946,0.00045220682940145173,-0.0013310439943328618,0.0026578602828378753,0.005627360306386875
confirmation,C1/step10000,single_delete/layer19,300,0.000543538791926827,0.0005960839939868356,-0.000807867275448296,0.0018130324956938976,0.003171082744448204
confirmation,C1/step10000,single_delete/layer3,300,0.00011121047763373908,0.00020058699480191927,-0.0007741958137572281,0.0012073141383373831,0.0018785011111282007
confirmation,C1/step10000,single_rescue/layer11,300,0.0,0.0,0.0,0.0,0.0
confirmation,C1/step10000,single_rescue/layer19,300,0.0,0.0,0.0,0.0,0.0
confirmation,C1/step10000,single_rescue/layer3,300,0.0,0.0,0.0,0.0,0.0
confirmation,C2/step500,all_delete/layer11,300,0.01414816788801058,0.013944145262710692,-0.004390078266774576,0.03171123294379767,0.050843087143785375
confirmation,C2/step500,all_delete/layer19,300,0.01414816788801058,0.013944145262710692,-0.004390078266774576,0.03171123294379767,0.050843087143785375
confirmation,C2/step500,all_delete/layer3,300,0.01414816788801058,0.013944145262710692,-0.004390078266774576,0.03171123294379767,0.050843087143785375
confirmation,C2/step500,conditional_rescue/layer11,300,0.013427683412246504,0.01314022034171998,-0.003636743140032911,0.029968637181079297,0.0483964274248739
confirmation,C2/step500,conditional_rescue/layer19,300,0.014255863299832881,0.013528238131305364,-0.004042542825533649,0.03162460627518301,0.049860273946927304
confirmation,C2/step500,conditional_rescue/layer3,300,0.011254448677924049,0.010925383079709031,-0.006395114688422737,0.02915306541863389,0.045377713301050386
confirmation,C2/step500,injection/non_sink/layer11/eta0,300,0.0,0.0,0.0,0.0,0.0
confirmation,C2/step500,injection/non_sink/layer11/eta0.01,300,-3.050736554964321e-05,-3.6104457584891736e-05,-0.0005500072569359007,0.0005681195597010335,0.001137200302965059
confirmation,C2/step500,injection/non_sink/layer11/eta0.03,300,5.860716652056678e-05,3.867261991726132e-05,-0.001508382361704909,0.001847469900536725,0.003488435519961861
confirmation,C2/step500,injection/non_sink/layer11/eta0.1,300,0.0019461699358121617,0.0018119361456923598,-0.0034035810335414614,0.007864058487058624,0.01391126377376046
confirmation,C2/step500,injection/non_sink/layer19/eta0,300,0.0,0.0,0.0,0.0,0.0
confirmation,C2/step500,injection/non_sink/layer19/eta0.01,300,-1.4858295911253267e-06,2.6973213736466535e-05,-0.0007380237729530635,0.0006946503646730438,0.0015498784583384607
confirmation,C2/step500,injection/non_sink/layer19/eta0.03,300,0.00016257258537873194,0.0003169803168829971,-0.001990430937038632,0.002219147569551243,0.004748565193236347
confirmation,C2/step500,injection/non_sink/layer19/eta0.1,300,0.0025090998051360523,0.002802450825848917,-0.004926666500061515,0.009146082119678888,0.016946038674181856
confirmation,C2/step500,injection/non_sink/layer3/eta0,300,0.0,0.0,0.0,0.0,0.0
confirmation,C2/step500,injection/non_sink/layer3/eta0.01,300,-4.10478446740178e-05,-3.9588748000738186e-05,-0.0004323824184147392,0.0003326896607406496,0.0007774112731453005
confirmation,C2/step500,injection/non_sink/layer3/eta0.03,300,-4.6636225983226705e-05,-3.0938095933809054e-05,-0.0011958625372939223,0.0010775318295936885,0.0024292532853254192
confirmation,C2/step500,injection/non_sink/layer3/eta0.1,300,0.0007323401743971456,0.0006775142639640748,-0.003056668859767163,0.004351007656788262,0.009025135190468138
confirmation,C2/step500,injection/orthogonal/layer11/eta0,300,0.0,0.0,0.0,0.0,0.0
confirmation,C2/step500,injection/orthogonal/layer11/eta0.01,300,-2.5052748952950703e-05,-4.185654046967273e-05,-0.00022817596675842766,0.0001874157762902928,0.00037483155258058573
confirmation,C2/step500,injection/orthogonal/layer11/eta0.03,300,-7.137649015491714e-05,-0.00011670871043768455,-0.0006878469872662402,0.0005554439514640748,0.0011268976166492373
confirmation,C2/step500,injection/orthogonal/layer11/eta0.1,300,-0.00018697983949516076,-0.00028880562369279034,-0.0022105419729638288,0.001990400900052288,0.003732948603592526
confirmation,C2/step500,injection/orthogonal/layer19/eta0,300,0.0,0.0,0.0,0.0,0.0
confirmation,C2/step500,injection/orthogonal/layer19/eta0.01,300,-3.441067192498154e-05,-5.6950126107283465e-05,-0.00035924235666830704,0.0002574319914570005,0.0005793654073880418
confirmation,C2/step500,injection/orthogonal/layer19/eta0.03,300,-0.00010198257726634268,-0.00017574640709584153,-0.00107865821658157,0.0008117045004536786,0.0018159881351500985
confirmation,C2/step500,injection/orthogonal/layer19/eta0.1,300,-0.00029002993125615164,-0.0005011520986481914,-0.003287247785433071,0.0030911663385826773,0.0058613934854822875
confirmation,C2/step500,injection/orthogonal/layer3/eta0,300,0.0,0.0,0.0,0.0,0.0
confirmation,C2/step500,injection/orthogonal/layer3/eta0.01,300,-2.0516963768505985e-05,-1.564926988496555e-05,-0.0001749128807248093,0.0001336645892285925,0.0002910794235589937
confirmation,C2/step500,injection/orthogonal/layer3/eta0.03,300,-4.396093173289862e-05,-3.625464251660925e-05,-0.0004987791767270546,0.0004159672053780143,0.0008965860201617866
confirmation,C2/step500,injection/orthogonal/layer3/eta0.1,300,5.9882937453863194e-05,2.1927000030757876e-05,-0.001552341491218627,0.001682521790031373,0.0032287417434331946
confirmation,C2/step500,injection/random/layer11/eta0,300,0.0,0.0,0.0,0.0,0.0
confirmation,C2/step500,injection/random/layer11/eta0.01,300,-2.3676454238691354e-05,-3.023222675473671e-05,-0.00022064419243279405,0.00018695771224855437,0.00038530244601993113
confirmation,C2/step500,injection/random/layer11/eta0.03,300,-6.717151231340223e-05,-8.99908110851378e-05,-0.0006585383978415662,0.0005549258134496494,0.0011236896665077513
confirmation,C2/step500,injection/random/layer11/eta0.1,300,-0.00017140786478838583,-0.0002971859428826279,-0.002178597637987512,0.001936364361620325,0.003954062874861591
confirmation,C2/step500,injection/random/layer19/eta0,300,0.0,0.0,0.0,0.0,0.0
confirmation,C2/step500,injection/random/layer19/eta0.01,300,-3.6246432407008696e-05,-5.6559645284817915e-05,-0.00036413838544229827,0.0002469040277436024,0.0005864661509596458
confirmation,C2/step500,injection/random/layer19/eta0.03,300,-0.00010744390212331857,-0.00017427459476500984,-0.0010795217799389456,0.0007609570120263288,0.0017712930994709653
confirmation,C2/step500,injection/random/layer19/eta0.1,300,-0.0003075535090889518,-0.00047556058628352605,-0.0033322582094688115,0.002897653054064653,0.006072066900298352
confirmation,C2/step500,injection/random/layer3/eta0,300,0.0,0.0,0.0,0.0,0.0
confirmation,C2/step500,injection/random/layer3/eta0.01,300,-1.7461501394356956e-05,-7.268950695127953e-06,-0.00018312048724317175,0.00014814241664616143,0.0003081494428980069
confirmation,C2/step500,injection/random/layer3/eta0.03,300,-3.40725555820415e-05,-1.7826951394869585e-05,-0.0005283806267685777,0.00045081010953647885,0.0009409927007720226
confirmation,C2/step500,injection/random/layer3/eta0.1,300,0.00010116537099122376,0.0001457094207523376,-0.0016173565481591413,0.0016727597694697342,0.0033409419022207188
confirmation,C2/step500,injection/sink/layer11/eta0,300,0.0,0.0,0.0,0.0,0.0
confirmation,C2/step500,injection/sink/layer11/eta0.01,300,-0.00037425644441539533,-0.00030715822234867124,-0.0008392709446704294,0.00010704431008166216,0.0005008126807025103
confirmation,C2/step500,injection/sink/layer11/eta0.03,300,-0.0010090375885250062,-0.0007964306928980069,-0.002434317521222933,0.00047632652943528544,0.0015992292269008375
confirmation,C2/step500,injection/sink/layer11/eta0.1,300,-0.002013302199796742,-0.0015734574926181103,-0.007177045026163417,0.003110074621485913,0.007110253281480685
confirmation,C2/step500,injection/sink/layer19/eta0,300,0.0,0.0,0.0,0.0,0.0
confirmation,C2/step500,injection/sink/layer19/eta0.01,300,-0.0004942770329673146,-0.0004891823595903051,-0.0010202362781434548,4.0745171974963096e-05,0.0006491052822803889
confirmation,C2/step500,injection/sink/layer19/eta0.03,300,-0.001413720398750205,-0.0013886248971533587,-0.002949301652082308,0.0001758815735343873,0.001963475745493973
confirmation,C2/step500,injection/sink/layer19/eta0.1,300,-0.003872074918171239,-0.0035785765159787155,-0.008725384088951772,0.0015843909556471456,0.00661094845749263
confirmation,C2/step500,injection/sink/layer3/eta0,300,0.0,0.0,0.0,0.0,0.0
confirmation,C2/step500,injection/sink/layer3/eta0.01,300,0.00011853946475532111,9.975283164677658e-05,-0.00026536175585168553,0.0004672403410663755,0.0008208928145761569
confirmation,C2/step500,injection/sink/layer3/eta0.03,300,0.0004621205367441253,0.00037122711421936516,-0.0006772889865664985,0.0015104849507489543,0.002609451173797367
confirmation,C2/step500,injection/sink/layer3/eta0.1,300,0.0027469580943190208,0.0023626192348209893,-0.0010542081096979578,0.00631225766159418,0.010344002190537348
confirmation,C2/step500,single_delete/layer11,300,-0.0010784009998551817,-0.0007173132708692175,-0.0026811164195143333,0.0007477557565283587,0.0020461976058839815
confirmation,C2/step500,single_delete/layer19,300,-0.000749876968503937,-0.0007073409914031743,-0.0016029838501937746,0.00011370501180333416,0.0009956179641363195
confirmation,C2/step500,single_delete/layer3,300,0.0002674325056902067,0.0003586716539277805,-0.0005938912939837598,0.0010922499529020053,0.0021275738092858022
confirmation,C2/step500,single_rescue/layer11,300,0.0,0.0,0.0,0.0,0.0
confirmation,C2/step500,single_rescue/layer19,300,0.0,0.0,0.0,0.0,0.0
confirmation,C2/step500,single_rescue/layer3,300,0.0,0.0,0.0,0.0,0.0
confirmation,C2/step2000,all_delete/layer11,300,0.038781058143755896,0.03838825976754737,0.015965003666915292,0.059359843336691066,0.07702599172517072
confirmation,C2/step2000,all_delete/layer19,300,0.038781058143755896,0.03838825976754737,0.015965003666915292,0.059359843336691066,0.07702599172517072
confirmation,C2/step2000,all_delete/layer3,300,0.038781058143755896,0.03838825976754737,0.015965003666915292,0.059359843336691066,0.07702599172517072
confirmation,C2/step2000,conditional_rescue/layer11,300,0.03516791015785197,0.03502249529981238,0.013148548096183717,0.05477544829601378,0.0736385555717889
confirmation,C2/step2000,conditional_rescue/layer19,300,0.035190638444555083,0.03540372473048413,0.013933512169545092,0.05551000279704417,0.07148836691548505
confirmation,C2/step2000,conditional_rescue/layer3,300,0.036252409416859546,0.03630115478996217,0.013486862182617188,0.05641449905755951,0.0736637205589475
confirmation,C2/step2000,injection/non_sink/layer11/eta0,300,0.0,0.0,0.0,0.0,0.0
confirmation,C2/step2000,injection/non_sink/layer11/eta0.01,300,-1.98818817539165e-05,-2.8054545244832675e-05,-0.0006913763331616019,0.0007454504178264949,0.001428210641455463
confirmation,C2/step2000,injection/non_sink/layer11/eta0.03,300,0.00023549257613855395,0.00020187858521468997,-0.0017140456071988806,0.0025652862909271964,0.00459583612877553
confirmation,C2/step2000,injection/non_sink/layer11/eta0.1,300,0.004241454106929108,0.0042929011067067546,-0.002460239440437377,0.011680452842412032,0.019425192404919724
confirmation,C2/step2000,injection/non_sink/layer19/eta0,300,0.0,0.0,0.0,0.0,0.0
confirmation,C2/step2000,injection/non_sink/layer19/eta0.01,300,5.988183609769725e-05,5.603399802380659e-05,-0.0006901748537078618,0.0009112620916892224,0.001678665040984868
confirmation,C2/step2000,injection/non_sink/layer19/eta0.03,300,0.0005528351390768537,0.0005191142164816067,-0.0017575842189037894,0.0030784531841127893,0.005479100745493972
confirmation,C2/step2000,injection/non_sink/layer19/eta0.1,300,0.006219372636689914,0.0061683354415292815,-0.002190184405469519,0.013886324063999447,0.023284533643347077
confirmation,C2/step2000,injection/non_sink/layer3/eta0,300,0.0,0.0,0.0,0.0,0.0
confirmation,C2/step2000,injection/non_sink/layer3/eta0.01,300,3.52349368918912e-05,-3.5248403474101865e-05,-0.00035434632789431593,0.00048750028835506886,0.0008496291994109867
confirmation,C2/step2000,injection/non_sink/layer3/eta0.03,300,0.00019350988032623852,-2.362408975916585e-05,-0.0009784698486328125,0.0015936723844272884,0.002642254566583108
confirmation,C2/step2000,injection/non_sink/layer3/eta0.1,300,0.0016701675775482898,0.000999270461675689,-0.002130478385865219,0.006354346988708015,0.009910030815545033
confirmation,C2/step2000,injection/orthogonal/layer11/eta0,300,0.0,0.0,0.0,0.0,0.0
confirmation,C2/step2000,injection/orthogonal/layer11/eta0.01,300,2.7280642291692298e-05,-2.05753356453002e-06,-0.00032144831860159324,0.00034699477548674333,0.0006813920389010218
confirmation,C2/step2000,injection/orthogonal/layer11/eta0.03,300,0.0001424553137751702,8.129510353869341e-05,-0.0008742189782810962,0.0011032509991503138,0.0020736273818128706
confirmation,C2/step2000,injection/orthogonal/layer11/eta0.1,300,0.0011932662903793216,0.0011620559091643085,-0.002186812753752461,0.004423569506547582,0.007283458559531869
confirmation,C2/step2000,injection/orthogonal/layer19/eta0,300,0.0,0.0,0.0,0.0,0.0
confirmation,C2/step2000,injection/orthogonal/layer19/eta0.01,300,-1.926437137633797e-05,-4.463496170644685e-05,-0.00038905406561423475,0.0003065574826218012,0.000611568060446912
confirmation,C2/step2000,injection/orthogonal/layer19/eta0.03,300,1.815875997067749e-05,-3.069780004306102e-05,-0.0010621078371062993,0.0010013580322265625,0.001915644848440576
confirmation,C2/step2000,injection/orthogonal/layer19/eta0.1,300,0.0009538597447352772,0.0008401495265209769,-0.002461741289754552,0.004260325995017225,0.007389837550366022
confirmation,C2/step2000,injection/orthogonal/layer3/eta0,300,0.0,0.0,0.0,0.0,0.0
confirmation,C2/step2000,injection/orthogonal/layer3/eta0.01,300,8.853401724747795e-07,5.241454116941438e-06,-0.0003150279127706693,0.0003861404779389149,0.0006955154298797369
confirmation,C2/step2000,injection/orthogonal/layer3/eta0.03,300,8.254143822537319e-05,0.00010194553164985236,-0.000898751686877153,0.00123669031098133,0.0021963705228069635
confirmation,C2/step2000,injection/orthogonal/layer3/eta0.1,300,0.0012207000211780776,0.0013952330341489296,-0.002331320695051058,0.005067254614642286,0.007750356478953928
confirmation,C2/step2000,injection/random/layer11/eta0,300,0.0,0.0,0.0,0.0,0.0
confirmation,C2/step2000,injection/random/layer11/eta0.01,300,2.6883853702094612e-05,-6.097508227731299e-06,-0.0003255033117579663,0.0003324944203294168,0.0006873934287724534
confirmation,C2/step2000,injection/random/layer11/eta0.03,300,0.00014137228017091125,7.294482133519931e-05,-0.0009509709876353346,0.001088630496047613,0.0020706116683839814
confirmation,C2/step2000,injection/random/layer11/eta0.1,300,0.0011906377537044014,0.0012226555291123277,-0.002108806700218381,0.004501004857341136,0.007295407272699312
confirmation,C2/step2000,injection/random/layer19/eta0,300,0.0,0.0,0.0,0.0,0.0
confirmation,C2/step2000,injection/random/layer19/eta0.01,300,-1.7875060634663097e-05,-3.6930474709338096e-05,-0.0003783984447088767,0.00029955886480376474,0.0006187709297720842
confirmation,C2/step2000,injection/random/layer19/eta0.03,300,2.2308820188827714e-05,-3.6645123339074806e-06,-0.0010252073993833046,0.0009800092441829172,0.001935433215043677
confirmation,C2/step2000,injection/random/layer19/eta0.1,300,0.0009680354000702305,0.0008212112066313976,-0.002477000078817052,0.0043160295861912525,0.007464650672251784
confirmation,C2/step2000,injection/random/layer3/eta0,300,0.0,0.0,0.0,0.0,0.0
confirmation,C2/step2000,injection/random/layer3/eta0.01,300,1.222240017467909e-05,2.7949415792630415e-05,-0.0003238362590159018,0.00040644548070712354,0.0007004204697496312
confirmation,C2/step2000,injection/random/layer3/eta0.03,300,0.00011886346371467971,0.00011349475289892962,-0.0009088966790146715,0.0012879859744094487,0.002201188455416463
confirmation,C2/step2000,injection/random/layer3/eta0.1,300,0.0013660871450669498,0.0013291666826863928,-0.0020012517613688793,0.005350908895177166,0.00817948288804903
confirmation,C2/step2000,injection/sink/layer11/eta0,300,0.0,0.0,0.0,0.0,0.0
confirmation,C2/step2000,injection/sink/layer11/eta0.01,300,0.00025823613164306,0.00022748511607252706,-0.0003193757665438915,0.0007692171832707923,0.0013902288722241025
confirmation,C2/step2000,injection/sink/layer11/eta0.03,300,0.0009621274752879707,0.0008289907860943651,-0.0008171712319681964,0.0024898333812323143,0.0043440661092442835
confirmation,C2/step2000,injection/sink/layer11/eta0.1,300,0.005421729901331303,0.004998034379613681,-0.0005832131453386442,0.010590898709034357,0.016638997596079935
confirmation,C2/step2000,injection/sink/layer19/eta0,300,0.0,0.0,0.0,0.0,0.0
confirmation,C2/step2000,injection/sink/layer19/eta0.01,300,4.700082493579294e-05,3.036739319328248e-05,-0.0004887543325349102,0.0005268111942321296,0.0010355070820004925
confirmation,C2/step2000,injection/sink/layer19/eta0.03,300,0.00027863399876071397,0.00023238114484651823,-0.0013041083268293245,0.0016581542848602053,0.0032495603786678764
confirmation,C2/step2000,injection/sink/layer19/eta0.1,300,0.0025113017164816068,0.002416640754759781,-0.002286235178549459,0.0066809015949880046,0.012231643556609868
confirmation,C2/step2000,injection/sink/layer3/eta0,300,0.0,0.0,0.0,0.0,0.0
confirmation,C2/step2000,injection/sink/layer3/eta0.01,300,0.00030584860974409447,0.0002922899141086368,-0.0002902323805441068,0.0008397815734382689,0.0013505770465520425
confirmation,C2/step2000,injection/sink/layer3/eta0.03,300,0.0011065382969973907,0.0010427640179010828,-0.0007289901493102546,0.002729941540815699,0.0041531029648668215
confirmation,C2/step2000,injection/sink/layer3/eta0.1,300,0.005867343462045424,0.005213399571696604,-0.00041272321085291584,0.011028394924374078,0.01679062129944328
confirmation,C2/step2000,single_delete/layer11,300,0.002353586011671332,0.001980443639079417,-0.0008911898755651759,0.0053903774952325295,0.008610943170983027
confirmation,C2/step2000,single_delete/layer19,300,0.0002192446691157624,0.0002446362352746678,-0.0010787933830201158,0.001529325650432917,0.0030079668901098057
confirmation,C2/step2000,single_delete/layer3,300,0.0009297929097974081,0.0006841073824664738,-0.0008148133285402313,0.001718183202067698,0.003918958648921947
confirmation,C2/step2000,single_rescue/layer11,300,0.0,0.0,0.0,0.0,0.0
confirmation,C2/step2000,single_rescue/layer19,300,0.0,0.0,0.0,0.0,0.0
confirmation,C2/step2000,single_rescue/layer3,300,0.0,0.0,0.0,0.0,0.0
confirmation,C2/step10000,all_delete/layer11,300,0.40120735428777576,0.37015661104457587,0.30202499524814874,0.4780435111578994,0.6290242112527682
confirmation,C2/step10000,all_delete/layer19,300,0.40120735428777576,0.37015661104457587,0.30202499524814874,0.4780435111578994,0.6290242112527682
confirmation,C2/step10000,all_delete/layer3,300,0.40120735428777576,0.37015661104457587,0.30202499524814874,0.4780435111578994,0.6290242112527682
confirmation,C2/step10000,conditional_rescue/layer11,300,0.3901585601696505,0.3657233921561654,0.29663992303562914,0.4699625856294407,0.6067350522739681
confirmation,C2/step10000,conditional_rescue/layer19,300,0.3585198607407217,0.3392774777149591,0.2582003300584207,0.42833853894331325,0.5733417000357561
confirmation,C2/step10000,conditional_rescue/layer3,300,0.39185083501920925,0.36039881067951834,0.2935703307624877,0.47226496568814974,0.6126452858992449
confirmation,C2/step10000,injection/non_sink/layer11/eta0,300,0.0,0.0,0.0,0.0,0.0
confirmation,C2/step10000,injection/non_sink/layer11/eta0.01,300,6.0162469158022427e-05,9.661396657388041e-05,-0.0007196937020369402,0.000782012939453125,0.0016114302507535684
confirmation,C2/step10000,injection/non_sink/layer11/eta0.03,300,0.0005739366476304262,0.0007373479407603346,-0.001821976008377676,0.002774591521015317,0.0049883053997370206
confirmation,C2/step10000,injection/non_sink/layer11/eta0.1,300,0.006567011442710095,0.006644046212744526,-0.0013346334142009105,0.01268048924723948,0.021846322187288554
confirmation,C2/step10000,injection/non_sink/layer19/eta0,300,0.0,0.0,0.0,0.0,0.0
confirmation,C2/step10000,injection/non_sink/layer19/eta0.01,300,-3.558844719033229e-05,-3.4497478815514275e-05,-0.0007581710815429688,0.0006596422570896899,0.0013153016097902316
confirmation,C2/step10000,injection/non_sink/layer19/eta0.03,300,0.00028994943213275104,0.0002718347264087106,-0.0018972562054010828,0.002340234170748493,0.0043265185018224045
confirmation,C2/step10000,injection/non_sink/layer19/eta0.1,300,0.0056010760159630165,0.005442311444620448,-0.0022323112788162833,0.012083106153593289,0.019215173796405947
confirmation,C2/step10000,injection/non_sink/layer3/eta0,300,0.0,0.0,0.0,0.0,0.0
confirmation,C2/step10000,injection/non_sink/layer3/eta0.01,300,4.786236079659049e-05,4.501042403574065e-05,-0.00040070841631551423,0.0005506981076218011,0.0009393827183040109
confirmation,C2/step10000,injection/non_sink/layer3/eta0.03,300,0.00025825538034514176,0.00026689364215520426,-0.001072470597394808,0.001753056143212506,0.0029449492927611353
confirmation,C2/step10000,injection/non_sink/layer3/eta0.1,300,0.0022302617050531342,0.0021637293297474777,-0.002378899281419168,0.007400715444970319,0.011302599569005293
confirmation,C2/step10000,injection/orthogonal/layer11/eta0,300,0.0,0.0,0.0,0.0,0.0
confirmation,C2/step10000,injection/orthogonal/layer11/eta0.01,300,8.41864638441191e-05,0.0001019605501430241,-0.00037487660806010087,0.0005267285925196851,0.0009194321519746556
confirmation,C2/step10000,injection/orthogonal/layer11/eta0.03,300,0.000425829774751438,0.0004977842015544261,-0.0009283944377748985,0.001759716844934178,0.0029470834206408413
confirmation,C2/step10000,injection/orthogonal/layer11/eta0.1,300,0.003459108883314558,0.0038356781005859375,-0.0009747002068467027,0.007590083625372939,0.012512414286455775
confirmation,C2/step10000,injection/orthogonal/layer19/eta0,300,0.0,0.0,0.0,0.0,0.0
confirmation,C2/step10000,injection/orthogonal/layer19/eta0.01,300,3.845380047174889e-05,4.712803157295768e-05,-0.00038946707417645795,0.0004626822283887488,0.0007860288845272517
confirmation,C2/step10000,injection/orthogonal/layer19/eta0.03,300,0.00026809871353189463,0.00029171921136811026,-0.0009957110787939837,0.0015626892330139642,0.002533520676019624
confirmation,C2/step10000,injection/orthogonal/layer19/eta0.1,300,0.0026803931413985926,0.002756794606606791,-0.0013887525543453186,0.006927910752183809,0.010061564407949374
confirmation,C2/step10000,injection/orthogonal/layer3/eta0,300,0.0,0.0,0.0,0.0,0.0
confirmation,C2/step10000,injection/orthogonal/layer3/eta0.01,300,5.2742645183573245e-05,-8.02362997700849e-06,-0.0004996202123446728,0.0006093378142109068,0.0010502762681855935
confirmation,C2/step10000,injection/orthogonal/layer3/eta0.03,300,0.00034702110791143785,0.00017580648106852855,-0.0013209290391816867,0.0020341722984013595,0.00332743727316068
confirmation,C2/step10000,injection/orthogonal/layer3/eta0.1,300,0.003400299918307407,0.0026396203228807825,-0.0026946405726154957,0.00891361086387334,0.01390780952033096
confirmation,C2/step10000,injection/random/layer11/eta0,300,0.0,0.0,0.0,0.0,0.0
confirmation,C2/step10000,injection/random/layer11/eta0.01,300,8.653698317960804e-05,0.00011196286659541092,-0.0003460260826771654,0.0005143308264064038,0.0009206456462229332
confirmation,C2/step10000,injection/random/layer11/eta0.03,300,0.00043287870452159974,0.00048789076917753443,-0.0008307404405488742,0.0017316247534564161,0.002999658659687193
confirmation,C2/step10000,injection/random/layer11/eta0.1,300,0.0034835164878624946,0.003743734885388472,-0.0008633606077179195,0.007655001062107837,0.012490969380055832
confirmation,C2/step10000,injection/random/layer19/eta0,300,0.0,0.0,0.0,0.0,0.0
confirmation,C2/step10000,injection/random/layer19/eta0.01,300,3.9148856335737575e-05,5.400650144562008e-05,-0.00038195031834399606,0.0004652804277074619,0.0007767985186238927
confirmation,C2/step10000,injection/random/layer19/eta0.03,300,0.0002702732536736436,0.00031182897372508613,-0.0009885660306675227,0.0015562538086898682,0.002487017413762611
confirmation,C2/step10000,injection/random/layer19/eta0.1,300,0.0026890493127617624,0.0026889861099363313,-0.00124796169010673,0.006920919643612359,0.00987887344961092
confirmation,C2/step10000,injection/random/layer3/eta0,300,0.0,0.0,0.0,0.0,0.0
confirmation,C2/step10000,injection/random/layer3/eta0.01,300,6.098051396567678e-05,7.133784256582186e-06,-0.0004984637883704478,0.0005725875614196297,0.001080075962336984
confirmation,C2/step10000,injection/random/layer3/eta0.03,300,0.0003741868587303662,0.00024797034075879675,-0.0012918982918806903,0.0019496181818443958,0.003416986540546569
confirmation,C2/step10000,injection/random/layer3/eta0.1,300,0.0035245508158926577,0.0030293802576740895,-0.002518496175450603,0.008676521421417477,0.014708208099124945
confirmation,C2/step10000,injection/sink/layer11/eta0,300,0.0,0.0,0.0,0.0,0.0
confirmation,C2/step10000,injection/sink/layer11/eta0.01,300,0.00010210854487782075,1.4718123308316928e-06,-0.0007502112801619402,0.0008824340940460445,0.0017254116028312628
confirmation,C2/step10000,injection/sink/layer11/eta0.03,300,0.0006883698561060146,0.000349014762818344,-0.001885004869596226,0.0030986080019492802,0.005554181196558197
confirmation,C2/step10000,injection/sink/layer11/eta0.1,300,0.006952791539389943,0.0061945577306071605,-0.002060364550492895,0.014790114455335722,0.023953434801477148
confirmation,C2/step10000,injection/sink/layer19/eta0,300,0.0,0.0,0.0,0.0,0.0
confirmation,C2/step10000,injection/sink/layer19/eta0.01,300,9.997302778749641e-05,4.104554183839813e-05,-0.0005152845007228101,0.0006331045796552043,0.0012802093986451157
confirmation,C2/step10000,injection/sink/layer19/eta0.03,300,0.0005473205110845291,0.00035272433063176676,-0.0012959157388041339,0.00220549575925812,0.004017050435223918
confirmation,C2/step10000,injection/sink/layer19/eta0.1,300,0.004664363785991519,0.004414836252768209,-0.0013932055375707431,0.010167730136180487,0.016075449665700358
confirmation,C2/step10000,injection/sink/layer3/eta0,300,0.0,0.0,0.0,0.0,0.0
confirmation,C2/step10000,injection/sink/layer3/eta0.01,300,0.00016453800551847523,0.00020455187699926181,-0.0004877480934924028,0.0008199421439583846,0.0014520540012149365
confirmation,C2/step10000,injection/sink/layer3/eta0.03,300,0.0007774556527926228,0.0009029869019515871,-0.0011937148927703618,0.002726239482248862,0.004801102886049766
confirmation,C2/step10000,injection/sink/layer3/eta0.1,300,0.00609167644670942,0.00612700454832062,-0.0010303662517878013,0.012444984255813238,0.02047771543968381
confirmation,C2/step10000,single_delete/layer11,300,0.004306155452578087,0.0035183373398668186,-0.0024709326075756646,0.009653594550185317,0.018243029737097082
confirmation,C2/step10000,single_delete/layer19,300,0.004239582627464154,0.0037038007120447835,-0.0005914958443228654,0.009360981738473486,0.015100118682140446
confirmation,C2/step10000,single_delete/layer3,300,0.0014664830685913407,0.0010215428870493973,-0.0020039400716466227,0.0037930631262110912,0.008121950044406686
confirmation,C2/step10000,single_rescue/layer11,300,0.0,0.0,0.0,0.0,0.0
confirmation,C2/step10000,single_rescue/layer19,300,0.0,0.0,0.0,0.0,0.0
confirmation,C2/step10000,single_rescue/layer3,300,0.0,0.0,0.0,0.0,0.0
confirmation,C3/step500,all_delete/layer11,300,0.015926340758956947,0.013864201823557454,-0.00271631976750892,0.03775179104542169,0.05547902264932948
confirmation,C3/step500,all_delete/layer19,300,0.015926340758956947,0.013864201823557454,-0.00271631976750892,0.03775179104542169,0.05547902264932948
confirmation,C3/step500,all_delete/layer3,300,0.015926340758956947,0.013864201823557454,-0.00271631976750892,0.03775179104542169,0.05547902264932948
confirmation,C3/step500,conditional_rescue/layer11,300,0.015025206438199741,0.013216844693882259,-0.00414199528731699,0.03489386190579632,0.05140093705785557
confirmation,C3/step500,conditional_rescue/layer19,300,0.015199969434362698,0.013053788913516547,-0.0035352331446850396,0.03650614220326341,0.05451516579455278
confirmation,C3/step500,conditional_rescue/layer3,300,0.013489455976511237,0.010909493513933317,-0.005021283007043553,0.034651928999292564,0.0486295144388995
confirmation,C3/step500,injection/non_sink/layer11/eta0,300,0.0,0.0,0.0,0.0,0.0
confirmation,C3/step500,injection/non_sink/layer11/eta0.01,300,-0.00012167582674602199,-4.449979526790108e-05,-0.0007934119757704848,0.00048089215135949803,0.001062654510257751
confirmation,C3/step500,injection/non_sink/layer11/eta0.03,300,-0.0002394085981714444,-2.9586431548351376e-05,-0.002259322038785679,0.0015553301713598054,0.0033028369813453496
confirmation,C3/step500,injection/non_sink/layer11/eta0.1,300,0.000669492886761042,0.0016651003379521408,-0.006035496869425136,0.006770359249565545,0.012824946125661296
confirmation,C3/step500,injection/non_sink/layer19/eta0,300,0.0,0.0,0.0,0.0,0.0
confirmation,C3/step500,injection/non_sink/layer19/eta0.01,300,1.8378730833999752e-05,-7.320013571911909e-05,-0.0006775292824572466,0.0007194759338859498,0.001329250786248155
confirmation,C3/step500,injection/non_sink/layer19/eta0.03,300,0.00017910183884027435,-0.00010888407549520177,-0.001886397834837906,0.002284132589505413,0.004060075414462353
confirmation,C3/step500,injection/non_sink/layer19/eta0.1,300,0.0020625234088246904,0.0012229258619894192,-0.004670255766140195,0.008690886610136258,0.014913507897084155
confirmation,C3/step500,injection/non_sink/layer3/eta0,300,0.0,0.0,0.0,0.0,0.0
confirmation,C3/step500,injection/non_sink/layer3/eta0.01,300,-4.778694293004634e-05,-2.4780513733390748e-05,-0.00045011925885057825,0.0003858476173220657,0.0009275481456846703
confirmation,C3/step500,injection/non_sink/layer3/eta0.03,300,-5.118242398960385e-05,1.1714424673966549e-06,-0.0012946391668845348,0.0012200873667799583,0.002862005158672184
confirmation,C3/step500,injection/non_sink/layer3/eta0.1,300,0.000919099642535833,0.0010373273233729085,-0.003293615626537894,0.00497598723163755,0.010648093636580341
confirmation,C3/step500,injection/orthogonal/layer11/eta0,300,0.0,0.0,0.0,0.0,0.0
confirmation,C3/step500,injection/orthogonal/layer11/eta0.01,300,-2.4013769595328907e-05,-1.327634796382874e-05,-0.00023445369690422,0.00019080995574710874,0.0003706984632597197
confirmation,C3/step500,injection/orthogonal/layer11/eta0.03,300,-6.504489368028216e-05,-3.901804526021161e-05,-0.0007014687605730192,0.0006155930166169414,0.0011594396876537896
confirmation,C3/step500,injection/orthogonal/layer11/eta0.1,300,-0.00012686021058891075,-0.00021464430441067912,-0.0023670346718134842,0.0019525918434924027,0.004275957242710386
confirmation,C3/step500,injection/orthogonal/layer19/eta0,300,0.0,0.0,0.0,0.0,0.0
confirmation,C3/step500,injection/orthogonal/layer19/eta0.01,300,-3.950023901431266e-05,-5.4096612404650596e-05,-0.0003845334991695374,0.00030565637303149606,0.0005746496005321113
confirmation,C3/step500,injection/orthogonal/layer19/eta0.03,300,-0.00010497406085958006,-0.00018454724409448819,-0.0011471125084584154,0.0008991872231791339,0.0017332662747600895
confirmation,C3/step500,injection/orthogonal/layer19/eta0.1,300,-0.0001555005771907296,-0.00028030515655757876,-0.0036637614092488928,0.0033091147114911418,0.006233503687100148
confirmation,C3/step500,injection/orthogonal/layer3/eta0,300,0.0,0.0,0.0,0.0,0.0
confirmation,C3/step500,injection/orthogonal/layer3/eta0.01,300,-4.275364512846538e-06,-1.000231645238681e-05,-0.00013199753648652804,0.00013721646286371186,0.0002512684018593136
confirmation,C3/step500,injection/orthogonal/layer3/eta0.03,300,-3.127651264661254e-06,-1.970426304133858e-05,-0.0003944457046628937,0.0004167406577763595,0.0007557245690052904
confirmation,C3/step500,injection/orthogonal/layer3/eta0.1,300,0.000104514194598661,3.2169612373892714e-05,-0.0012423147366741512,0.0014584458719088338,0.0026209553395669296
confirmation,C3/step500,injection/random/layer11/eta0,300,0.0,0.0,0.0,0.0,0.0
confirmation,C3/step500,injection/random/layer11/eta0.01,300,-2.3925160485615566e-05,-1.1684387687623031e-05,-0.0002492919681579109,0.00019856700747031863,0.00037295724463275105
confirmation,C3/step500,injection/random/layer11/eta0.03,300,-6.469115810444349e-05,-3.0517578125e-05,-0.0007168326790877215,0.0006086845097579355,0.001158124067651944
confirmation,C3/step500,injection/random/layer11/eta0.1,300,-0.0001249267297779794,-0.00015766414131705218,-0.002320222028597133,0.0020490631343811514,0.004192484457661787
confirmation,C3/step500,injection/random/layer19/eta0,300,0.0,0.0,0.0,0.0,0.0
confirmation,C3/step500,injection/random/layer19/eta0.01,300,-4.001196913831816e-05,-5.1333209661048225e-05,-0.0003792019340935654,0.0002823176346425935,0.0005776593065637304
confirmation,C3/step500,injection/random/layer19/eta0.03,300,-0.00010643616123149403,-0.000175536148191437,-0.0011614101139579233,0.0008913025142639642,0.0017681452233021654
confirmation,C3/step500,injection/random/layer19/eta0.1,300,-0.00015932478616869668,-0.0003212155319574311,-0.0036721267099455585,0.0032875631737896774,0.006053816427396042
confirmation,C3/step500,injection/random/layer3/eta0,300,0.0,0.0,0.0,0.0,0.0
confirmation,C3/step500,injection/random/layer3/eta0.01,300,-5.937511213808235e-06,-1.441775344488189e-06,-0.00014138409471887303,0.00013416019950326035,0.0002698162409264272
confirmation,C3/step500,injection/random/layer3/eta0.03,300,-7.726413997139518e-06,-1.8322561669537403e-06,-0.0004094191423551304,0.00041903097798505164,0.0008174986351193406
confirmation,C3/step500,injection/random/layer3/eta0.1,300,9.306679873328822e-05,5.628931240772637e-05,-0.001287790733998216,0.0015647467665784941,0.0027490240382397283
confirmation,C3/step500,injection/sink/layer11/eta0,300,0.0,0.0,0.0,0.0,0.0
confirmation,C3/step500,injection/sink/layer11/eta0.01,300,-0.00032464685715402516,-0.00025728180652528297,-0.0006878469872662401,0.00012597512072465552,0.0005150772455170403
confirmation,C3/step500,injection/sink/layer11/eta0.03,300,-0.0008955361273657932,-0.0006965276763195127,-0.0019589671938438115,0.0005002509890578863,0.0016503762072465563
confirmation,C3/step500,injection/sink/layer11/eta0.1,300,-0.0020519002278645833,-0.00145309928833969,-0.00570198119156004,0.0023021172350785866,0.006189685731422247
confirmation,C3/step500,injection/sink/layer19/eta0,300,0.0,0.0,0.0,0.0,0.0
confirmation,C3/step500,injection/sink/layer19/eta0.01,300,-0.0004113899691524155,-0.00045142586775652065,-0.0009729805893785371,6.168095145638534e-05,0.0008254464217058322
confirmation,C3/step500,injection/sink/layer19/eta0.03,300,-0.0011234740009458046,-0.0012492983359990158,-0.00284053772453248,0.0002880697175273745,0.002522716372031867
confirmation,C3/step500,injection/sink/layer19/eta0.1,300,-0.0024267274751437933,-0.0028888071615864913,-0.008425675039216289,0.0023853572334830214,0.009563440037524618
confirmation,C3/step500,injection/sink/layer3/eta0,300,0.0,0.0,0.0,0.0,0.0
confirmation,C3/step500,injection/sink/layer3/eta0.01,300,0.00010025855437351336,0.00011903657687930611,-0.0002704830620232529,0.0004929970568559301,0.0008611724132627954
confirmation,C3/step500,injection/sink/layer3/eta0.03,300,0.00041142190848122745,0.00043580663485789863,-0.0006765080249215673,0.001591269425519808,0.0026400648702786683
confirmation,C3/step500,injection/sink/layer3/eta0.1,300,0.0026586264262362103,0.0025608333077017714,-0.001211932324987697,0.006642281539796844,0.010480006661002092
confirmation,C3/step500,single_delete/layer11,300,-0.0007896871892173146,-0.0006379855899360236,-0.0021201606810562256,0.00042801203690175934,0.0016651063453494103
confirmation,C3/step500,single_delete/layer19,300,-0.0006925510796974963,-0.0007178539366234007,-0.001823965958722933,0.00014129398375984254,0.001507237952525223
confirmation,C3/step500,single_delete/layer3,300,0.0001573251238645218,0.00021969051811638777,-0.0013084937268354761,0.001643518763264333,0.0031539676696296756
confirmation,C3/step500,single_rescue/layer11,300,0.0,0.0,0.0,0.0,0.0
confirmation,C3/step500,single_rescue/layer19,300,0.0,0.0,0.0,0.0,0.0
confirmation,C3/step500,single_rescue/layer3,300,0.0,0.0,0.0,0.0,0.0
confirmation,C3/step2000,all_delete/layer11,300,0.04033268004890502,0.04100478164792999,0.015416678481214629,0.06015390110766794,0.08243202149398685
confirmation,C3/step2000,all_delete/layer19,300,0.04033268004890502,0.04100478164792999,0.015416678481214629,0.06015390110766794,0.08243202149398685
confirmation,C3/step2000,all_delete/layer3,300,0.04033268004890502,0.04100478164792999,0.015416678481214629,0.06015390110766794,0.08243202149398685
confirmation,C3/step2000,conditional_rescue/layer11,300,0.03700971728547665,0.038237248818705404,0.01452727580633689,0.05524860592338983,0.07738247668649267
confirmation,C3/step2000,conditional_rescue/layer19,300,0.036354612816037156,0.036355987308532234,0.013388153136245848,0.05634090093177135,0.07557306064395455
confirmation,C3/step2000,conditional_rescue/layer3,300,0.03830151460302157,0.03915753702479084,0.013121312058816746,0.05755970421738512,0.07742284038874113
confirmation,C3/step2000,injection/non_sink/layer11/eta0,300,0.0,0.0,0.0,0.0,0.0
confirmation,C3/step2000,injection/non_sink/layer11/eta0.01,300,4.5593642187243685e-05,5.03119521253691e-06,-0.0007441963736466536,0.0008483796607790969,0.0014357619398222205
confirmation,C3/step2000,injection/non_sink/layer11/eta0.03,300,0.0004676913464163232,0.00037658871628168064,-0.0018921649362158587,0.002921089412659172,0.004694105133296937
confirmation,C3/step2000,injection/non_sink/layer11/eta0.1,300,0.00541770464479141,0.004905160017839567,-0.0027608946552426794,0.013963526628148837,0.01978538092665785
confirmation,C3/step2000,injection/non_sink/layer19/eta0,300,0.0,0.0,0.0,0.0,0.0
confirmation,C3/step2000,injection/non_sink/layer19/eta0.01,300,1.5757603282377784e-05,2.3789293184055117e-05,-0.0006648912204532172,0.0007697578490249754,0.0014683370515117498
confirmation,C3/step2000,injection/non_sink/layer19/eta0.03,300,0.0003603552270123339,0.0003552023820051058,-0.0017209390955647147,0.0025739744892270544,0.004706285131259229
confirmation,C3/step2000,injection/non_sink/layer19/eta0.1,300,0.004860733112325193,0.004449408824049582,-0.002814090158057025,0.012363125958780603,0.020237407534141244
confirmation,C3/step2000,injection/non_sink/layer3/eta0,300,0.0,0.0,0.0,0.0,0.0
confirmation,C3/step2000,injection/non_sink/layer3/eta0.01,300,-3.178654067472523e-05,-1.3801995224840058e-05,-0.00054374454528328,0.0005249789380651759,0.0008438470795398631
confirmation,C3/step2000,injection/non_sink/layer3/eta0.03,300,1.1698304824628852e-05,4.939582404189222e-05,-0.0014973512784702571,0.0016907744520292508,0.0026643227404496823
confirmation,C3/step2000,injection/non_sink/layer3/eta0.1,300,0.0013057654173042517,0.0012155668003352607,-0.0037116553839736098,0.006848620617483545,0.010119502750907361
confirmation,C3/step2000,injection/orthogonal/layer11/eta0,300,0.0,0.0,0.0,0.0,0.0
confirmation,C3/step2000,injection/orthogonal/layer11/eta0.01,300,-2.8212840162862943e-05,-2.607210414616142e-05,-0.00032960336039385455,0.0002746056383988989,0.0005282244344395916
confirmation,C3/step2000,injection/orthogonal/layer11/eta0.03,300,-3.312568964920645e-05,-2.997691237081693e-05,-0.0009523076335276206,0.0008869922067236712,0.001624745646799643
confirmation,C3/step2000,injection/orthogonal/layer11/eta0.1,300,0.0004996933023447752,0.000625910721425935,-0.0026735320804625986,0.003676707350362943,0.006071054653858576
confirmation,C3/step2000,injection/orthogonal/layer19/eta0,300,0.0,0.0,0.0,0.0,0.0
confirmation,C3/step2000,injection/orthogonal/layer19/eta0.01,300,-2.7157240339464402e-05,-3.4302238404281496e-05,-0.00034093481349194144,0.0002394548551304134,0.0005802725243756157
confirmation,C3/step2000,injection/orthogonal/layer19/eta0.03,300,-8.121500490844402e-06,-2.1866926058070868e-05,-0.0009624451164185531,0.000753192451056533,0.0018570847398652816
confirmation,C3/step2000,injection/orthogonal/layer19/eta0.1,300,0.0008360355607480828,0.0008411557655634842,-0.002186842790738804,0.0034868285411924827,0.006988597479392231
confirmation,C3/step2000,injection/orthogonal/layer3/eta0,300,0.0,0.0,0.0,0.0,0.0
confirmation,C3/step2000,injection/orthogonal/layer3/eta0.01,300,-6.027451963249467e-05,-4.660238431194636e-05,-0.000385344497800812,0.0002722552442175197,0.0006172630730576403
confirmation,C3/step2000,injection/orthogonal/layer3/eta0.03,300,-0.0001184117575017173,-8.372809943251721e-05,-0.0011156337467704233,0.0008792276457538755,0.0019084900382935533
confirmation,C3/step2000,injection/orthogonal/layer3/eta0.1,300,0.00035287491605663553,0.00040345680056594487,-0.003056353471410556,0.0036364052239365465,0.007067621786763349
confirmation,C3/step2000,injection/random/layer11/eta0,300,0.0,0.0,0.0,0.0,0.0
confirmation,C3/step2000,injection/random/layer11/eta0.01,300,-2.7923934415882344e-05,-2.6732917845718504e-05,-0.0003268775038831816,0.00028141652505228837,0.0005365627018485484
confirmation,C3/step2000,injection/random/layer11/eta0.03,300,-3.221907327807169e-05,9.61183562992126e-07,-0.0009503927756482222,0.000878649433766763,0.0016492348017655022
confirmation,C3/step2000,injection/random/layer11/eta0.1,300,0.0005033729833567862,0.0007011233352300689,-0.002637044651301827,0.003626665731114665,0.006029591597910005
confirmation,C3/step2000,injection/random/layer19/eta0,300,0.0,0.0,0.0,0.0,0.0
confirmation,C3/step2000,injection/random/layer19/eta0.01,300,-3.006952641204274e-05,-4.772877129982776e-05,-0.0003428797083576833,0.00024359995924581694,0.0005823090320497054
confirmation,C3/step2000,injection/random/layer19/eta0.03,300,-1.6758786098850684e-05,-4.2862779512180117e-05,-0.0009562199509988619,0.0007846036295252523,0.0017949892779973566
confirmation,C3/step2000,injection/random/layer19/eta0.1,300,0.0008089666291484683,0.0007510448065329724,-0.002277374267578125,0.003528211999127245,0.0068666953740157514
confirmation,C3/step2000,injection/random/layer3/eta0,300,0.0,0.0,0.0,0.0,0.0
confirmation,C3/step2000,injection/random/layer3/eta0.01,300,-6.391650422664452e-05,-2.0154817836491143e-05,-0.00039505395363634966,0.00028714608019731174,0.0006155629796305982
confirmation,C3/step2000,injection/random/layer3/eta0.03,300,-0.00012760062230227813,-1.2210034948634352e-05,-0.001130426962544599,0.0008669725553257259,0.001917792492964138
confirmation,C3/step2000,injection/random/layer3/eta0.1,300,0.00034422156066093545,0.0005296121432086613,-0.002976229810339259,0.0035856201892762673,0.007225796556848244
confirmation,C3/step2000,injection/sink/layer11/eta0,300,0.0,0.0,0.0,0.0,0.0
confirmation,C3/step2000,injection/sink/layer11/eta0.01,300,-7.65855043266076e-05,-0.00010431845357098917,-0.0006481080543337844,0.0004751475777213029,0.0010040913979838223
confirmation,C3/step2000,injection/sink/layer11/eta0.03,300,-7.981533140648068e-05,-0.00020247932494156003,-0.0018149248258335384,0.0015818002655750185,0.003156013188399668
confirmation,C3/step2000,injection/sink/layer11/eta0.1,300,0.0014879474990324086,0.001241233405165785,-0.004357375497893086,0.00684018022432102,0.011912263284518032
confirmation,C3/step2000,injection/sink/layer19/eta0,300,0.0,0.0,0.0,0.0,0.0
confirmation,C3/step2000,injection/sink/layer19/eta0.01,300,-2.638689176304134e-05,1.9103523314468504e-05,-0.0006053353857806349,0.000580862751157265,0.000987598088782604
confirmation,C3/step2000,injection/sink/layer19/eta0.03,300,0.00011505507421618685,0.00024929196815791095,-0.0016029162669745018,0.0019295609842135213,0.00313407717727301
confirmation,C3/step2000,injection/sink/layer19/eta0.1,300,0.0026445468892575563,0.003032444030281127,-0.0030055083627775897,0.008559399702417569,0.012714929655780947
confirmation,C3/step2000,injection/sink/layer3/eta0,300,0.0,0.0,0.0,0.0,0.0
confirmation,C3/step2000,injection/sink/layer3/eta0.01,300,0.00017906604476488168,0.00026530168187899854,-0.0007360112948680487,0.0010967329731137734,0.001693857748677412
confirmation,C3/step2000,injection/sink/layer3/eta0.03,300,0.0009281198997197189,0.0011666065125953493,-0.0017925622895007998,0.0036138399379459893,0.005618832805963952
confirmation,C3/step2000,injection/sink/layer3/eta0.1,300,0.008437398675232735,0.008810538945235605,-0.0001923343328040416,0.01755596521332508,0.025401104904535253
confirmation,C3/step2000,single_delete/layer11,300,1.1493102146258797e-05,5.125811719518947e-05,-0.0025841420091043308,0.002512045732633335,0.005407318355530268
confirmation,C3/step2000,single_delete/layer19,300,0.0001443400345449373,0.00018250472902312992,-0.0018937418779988928,0.0020664019847479393,0.004062394269808072
confirmation,C3/step2000,single_delete/layer3,300,-8.428578614562836e-06,-0.00015126626322588583,-0.0012791100449449434,0.0012981159480537955,0.0025912007008950565
confirmation,C3/step2000,single_rescue/layer11,300,0.0,0.0,0.0,0.0,0.0
confirmation,C3/step2000,single_rescue/layer19,300,0.0,0.0,0.0,0.0,0.0
confirmation,C3/step2000,single_rescue/layer3,300,0.0,0.0,0.0,0.0,0.0
confirmation,C3/step10000,all_delete/layer11,300,0.36821641959543305,0.346774649432325,0.2568414718147338,0.4529737036997878,0.5775394199401378
confirmation,C3/step10000,all_delete/layer19,300,0.36821641959543305,0.346774649432325,0.2568414718147338,0.4529737036997878,0.5775394199401378
confirmation,C3/step10000,all_delete/layer3,300,0.36821641959543305,0.346774649432325,0.2568414718147338,0.4529737036997878,0.5775394199401378
confirmation,C3/step10000,conditional_rescue/layer11,300,0.35731028427914996,0.3361948268620048,0.2464618157214067,0.44585083788774144,0.5659584285706049
confirmation,C3/step10000,conditional_rescue/layer19,300,0.3480814238921238,0.32602101423608976,0.24500153008408432,0.43308948156401866,0.5593101741760734
confirmation,C3/step10000,conditional_rescue/layer3,300,0.36133719782191,0.340170176949088,0.2532886970700241,0.45060265909029745,0.5787077175350641
confirmation,C3/step10000,injection/non_sink/layer11/eta0,300,0.0,0.0,0.0,0.0,0.0
confirmation,C3/step10000,injection/non_sink/layer11/eta0.01,300,0.00013088417804147314,0.00014944902555210385,-0.0006617974108598364,0.0009618744136780266,0.0016771722027635956
confirmation,C3/step10000,injection/non_sink/layer11/eta0.03,300,0.0008052447712014666,0.0009213545191006397,-0.0015123322254090798,0.0032265280175396774,0.005475709569735791
confirmation,C3/step10000,injection/non_sink/layer11/eta0.1,300,0.007507688567394347,0.007557531041423166,-0.0006961897602231484,0.015403169346606637,0.02342281491737666
confirmation,C3/step10000,injection/non_sink/layer19/eta0,300,0.0,0.0,0.0,0.0,0.0
confirmation,C3/step10000,injection/non_sink/layer19/eta0.01,300,3.0430270618028212e-05,5.427683432271162e-05,-0.0006828758660263902,0.0007690820168322466,0.0014069684847133376
confirmation,C3/step10000,injection/non_sink/layer19/eta0.03,300,0.00047659922772505157,0.0005225234144315945,-0.0016245729341281682,0.0027449375062476933,0.004653912641870695
confirmation,C3/step10000,injection/non_sink/layer19/eta0.1,300,0.006107038137480968,0.006627015241487759,-0.001846073180671752,0.014286919841616171,0.02036292909637211
confirmation,C3/step10000,injection/non_sink/layer3/eta0,300,0.0,0.0,0.0,0.0,0.0
confirmation,C3/step10000,injection/non_sink/layer3/eta0.01,300,1.7657642915180034e-05,1.2780737689160925e-05,-0.0005638580622635489,0.0005188438836045152,0.0011089144729253815
confirmation,C3/step10000,injection/non_sink/layer3/eta0.03,300,0.00019295044145559075,0.00011127201590951034,-0.0015868915347602424,0.0015975321371724286,0.0035357527845487824
confirmation,C3/step10000,injection/non_sink/layer3/eta0.1,300,0.0023042290354651105,0.0017275622510534573,-0.0035074113860843687,0.007037403076652467,0.013935329407218876
confirmation,C3/step10000,injection/orthogonal/layer11/eta0,300,0.0,0.0,0.0,0.0,0.0
confirmation,C3/step10000,injection/orthogonal/layer11/eta0.01,300,5.867059462339547e-05,6.573594461275835e-05,-0.00039096141424704725,0.0004978930856299212,0.0009734206312284698
confirmation,C3/step10000,injection/orthogonal/layer11/eta0.03,300,0.0003239438665194774,0.00029778668260949803,-0.0010136356503944698,0.0016095319132166585,0.0030770008958230814
confirmation,C3/step10000,injection/orthogonal/layer11/eta0.1,300,0.002826413157105133,0.002908331202709769,-0.0015629445473978839,0.00762511426069605,0.011404968622162589
confirmation,C3/step10000,injection/orthogonal/layer19/eta0,300,0.0,0.0,0.0,0.0,0.0
confirmation,C3/step10000,injection/orthogonal/layer19/eta0.01,300,3.9977839612585356e-05,5.116800623615896e-05,-0.00035466922549750863,0.00045166616364726873,0.0008724813386211248
confirmation,C3/step10000,injection/orthogonal/layer19/eta0.03,300,0.0002755658707906568,0.0003121143250953494,-0.0009165861475186085,0.0015186174648014578,0.0027527336060531515
confirmation,C3/step10000,injection/orthogonal/layer19/eta0.1,300,0.0027350070032234894,0.0030092254398375986,-0.0012505974356583722,0.006927377595676212,0.011000301331047
confirmation,C3/step10000,injection/orthogonal/layer3/eta0,300,0.0,0.0,0.0,0.0,0.0
confirmation,C3/step10000,injection/orthogonal/layer3/eta0.01,300,6.421060386918035e-05,1.7766877422182578e-05,-0.00038701155054287646,0.0005725875614196297,0.0010349213607667943
confirmation,C3/step10000,injection/orthogonal/layer3/eta0.03,300,0.00034986040410720144,0.0002680801031157726,-0.0009790555698665107,0.0018833866269569698,0.0032900712621493624
confirmation,C3/step10000,injection/orthogonal/layer3/eta0.1,300,0.0030306973044327864,0.0028116271251768577,-0.0013047616312822957,0.008390830257746179,0.012814730546605877
confirmation,C3/step10000,injection/random/layer11/eta0,300,0.0,0.0,0.0,0.0,0.0
confirmation,C3/step10000,injection/random/layer11/eta0.01,300,5.902201484820349e-05,6.202637679933563e-05,-0.0003973442738450418,0.00048340023971918064,0.000996302807424951
confirmation,C3/step10000,injection/random/layer11/eta0.03,300,0.00032513061533449833,0.0003272379477193036,-0.0009929551852969672,0.0016249784334438054,0.0030846633310393098
confirmation,C3/step10000,injection/random/layer11/eta0.1,300,0.0028302310583159683,0.002917642668476255,-0.0014466863917553519,0.007612799096295215,0.011658375657449557
confirmation,C3/step10000,injection/random/layer19/eta0,300,0.0,0.0,0.0,0.0,0.0
confirmation,C3/step10000,injection/random/layer19/eta0.01,300,4.157127670728628e-05,6.235678364911417e-05,-0.00036550506832092766,0.00047013891024852363,0.0008597997229868975
confirmation,C3/step10000,injection/random/layer19/eta0.03,300,0.0002804567181845037,0.000337690818966843,-0.0009207913256066991,0.0015320965624231054,0.002760873629352241
confirmation,C3/step10000,injection/random/layer19/eta0.1,300,0.0027526832190085584,0.003002707413801058,-0.0012153490321842703,0.006928368816225548,0.010950400885634544
confirmation,C3/step10000,injection/random/layer3/eta0,300,0.0,0.0,0.0,0.0,0.0
confirmation,C3/step10000,injection/random/layer3/eta0.01,300,6.46252269194195e-05,1.8352598655880907e-05,-0.00039039071150652065,0.0006032853614626907,0.0010350024606299215
confirmation,C3/step10000,injection/random/layer3/eta0.03,300,0.0003526508902001569,0.00017968125230684057,-0.0010138308908057025,0.0019296135489396222,0.003289437481737513
confirmation,C3/step10000,injection/random/layer3/eta0.1,300,0.003057461585898412,0.002822095014917569,-0.0014850886787955218,0.008129014743594672,0.013002320537416958
confirmation,C3/step10000,injection/sink/layer11/eta0,300,0.0,0.0,0.0,0.0,0.0
confirmation,C3/step10000,injection/sink/layer11/eta0.01,300,-8.506416961589823e-05,-3.925834115095965e-05,-0.0007633975171667384,0.0005076851431779036,0.0011068599430594862
confirmation,C3/step10000,injection/sink/layer11/eta0.03,300,-2.877593353351589e-06,0.00011173758919783464,-0.0020547138424370235,0.001742528179499108,0.00357404994213675
confirmation,C3/step10000,injection/sink/layer11/eta0.1,300,0.002909376902843085,0.0030579153947004186,-0.0035541564460814467,0.008702308174193374,0.014923068669837308
confirmation,C3/step10000,injection/sink/layer19/eta0,300,0.0,0.0,0.0,0.0,0.0
confirmation,C3/step10000,injection/sink/layer19/eta0.01,300,0.00010014201086650057,0.00015332379679041584,-0.00048038903183824435,0.0006689987783356914,0.0011608604371078372
confirmation,C3/step10000,injection/sink/layer19/eta0.03,300,0.0005916102351791903,0.000749377753790908,-0.0011382741252268392,0.00227390499565545,0.0037653885488435064
confirmation,C3/step10000,injection/sink/layer19/eta0.1,300,0.00538460749027923,0.005632926159956324,-0.0005875384713721087,0.010705647506113128,0.016594437726839325
confirmation,C3/step10000,injection/sink/layer3/eta0,300,0.0,0.0,0.0,0.0,0.0
confirmation,C3/step10000,injection/sink/layer3/eta0.01,300,0.00011822995864187326,0.00015725864200141486,-0.0006574420478400282,0.0009464429119440513,0.0015338822612612276
confirmation,C3/step10000,injection/sink/layer3/eta0.03,300,0.0006426901454374859,0.0006936441256305365,-0.0015619833638348918,0.0030152778925858145,0.004919241357037403
confirmation,C3/step10000,injection/sink/layer3/eta0.1,300,0.0056765443196133995,0.006198868038147454,-0.0013368186049574004,0.013882036284198911,0.02029432161586492
confirmation,C3/step10000,single_delete/layer11,300,0.001389852884247547,0.0010983624796229085,-0.003053552522434024,0.006114974735290046,0.00958444490207462
confirmation,C3/step10000,single_delete/layer19,300,0.002803563120484039,0.0024318544883427658,-0.0008129059799074188,0.006198740380955494,0.010357044250007691
confirmation,C3/step10000,single_delete/layer3,300,0.0004106739249442193,0.000150650505005844,-0.002148590688630352,0.0029251368965689593,0.005688575684554934
confirmation,C3/step10000,single_rescue/layer11,300,0.0,0.0,0.0,0.0,0.0
confirmation,C3/step10000,single_rescue/layer19,300,0.0,0.0,0.0,0.0,0.0
confirmation,C3/step10000,single_rescue/layer3,300,0.0,0.0,0.0,0.0,0.0
confirmation,C5/step500,all_delete/layer11,300,0.005351967799069062,0.006451464074803149,-0.00474608413816437,0.01625670785979023,0.024700242891086372
confirmation,C5/step500,all_delete/layer19,300,0.005351967799069062,0.006451464074803149,-0.00474608413816437,0.01625670785979023,0.024700242891086372
confirmation,C5/step500,all_delete/layer3,300,0.005351967799069062,0.006451464074803149,-0.00474608413816437,0.01625670785979023,0.024700242891086372
confirmation,C5/step500,conditional_rescue/layer11,300,0.0045362595685823695,0.0055747745543953,-0.004677051634300412,0.014648137130136565,0.023615583284633382
confirmation,C5/step500,conditional_rescue/layer19,300,0.005176393303658392,0.006288633571835015,-0.004643718088705709,0.015734424741249385,0.024747112604576772
confirmation,C5/step500,conditional_rescue/layer3,300,0.004472573848534131,0.005422246737742987,-0.004946806299404835,0.014687215249369464,0.02183455219418984
confirmation,C5/step500,injection/non_sink/layer11/eta0,300,0.0,0.0,0.0,0.0,0.0
confirmation,C5/step500,injection/non_sink/layer11/eta0.01,300,-7.009831626271325e-05,-4.875002883550689e-05,-0.0007715450497124139,0.0006102764700341413,0.0011516300712044784
confirmation,C5/step500,injection/non_sink/layer11/eta0.03,300,-3.486022548725599e-05,3.709567813422736e-05,-0.0021619346198134535,0.0019893646240234375,0.003649469811146654
confirmation,C5/step500,injection/non_sink/layer11/eta0.1,300,0.00193704540022402,0.002086879700187623,-0.004760276614211676,0.008637187987800658,0.014029933899406377
confirmation,C5/step500,injection/non_sink/layer19/eta0,300,0.0,0.0,0.0,0.0,0.0
confirmation,C5/step500,injection/non_sink/layer19/eta0.01,300,-4.954901267224412e-06,-4.670751376414862e-05,-0.0007606115866833784,0.0007975570798858882,0.0016245203694020673
confirmation,C5/step500,injection/non_sink/layer19/eta0.03,300,0.00022685834429082597,0.00012517914058655266,-0.0020853478138841046,0.0025288739542322835,0.005061850960799096
confirmation,C5/step500,injection/non_sink/layer19/eta0.1,300,0.003604161119836522,0.003143010177011565,-0.0041808180921659695,0.01148172814076341,0.0205480800838921
confirmation,C5/step500,injection/non_sink/layer3/eta0,300,0.0,0.0,0.0,0.0,0.0
confirmation,C5/step500,injection/non_sink/layer3/eta0.01,300,1.7709807148129924e-06,6.457952063853346e-06,-0.00028928621547428645,0.00035969291146345966,0.0006494657261165112
confirmation,C5/step500,injection/non_sink/layer3/eta0.03,300,8.431852646074269e-05,8.38933028574065e-05,-0.0008004706675612082,0.0011840955478938547,0.002015583909402683
confirmation,C5/step500,injection/non_sink/layer3/eta0.1,300,0.001209213276860595,0.0011967035729115402,-0.0017547457236943283,0.00490253178153451,0.007681851124200296
confirmation,C5/step500,injection/orthogonal/layer11/eta0,300,0.0,0.0,0.0,0.0,0.0
confirmation,C5/step500,injection/orthogonal/layer11/eta0.01,300,-3.0327043508294372e-05,-4.625695896899606e-05,-0.000227004524291031,0.0001624700591320128,0.0003494022399421756
confirmation,C5/step500,injection/orthogonal/layer11/eta0.03,300,-7.708742236840756e-05,-0.00014794717623492864,-0.0006731288639579233,0.0005142482246939592,0.0010826831727515993
confirmation,C5/step500,injection/orthogonal/layer11/eta0.1,300,-8.96985512080155e-05,-0.0002786230853223425,-0.0020393762062853715,0.001875509427288386,0.0038538594884196626
confirmation,C5/step500,injection/orthogonal/layer19/eta0,300,0.0,0.0,0.0,0.0,0.0
confirmation,C5/step500,injection/orthogonal/layer19/eta0.01,300,-3.3454794896243434e-05,-4.2952890471210635e-05,-0.00034494475116879917,0.00025537445789247047,0.0005811135599932333
confirmation,C5/step500,injection/orthogonal/layer19/eta0.03,300,-7.914215248087886e-05,-0.00013516643854576772,-0.0010083641592911847,0.0007289826400636688,0.0017627746101439477
confirmation,C5/step500,injection/orthogonal/layer19/eta0.1,300,1.3988424786745418e-05,5.86922713152067e-05,-0.003328894066998339,0.0031262195016455462,0.0061912116103284955
confirmation,C5/step500,injection/orthogonal/layer3/eta0,300,0.0,0.0,0.0,0.0,0.0
confirmation,C5/step500,injection/orthogonal/layer3/eta0.01,300,-2.1551938194615323e-05,-1.7121082215797244e-05,-0.00017496544545091044,0.0001270414337398499,0.00023877601923905027
confirmation,C5/step500,injection/orthogonal/layer3/eta0.03,300,-4.701729521663796e-05,-4.1691337044783465e-05,-0.0005044411486528051,0.00040308133823665105,0.0007514232725609007
confirmation,C5/step500,injection/orthogonal/layer3/eta0.1,300,5.271120647120038e-05,0.00011735450564406988,-0.001454916526013472,0.0015423692117525836,0.002825921726977732
confirmation,C5/step500,injection/random/layer11/eta0,300,0.0,0.0,0.0,0.0,0.0
confirmation,C5/step500,injection/random/layer11/eta0.01,300,-3.0436077768721294e-05,-4.000926580954724e-05,-0.00023240367258627585,0.00017143609955554872,0.0003470803808978224
confirmation,C5/step500,injection/random/layer11/eta0.03,300,-7.743214684834318e-05,-0.00011579258235420768,-0.0006502857358436885,0.0005218325637456939,0.001053763562300074
confirmation,C5/step500,injection/random/layer11/eta0.1,300,-8.980277955062745e-05,-0.00023906437430794785,-0.002014100082277313,0.0018932162307378814,0.003736991581954359
confirmation,C5/step500,injection/random/layer19/eta0,300,0.0,0.0,0.0,0.0,0.0
confirmation,C5/step500,injection/random/layer19/eta0.01,300,-3.336999047146695e-05,-5.3435798705093504e-05,-0.00033491239773006886,0.00024819561815637303,0.0005762896199864666
confirmation,C5/step500,injection/random/layer19/eta0.03,300,-7.867427635693487e-05,-0.00011576254536786417,-0.0010100161935400775,0.000722674872931533,0.00175952460822158
confirmation,C5/step500,injection/random/layer19/eta0.1,300,1.6969896051201597e-05,-2.9075802780511814e-05,-0.0031986236572265625,0.003125153188630352,0.006168353463721089
confirmation,C5/step500,injection/random/layer3/eta0,300,0.0,0.0,0.0,0.0,0.0
confirmation,C5/step500,injection/random/layer3/eta0.01,300,-1.5614226734231464e-05,-6.247693159448819e-06,-0.00018058236189714567,0.00013450562484621062,0.0002512774129552166
confirmation,C5/step500,injection/random/layer3/eta0.03,300,-2.7918277450120986e-05,1.5018493171751967e-06,-0.00051382770688515,0.0004297767098494402,0.0007893389604223059
confirmation,C5/step500,injection/random/layer3/eta0.1,300,0.00013063225533392798,0.00011873620701587106,-0.0014553070068359375,0.0017474242082730993,0.00302089480903205
confirmation,C5/step500,injection/sink/layer11/eta0,300,0.0,0.0,0.0,0.0,0.0
confirmation,C5/step500,injection/sink/layer11/eta0.01,300,1.832065932706898e-05,-3.745612197034941e-05,-0.00038591520054133855,0.00044295543760765257,0.0009286715289739175
confirmation,C5/step500,injection/sink/layer11/eta0.03,300,0.00015592479956118768,-3.0157134288877953e-05,-0.0010629338542307457,0.0013825724444051428,0.0028652521568959155
confirmation,C5/step500,injection/sink/layer11/eta0.1,300,0.0016973910995042856,0.0009364330862450788,-0.0026123467392808806,0.005700839786078986,0.010726901677649793
confirmation,C5/step500,injection/sink/layer19/eta0,300,0.0,0.0,0.0,0.0,0.0
confirmation,C5/step500,injection/sink/layer19/eta0.01,300,-0.00016648930827463704,-0.00016101326529435286,-0.0006828833752729761,0.00040941914235513046,0.0008986886092058319
confirmation,C5/step500,injection/sink/layer19/eta0.03,300,-0.0003852671024993336,-0.00036440871831938974,-0.0019928639329324558,0.0013220178799366387,0.0028605243352454487
confirmation,C5/step500,injection/sink/layer19/eta0.1,300,8.940338775554666e-05,0.000512926597294845,-0.005162381750392163,0.005725154726524052,0.0110260970949188
confirmation,C5/step500,injection/sink/layer3/eta0,300,0.0,0.0,0.0,0.0,0.0
confirmation,C5/step500,injection/sink/layer3/eta0.01,300,-0.00010287978204842315,-0.00010819322480930118,-0.000549676850086122,0.00030653495488204357,0.0007064158522237943
confirmation,C5/step500,injection/sink/layer3/eta0.03,300,-0.0002070131076602485,-0.00020599365234375,-0.00151945099117249,0.0010746182419183686,0.0021564874123400596
confirmation,C5/step500,injection/sink/layer3/eta0.1,300,0.0004741504498979864,0.0006420856385719118,-0.003722678957961676,0.0044922866220549335,0.007780919112558446
confirmation,C5/step500,single_delete/layer11,300,8.486019344780389e-05,4.505547951525591e-05,-0.00037694916011780266,0.0004812075397161048,0.0009320176492525839
confirmation,C5/step500,single_delete/layer19,300,-4.303699403297244e-06,-2.6432547982283464e-06,-0.00015892569474347933,0.00015303844542015257,0.00036453787736066704
confirmation,C5/step500,single_delete/layer3,300,-0.00026360929794511773,-0.00020869698111466536,-0.0010865279070035678,0.0005237999863511934,0.001198037215105192
confirmation,C5/step500,single_rescue/layer11,300,0.0,0.0,0.0,0.0,0.0
confirmation,C5/step500,single_rescue/layer19,300,0.0,0.0,0.0,0.0,0.0
confirmation,C5/step500,single_rescue/layer3,300,0.0,0.0,0.0,0.0,0.0
confirmation,C5/step2000,all_delete/layer11,300,0.017209879056675228,0.013505590243602362,0.00323426254152313,0.026302517868402434,0.04481776079793616
confirmation,C5/step2000,all_delete/layer19,300,0.017209879056675228,0.013505590243602362,0.00323426254152313,0.026302517868402434,0.04481776079793616
confirmation,C5/step2000,all_delete/layer3,300,0.017209879056675228,0.013505590243602362,0.00323426254152313,0.026302517868402434,0.04481776079793616
confirmation,C5/step2000,conditional_rescue/layer11,300,0.01598330800614645,0.012003801000399852,0.003340923880028912,0.02442345656747893,0.04220296904796693
confirmation,C5/step2000,conditional_rescue/layer19,300,0.01573614896438879,0.012421285073588214,0.0030059063528466413,0.025101669191375492,0.04300909568005661
confirmation,C5/step2000,conditional_rescue/layer3,300,0.01613062270357227,0.012213819608913632,0.0022583758737158587,0.025165249982218106,0.04379763866034081
confirmation,C5/step2000,injection/non_sink/layer11/eta0,300,0.0,0.0,0.0,0.0,0.0
confirmation,C5/step2000,injection/non_sink/layer11/eta0.01,300,5.549433350250163e-06,-1.4492845910740651e-05,-0.0006943424855630229,0.0005995007011834092,0.0011509932870939978
confirmation,C5/step2000,injection/non_sink/layer11/eta0.03,300,0.000248849573410715,0.00022346015990249753,-0.0018171700905627152,0.002050625057671014,0.003846908929779775
confirmation,C5/step2000,injection/non_sink/layer11/eta0.1,300,0.0035725182560798065,0.003469031626783957,-0.0031540487694928024,0.009925654553991602,0.016100305271899613
confirmation,C5/step2000,injection/non_sink/layer19/eta0,300,0.0,0.0,0.0,0.0,0.0
confirmation,C5/step2000,injection/non_sink/layer19/eta0.01,300,0.0001036601930152713,-3.1088280865526574e-05,-0.0008097821333276944,0.0008463746919406681,0.0018714033712552295
confirmation,C5/step2000,injection/non_sink/layer19/eta0.03,300,0.0006810329967909285,0.00023687167430487207,-0.0019835524671659695,0.0028974503044068346,0.006004868154450665
confirmation,C5/step2000,injection/non_sink/layer19/eta0.1,300,0.00660091460220457,0.004730179553895484,-0.0026651893075056903,0.013871057765690361,0.025646459023783545
confirmation,C5/step2000,injection/non_sink/layer3/eta0,300,0.0,0.0,0.0,0.0,0.0
confirmation,C5/step2000,injection/non_sink/layer3/eta0.01,300,2.9679195774508897e-05,5.8166624054195376e-05,-0.0003428196343849963,0.00040818762591504675,0.0007818056842473561
confirmation,C5/step2000,injection/non_sink/layer3/eta0.03,300,0.00017051276259534941,0.00026883102777436026,-0.000961964524637057,0.0013236624049389456,0.002393773597056475
confirmation,C5/step2000,injection/non_sink/layer3/eta0.1,300,0.0015367299177515225,0.0019043899896576649,-0.00227077363982914,0.005606718889371616,0.009148635263518088
confirmation,C5/step2000,injection/orthogonal/layer11/eta0,300,0.0,0.0,0.0,0.0,0.0
confirmation,C5/step2000,injection/orthogonal/layer11/eta0.01,300,-6.971784776902886e-06,1.0663130151943898e-06,-0.0003392151960237758,0.00033067718265563484,0.000603713388518086
confirmation,C5/step2000,injection/orthogonal/layer11/eta0.03,300,4.5762399988850276e-05,4.7323271984190453e-05,-0.0009879765548105315,0.001061274310735267,0.0018387351449080346
confirmation,C5/step2000,injection/orthogonal/layer11/eta0.1,300,0.0009480119439873482,0.0009437320739265502,-0.0025327487254705955,0.00430653038926012,0.00712904141643855
confirmation,C5/step2000,injection/orthogonal/layer19/eta0,300,0.0,0.0,0.0,0.0,0.0
confirmation,C5/step2000,injection/orthogonal/layer19/eta0.01,300,-3.3098956731360734e-05,-7.965808778297243e-05,-0.00038902402862789126,0.000324609711414247,0.0005738686388871803
confirmation,C5/step2000,injection/orthogonal/layer19/eta0.03,300,-2.503462663785679e-05,-0.00018049225093811516,-0.0010612442737489235,0.001041104474405604,0.0017800278550996562
confirmation,C5/step2000,injection/orthogonal/layer19/eta0.1,300,0.000792099159220698,0.00044088288554995083,-0.002740124079186147,0.004308925838921014,0.006719559196412096
confirmation,C5/step2000,injection/orthogonal/layer3/eta0,300,0.0,0.0,0.0,0.0,0.0
confirmation,C5/step2000,injection/orthogonal/layer3/eta0.01,300,-1.592811324152108e-05,-2.279807263471949e-05,-0.0004091187724916954,0.0003729242039477731,0.0006929773045337111
confirmation,C5/step2000,injection/orthogonal/layer3/eta0.03,300,1.87751689920901e-05,-8.725744532787892e-06,-0.0011148077296459767,0.001188736262283926,0.002152468463567299
confirmation,C5/step2000,injection/orthogonal/layer3/eta0.1,300,0.0008475558463669824,0.0007410575085737574,-0.0030343063234344243,0.004470322075791246,0.00800509715643455
confirmation,C5/step2000,injection/random/layer11/eta0,300,0.0,0.0,0.0,0.0,0.0
confirmation,C5/step2000,injection/random/layer11/eta0.01,300,-7.120267612727608e-06,-5.707027405265748e-06,-0.0003296634343665416,0.0003455905463751846,0.0005946241964505417
confirmation,C5/step2000,injection/random/layer11/eta0.03,300,4.570888409151493e-05,5.1528450072281004e-05,-0.000949979767085999,0.0011095212200495203,0.0018635877474086492
confirmation,C5/step2000,injection/random/layer11/eta0.1,300,0.0009508328174981545,0.0008898307019331324,-0.002464046628456416,0.004356189036932518,0.006967784851554814
confirmation,C5/step2000,injection/random/layer19/eta0,300,0.0,0.0,0.0,0.0,0.0
confirmation,C5/step2000,injection/random/layer19/eta0.01,300,-3.2005510305169374e-05,-7.138289804533711e-05,-0.0003877249289685347,0.00032252965010995936,0.000577827513687254
confirmation,C5/step2000,injection/random/layer19/eta0.03,300,-2.1613964571414652e-05,-0.0001558769406296137,-0.001073627021369033,0.0010385588398129921,0.0018495394488957926
confirmation,C5/step2000,injection/random/layer19/eta0.1,300,0.0008053426667461245,0.0005599645179087721,-0.002719330975389856,0.004243340079239973,0.006867908868264027
confirmation,C5/step2000,injection/random/layer3/eta0,300,0.0,0.0,0.0,0.0,0.0
confirmation,C5/step2000,injection/random/layer3/eta0.01,300,-1.3988524910033219e-05,9.912205493356299e-07,-0.00040557440810316196,0.0003933268269215982,0.0007055027278389524
confirmation,C5/step2000,injection/random/layer3/eta0.03,300,2.604837492695005e-05,2.3609071265994093e-05,-0.0012014193797674705,0.0012684544240395854,0.0022147441473532852
confirmation,C5/step2000,injection/random/layer3/eta0.1,300,0.0008860927992292588,0.000818342674435593,-0.003106455164631521,0.004800924165981022,0.007978700652835877
confirmation,C5/step2000,injection/sink/layer11/eta0,300,0.0,0.0,0.0,0.0,0.0
confirmation,C5/step2000,injection/sink/layer11/eta0.01,300,8.007805491369854e-05,6.561579666738435e-05,-0.000664906238946389,0.0008468252467358206,0.0013681576946588956
confirmation,C5/step2000,injection/sink/layer11/eta0.03,300,0.0004726395394232642,0.00045590137872170275,-0.001784977950449065,0.0028274491077332985,0.004278927900659759
confirmation,C5/step2000,injection/sink/layer11/eta0.1,300,0.0042869511301436136,0.0045681600495586245,-0.002822680736151267,0.012016739432267318,0.016351576677457565
confirmation,C5/step2000,injection/sink/layer19/eta0,300,0.0,0.0,0.0,0.0,0.0
confirmation,C5/step2000,injection/sink/layer19/eta0.01,300,-1.0594145206641654e-05,-6.074980487973671e-05,-0.0006646884707953986,0.0006738948071096826,0.0011886897049550938
confirmation,C5/step2000,injection/sink/layer19/eta0.03,300,0.00021457416804756703,4.559614526943898e-05,-0.0017270065668061024,0.002270165390855684,0.0037878201702448333
confirmation,C5/step2000,injection/sink/layer19/eta0.1,300,0.0035740093922051854,0.003159800852377584,-0.0031623915424497107,0.010171627435158558,0.015291192963367397
confirmation,C5/step2000,injection/sink/layer3/eta0,300,0.0,0.0,0.0,0.0,0.0
confirmation,C5/step2000,injection/sink/layer3/eta0.01,300,0.00032006131069553805,0.00028811477300688974,-0.00025449587604192296,0.0008777182871901143,0.001453183391901452
confirmation,C5/step2000,injection/sink/layer3/eta0.03,300,0.0011236760497406087,0.0010587587131289985,-0.0005425055195966105,0.0027501263956385335,0.004478511660117803
confirmation,C5/step2000,injection/sink/layer3/eta0.1,300,0.005635883701754993,0.004399922889048659,-0.0004965414212444635,0.010896720285490743,0.016769709549550937
confirmation,C5/step2000,single_delete/layer11,300,0.00040299713455160146,0.0002622529277651329,-0.0009249664667084461,0.0013465956440122109,0.002841285645492438
confirmation,C5/step2000,single_delete/layer19,300,0.00017445131236799744,7.464191106360728e-05,-0.0005925846850778174,0.0007674149640901822,0.001649430042176735
confirmation,C5/step2000,single_delete/layer3,300,0.00017536123280763002,8.170060285433071e-05,-0.0005706576850470596,0.0007610771599717027,0.001546409186415786
confirmation,C5/step2000,single_rescue/layer11,300,0.0,0.0,0.0,0.0,0.0
confirmation,C5/step2000,single_rescue/layer19,300,0.0,0.0,0.0,0.0,0.0
confirmation,C5/step2000,single_rescue/layer3,300,0.0,0.0,0.0,0.0,0.0
confirmation,C5/step10000,all_delete/layer11,300,0.08526396536138739,0.06404550807682549,0.034593747356745204,0.10930897494939368,0.1861189669511451
confirmation,C5/step10000,all_delete/layer19,300,0.08526396536138739,0.06404550807682549,0.034593747356745204,0.10930897494939368,0.1861189669511451
confirmation,C5/step10000,all_delete/layer3,300,0.08526396536138739,0.06404550807682549,0.034593747356745204,0.10930897494939368,0.1861189669511451
confirmation,C5/step10000,conditional_rescue/layer11,300,0.07651035151143713,0.05676014216866081,0.029994799396184487,0.0978384543591597,0.16632744721540324
confirmation,C5/step10000,conditional_rescue/layer19,300,0.07419264983630243,0.05627011877345288,0.028469738997812345,0.09881277159443051,0.16325415063092094
confirmation,C5/step10000,conditional_rescue/layer3,300,0.08348822486056431,0.06203807620551642,0.0331383652574434,0.10738085198590136,0.18914574900950035
confirmation,C5/step10000,injection/non_sink/layer11/eta0,300,0.0,0.0,0.0,0.0,0.0
confirmation,C5/step10000,injection/non_sink/layer11/eta0.01,300,-2.7898227761736696e-05,-8.532005970872294e-05,-0.000809804661067452,0.0006937943105622539,0.0013970622866172498
confirmation,C5/step10000,injection/non_sink/layer11/eta0.03,300,0.0002504133489814018,7.353054256889764e-05,-0.002177689019150621,0.0023660059050312193,0.00452628849059578
confirmation,C5/step10000,injection/non_sink/layer11/eta0.1,300,0.0049380263881733414,0.005231887336791031,-0.0031585693359375,0.011785056647353284,0.019322516974501727
confirmation,C5/step10000,injection/non_sink/layer19/eta0,300,0.0,0.0,0.0,0.0,0.0
confirmation,C5/step10000,injection/non_sink/layer19/eta0.01,300,-3.403248123609488e-05,-5.510285144715797e-05,-0.0007852644432248092,0.0007083397211990958,0.0012708018145223302
confirmation,C5/step10000,injection/non_sink/layer19/eta0.03,300,0.00031235246833540947,0.00024733956404558315,-0.0018702754824180302,0.0025443730391855315,0.004140766774575545
confirmation,C5/step10000,injection/non_sink/layer19/eta0.1,300,0.005907193844712625,0.005502055010457677,-0.001993877681221549,0.013072051401213397,0.019372375368133306
confirmation,C5/step10000,injection/non_sink/layer3/eta0,300,0.0,0.0,0.0,0.0,0.0
confirmation,C5/step10000,injection/non_sink/layer3/eta0.01,300,3.522417363845144e-05,3.260514867587352e-05,-0.0003420762189729946,0.00044454739788385824,0.0008673720472440945
confirmation,C5/step10000,injection/non_sink/layer3/eta0.03,300,0.00020557961751782675,0.00023984533595287894,-0.0009725525623231423,0.0013998362023060716,0.002686342855138103
confirmation,C5/step10000,injection/non_sink/layer3/eta0.1,300,0.0018812413102998508,0.001968924454816683,-0.002202980161651852,0.005862694086990957,0.01043352742833416
confirmation,C5/step10000,injection/orthogonal/layer11/eta0,300,0.0,0.0,0.0,0.0,0.0
confirmation,C5/step10000,injection/orthogonal/layer11/eta0.01,300,3.370570385549951e-05,5.640946035310039e-05,-0.00040506377933532234,0.0005622998935969796,0.0009540017195573947
confirmation,C5/step10000,injection/orthogonal/layer11/eta0.03,300,0.0003045736147662786,0.00036182553749384845,-0.00106048583984375,0.0018196631604292263,0.003095587782972441
confirmation,C5/step10000,injection/orthogonal/layer11/eta0.1,300,0.0034435181354913183,0.0037957289087490777,-0.0011434029406449926,0.008467448977973517,0.01313049736924059
confirmation,C5/step10000,injection/orthogonal/layer19/eta0,300,0.0,0.0,0.0,0.0,0.0
confirmation,C5/step10000,injection/orthogonal/layer19/eta0.01,300,5.464128309034616e-06,6.5330445297121066e-06,-0.0003831818347840797,0.0003472500898706631,0.0007815143254798229
confirmation,C5/step10000,injection/orthogonal/layer19/eta0.03,300,0.00016852917007886833,0.0001612535611851009,-0.0009807000948688176,0.0011897988206758274,0.00246744230976255
confirmation,C5/step10000,injection/orthogonal/layer19/eta0.1,300,0.0023445423756997415,0.0023606518122154894,-0.001753487924891194,0.005860606516440083,0.010054493701364112
confirmation,C5/step10000,injection/orthogonal/layer3/eta0,300,0.0,0.0,0.0,0.0,0.0
confirmation,C5/step10000,injection/orthogonal/layer3/eta0.01,300,-5.500773432373686e-06,5.3525909664124016e-05,-0.0005148527190441222,0.0004665494903804749,0.0010008323849655515
confirmation,C5/step10000,injection/orthogonal/layer3/eta0.03,300,0.00016615925185636587,0.00027519886887918306,-0.0013291666826863928,0.0015427334102119986,0.003128448246032236
confirmation,C5/step10000,injection/orthogonal/layer3/eta0.1,300,0.0027227031277233535,0.0026989734078955462,-0.002220514252429872,0.00768340103269562,0.012407290841650782
confirmation,C5/step10000,injection/random/layer11/eta0,300,0.0,0.0,0.0,0.0,0.0
confirmation,C5/step10000,injection/random/layer11/eta0.01,300,3.5890619272947934e-05,6.325789323941929e-05,-0.0004097195122185655,0.0005622698566106362,0.0009478831854392225
confirmation,C5/step10000,injection/random/layer11/eta0.03,300,0.00031159253258091884,0.0003260364682655635,-0.0011093109611451156,0.0018739700317382812,0.003031044306717521
confirmation,C5/step10000,injection/random/layer11/eta0.1,300,0.0034723108396755432,0.0036053394708107775,-0.0012339794729638288,0.00884186752199188,0.013155000040850302
confirmation,C5/step10000,injection/random/layer19/eta0,300,0.0,0.0,0.0,0.0,0.0
confirmation,C5/step10000,injection/random/layer19/eta0.01,300,4.339518509511872e-06,1.8735570231760577e-06,-0.00038294904813991756,0.00034620630459522637,0.0007740261047843876
confirmation,C5/step10000,injection/random/layer19/eta0.03,300,0.00016539223237926253,0.00016410707488773374,-0.0010101964154581385,0.0012107608825203003,0.0024490446556271546
confirmation,C5/step10000,injection/random/layer19/eta0.1,300,0.0023361469378934446,0.0022564985620693897,-0.0016936730212113989,0.00590990472027636,0.010089615949495572
confirmation,C5/step10000,injection/random/layer3/eta0,300,0.0,0.0,0.0,0.0,0.0
confirmation,C5/step10000,injection/random/layer3/eta0.01,300,-8.385250261762321e-06,3.562386580339567e-05,-0.0005317447692390502,0.0004480241790531189,0.0009979037787970597
confirmation,C5/step10000,injection/random/layer3/eta0.03,300,0.00015814095344443332,0.0002786681408018578,-0.0013780293502206878,0.001576078219676581,0.0032172676146499757
confirmation,C5/step10000,injection/random/layer3/eta0.1,300,0.00271360061925853,0.0027774450347179507,-0.0023815049899844672,0.007827495965431995,0.012743894321711987
confirmation,C5/step10000,injection/sink/layer11/eta0,300,0.0,0.0,0.0,0.0,0.0
confirmation,C5/step10000,injection/sink/layer11/eta0.01,300,8.895558635080895e-05,6.319781926673228e-05,-0.0008410281083715244,0.0009676114780696359,0.0019048465518500869
confirmation,C5/step10000,injection/sink/layer11/eta0.03,300,0.0006747220507444047,0.0006303111399252584,-0.0021269490399698572,0.003238918274406373,0.006119101817213645
confirmation,C5/step10000,injection/sink/layer11/eta0.1,300,0.0070536671535862405,0.006014681237889088,-0.001656119279035433,0.015266448494017593,0.025889998909056664
confirmation,C5/step10000,injection/sink/layer19/eta0,300,0.0,0.0,0.0,0.0,0.0
confirmation,C5/step10000,injection/sink/layer19/eta0.01,300,0.0002480703889541426,0.0002674418171559732,-0.00034798599603607896,0.0009238325704739789,0.0015363137553057334
confirmation,C5/step10000,injection/sink/layer19/eta0.03,300,0.001055326111360485,0.001111713920052596,-0.0007237111489603839,0.0030894917765940267,0.004979201189176305
confirmation,C5/step10000,injection/sink/layer19/eta0.1,300,0.007089971757623467,0.0071164378969688115,0.0008940809355007382,0.013268650986078217,0.020612764733982835
confirmation,C5/step10000,injection/sink/layer3/eta0,300,0.0,0.0,0.0,0.0,0.0
confirmation,C5/step10000,injection/sink/layer3/eta0.01,300,0.0002017964841186844,0.00016374663105161172,-0.00032539067305917816,0.0007563425799993079,0.001287460327148438
confirmation,C5/step10000,injection/sink/layer3/eta0.03,300,0.0008075342653930343,0.0007135736660694512,-0.0008163001593642348,0.0024507026972733145,0.003987659244086801
confirmation,C5/step10000,injection/sink/layer3/eta0.1,300,0.005147165663911915,0.00485169418214813,-0.0012581367192305917,0.010209736861581878,0.01613030170831155
confirmation,C5/step10000,single_delete/layer11,300,0.0010982917675508915,0.0010752790556179258,-0.0015352879922221026,0.004026202704962783,0.006564928790715736
confirmation,C5/step10000,single_delete/layer19,300,0.0006404698990148509,0.0005854959563007505,-0.0009221054437592274,0.00222037157674474,0.004023613516739973
confirmation,C5/step10000,single_delete/layer3,300,4.342096684173022e-05,4.513057198111466e-05,-0.0009999012383889025,0.0011677554273229883,0.002428487342173659
confirmation,C5/step10000,single_rescue/layer11,300,0.0,0.0,0.0,0.0,0.0
confirmation,C5/step10000,single_rescue/layer19,300,0.0,0.0,0.0,0.0,0.0
confirmation,C5/step10000,single_rescue/layer3,300,0.0,0.0,0.0,0.0,0.0
confirmation,C6/step500,all_delete/layer11,300,0.0106739406635755,0.010172536053995446,-0.0058847111979807454,0.027636993588425043,0.04427805622731607
confirmation,C6/step500,all_delete/layer19,300,0.0106739406635755,0.010172536053995446,-0.0058847111979807454,0.027636993588425043,0.04427805622731607
confirmation,C6/step500,all_delete/layer3,300,0.0106739406635755,0.010172536053995446,-0.0058847111979807454,0.027636993588425043,0.04427805622731607
confirmation,C6/step500,conditional_rescue/layer11,300,0.010091078850853788,0.009035546009934795,-0.005856446393831509,0.02649359064778005,0.0430168332077387
confirmation,C6/step500,conditional_rescue/layer19,300,0.01045201519342858,0.010424546369417446,-0.00501435197244479,0.02736550428735928,0.04328330332838645
confirmation,C6/step500,conditional_rescue/layer3,300,0.008907200570494484,0.007461352611151267,-0.006747373445766178,0.025718508742925687,0.04119546244463583
confirmation,C6/step500,injection/non_sink/layer11/eta0,300,0.0,0.0,0.0,0.0,0.0
confirmation,C6/step500,injection/non_sink/layer11/eta0.01,300,-7.870391285012713e-05,-6.463959461122047e-05,-0.000819559172382505,0.0006528388796828863,0.0013724589911032854
confirmation,C6/step500,injection/non_sink/layer11/eta0.03,300,-7.501106562576896e-05,-5.310539185531496e-05,-0.002333243062177042,0.002130012812576895,0.004300710723156069
confirmation,C6/step500,injection/non_sink/layer11/eta0.1,300,0.0016393076779022617,0.0014428266390102114,-0.005817908940352793,0.008941094706377646,0.016434208426888537
confirmation,C6/step500,injection/non_sink/layer19/eta0,300,0.0,0.0,0.0,0.0,0.0
confirmation,C6/step500,injection/non_sink/layer19/eta0.01,300,-3.575092225562869e-05,6.307767132135827e-07,-0.000662480752299151,0.00061519502654789,0.0013012743371678159
confirmation,C6/step500,injection/non_sink/layer19/eta0.03,300,4.3298716307312155e-05,0.0001369836762195497,-0.0017562625915046753,0.0019633751215897208,0.004086754265732653
confirmation,C6/step500,injection/non_sink/layer19/eta0.1,300,0.0019086215001704499,0.002382308479369156,-0.004132653784564161,0.008575980118879183,0.015789134108175444
confirmation,C6/step500,injection/non_sink/layer3/eta0,300,0.0,0.0,0.0,0.0,0.0
confirmation,C6/step500,injection/non_sink/layer3/eta0.01,300,1.88402991908116e-05,6.312272680087352e-05,-0.00048127512293537773,0.00045617171159879433,0.0009633221964197843
confirmation,C6/step500,injection/non_sink/layer3/eta0.03,300,0.0001736383112709666,0.0002821974866972195,-0.0013390037957138902,0.0015044174795075663,0.003004245307501846
confirmation,C6/step500,injection/non_sink/layer3/eta0.1,300,0.0019363412331408402,0.0022633620134488806,-0.003178438802403728,0.006463268610436146,0.011036207544522026
confirmation,C6/step500,injection/orthogonal/layer11/eta0,300,0.0,0.0,0.0,0.0,0.0
confirmation,C6/step500,injection/orthogonal/layer11/eta0.01,300,-2.9907426809075624e-05,-3.439234936331201e-05,-0.00023538484348086861,0.0001816937303918553,0.0003740746205247294
confirmation,C6/step500,injection/orthogonal/layer11/eta0.03,300,-7.967530898847605e-05,-9.641872616264764e-05,-0.0007104798564760704,0.0005398547555517962,0.001096374031126969
confirmation,C6/step500,injection/orthogonal/layer11/eta0.1,300,-0.00014018061279937665,-0.00013615765909510334,-0.002209911196250615,0.0019886437363511936,0.00370122954601378
confirmation,C6/step500,injection/orthogonal/layer19/eta0,300,0.0,0.0,0.0,0.0,0.0
confirmation,C6/step500,injection/orthogonal/layer19/eta0.01,300,-4.065906594744505e-05,-6.611140694205218e-05,-0.00037262383408433804,0.00031354108194666584,0.0005582674281803643
confirmation,C6/step500,injection/orthogonal/layer19/eta0.03,300,-9.925421767347441e-05,-0.0001762570358636811,-0.0010871136282372663,0.0009648030198465182,0.0017266100785863685
confirmation,C6/step500,injection/orthogonal/layer19/eta0.1,300,-3.009085267234663e-05,-0.00011918676181102363,-0.0033053826159379616,0.0032867221381720595,0.005871383787140135
confirmation,C6/step500,injection/orthogonal/layer3/eta0,300,0.0,0.0,0.0,0.0,0.0
confirmation,C6/step500,injection/orthogonal/layer3/eta0.01,300,-1.8258282518762305e-05,-1.0633093165600393e-05,-0.00013148690771868848,9.804072342519685e-05,0.00019887488658033959
confirmation,C6/step500,injection/orthogonal/layer3/eta0.03,300,-4.6297809270423224e-05,-2.7453805517962597e-05,-0.00038773243821512056,0.00030134606549120325,0.0006029654675581327
confirmation,C6/step500,injection/orthogonal/layer3/eta0.1,300,-5.439648165164657e-05,2.327866441621555e-05,-0.0012336490661140503,0.0011291203536386565,0.0020988103911632632
confirmation,C6/step500,injection/random/layer11/eta0,300,0.0,0.0,0.0,0.0,0.0
confirmation,C6/step500,injection/random/layer11/eta0.01,300,-3.0939397536550604e-05,-3.412201648622047e-05,-0.00025095151165338954,0.00017882519819605069,0.0003619396780419538
confirmation,C6/step500,injection/random/layer11/eta0.03,300,-8.274258591058687e-05,-7.773572065698819e-05,-0.0007275258462260089,0.0005420925110343872,0.0010760179654819761
confirmation,C6/step500,injection/random/layer11/eta0.1,300,-0.00014944542111374262,-9.039631040077509e-05,-0.002275316734013595,0.0019013036893108697,0.003537131482221953
confirmation,C6/step500,injection/random/layer19/eta0,300,0.0,0.0,0.0,0.0,0.0
confirmation,C6/step500,injection/random/layer19/eta0.01,300,-4.1340204674427906e-05,-6.376852200725886e-05,-0.0003853144608144685,0.0003165898360605315,0.0005790590301273377
confirmation,C6/step500,injection/random/layer19/eta0.03,300,-0.00010117047727890215,-0.0001953905961644931,-0.0010846055398775838,0.0009371840109036663,0.001790474718949926
confirmation,C6/step500,injection/random/layer19/eta0.1,300,-3.535433391260663e-05,-8.01386795644685e-05,-0.0033143561656080833,0.0033283383827509842,0.005814926267608883
confirmation,C6/step500,injection/random/layer3/eta0,300,0.0,0.0,0.0,0.0,0.0
confirmation,C6/step500,injection/random/layer3/eta0.01,300,-2.0036472110297737e-05,-1.6970897284079725e-05,-0.000141083724855438,9.484178437961368e-05,0.0002054109348086861
confirmation,C6/step500,injection/random/layer3/eta0.03,300,-5.154216696271121e-05,-4.9080435685285434e-05,-0.00041766429510642225,0.00028915104903574066,0.0006256403885488437
confirmation,C6/step500,injection/random/layer3/eta0.1,300,-7.07527220718504e-05,-5.062734048197589e-05,-0.0012666446956123892,0.0010841324573426735,0.002177303043876108
confirmation,C6/step500,injection/sink/layer11/eta0,300,0.0,0.0,0.0,0.0,0.0
confirmation,C6/step500,injection/sink/layer11/eta0.01,300,-0.00035427604134627216,-0.0003551272895392471,-0.0007704336812177043,6.59762405035064e-05,0.0003889909879429139
confirmation,C6/step500,injection/sink/layer11/eta0.03,300,-0.0009971296255356997,-0.0010169922836183562,-0.002264773751807025,0.00028251287505382623,0.0012447627510611475
confirmation,C6/step500,injection/sink/layer11/eta0.1,300,-0.0025271461266545172,-0.00264302952083077,-0.006966823667991819,0.0018496626005398008,0.005127319576233391
confirmation,C6/step500,injection/sink/layer19/eta0,300,0.0,0.0,0.0,0.0,0.0
confirmation,C6/step500,injection/sink/layer19/eta0.01,300,-0.0001315057308967971,-0.00010089423712782971,-0.0007180341585414616,0.0004621040164016363,0.0010063531830554874
confirmation,C6/step500,injection/sink/layer19/eta0.03,300,-0.0002692645616105848,-0.00018577876053457184,-0.0021055627056932825,0.0014669163020577017,0.0031270725520577023
confirmation,C6/step500,injection/sink/layer19/eta0.1,300,0.0005360544760396161,0.0008556035559947096,-0.005355129091758427,0.0060065787608229275,0.011451096422090308
confirmation,C6/step500,injection/sink/layer3/eta0,300,0.0,0.0,0.0,0.0,0.0
confirmation,C6/step500,injection/sink/layer3/eta0.01,300,2.5158479144879838e-05,4.6196884996309054e-05,-0.00031601913332000495,0.00040393739234744093,0.0007270212248554381
confirmation,C6/step500,injection/sink/layer3/eta0.03,300,0.00015570863338280224,0.00020692479892039863,-0.0008939307505690207,0.001291605431263841,0.0022902601347194883
confirmation,C6/step500,injection/sink/layer3/eta0.1,300,0.0014663247736733103,0.0014326441006397637,-0.002066251799816222,0.0053900771253690945,0.008534390907587971
confirmation,C6/step500,single_delete/layer11,300,-0.000793544238633684,-0.0007985633189283957,-0.0017689982737143209,0.00019890492356668308,0.0011158800500584416
confirmation,C6/step500,single_delete/layer19,300,-0.00025395691238363274,-0.00010561004398375984,-0.0011985208105853224,0.0007087377112681471,0.001640019454355315
confirmation,C6/step500,single_delete/layer3,300,-0.00026905630517193654,-9.209340012918307e-05,-0.001096139742633489,0.0007801881925327571,0.00151949905035064
confirmation,C6/step500,single_rescue/layer11,300,0.0,0.0,0.0,0.0,0.0
confirmation,C6/step500,single_rescue/layer19,300,0.0,0.0,0.0,0.0,0.0
confirmation,C6/step500,single_rescue/layer3,300,0.0,0.0,0.0,0.0,0.0
confirmation,C6/step2000,all_delete/layer11,300,0.024998368941579904,0.02181062172716997,0.008145985640878753,0.040960484602319915,0.059457781934362706
confirmation,C6/step2000,all_delete/layer19,300,0.024998368941579904,0.02181062172716997,0.008145985640878753,0.040960484602319915,0.059457781934362706
confirmation,C6/step2000,all_delete/layer3,300,0.024998368941579904,0.02181062172716997,0.008145985640878753,0.040960484602319915,0.059457781934362706
confirmation,C6/step2000,conditional_rescue/layer11,300,0.022662394866542868,0.02059241167203648,0.0054264669343242495,0.03967146235188161,0.05595777015986406
confirmation,C6/step2000,conditional_rescue/layer19,300,0.023523692934531867,0.02181216863196666,0.00759720239113635,0.04066814963273176,0.056328877126138044
confirmation,C6/step2000,conditional_rescue/layer3,300,0.024031848056422757,0.021211954552357592,0.0066620684045506275,0.038318311135599935,0.05984010771503599
confirmation,C6/step2000,injection/non_sink/layer11/eta0,300,0.0,0.0,0.0,0.0,0.0
confirmation,C6/step2000,injection/non_sink/layer11/eta0.01,300,7.789156255446706e-05,0.0001186911515363558,-0.0005274119339589997,0.000743505522960753,0.0014593169445127963
confirmation,C6/step2000,injection/non_sink/layer11/eta0.03,300,0.000509420229694036,0.0006545660063976377,-0.0012720288254144624,0.002438612810270054,0.004617685032641797
confirmation,C6/step2000,injection/non_sink/layer11/eta0.1,300,0.004962378774728049,0.005126487551711675,-0.0009741445225993479,0.012023317532276544,0.01817856435700665
confirmation,C6/step2000,injection/non_sink/layer19/eta0,300,0.0,0.0,0.0,0.0,0.0
confirmation,C6/step2000,injection/non_sink/layer19/eta0.01,300,3.492790882981668e-05,6.373848502091535e-05,-0.0007523363969457431,0.0007611372339443897,0.001556480587936762
confirmation,C6/step2000,injection/non_sink/layer19/eta0.03,300,0.0004121747855439274,0.0004901135061669538,-0.0019852645753875493,0.00259253734678734,0.004956835649144934
confirmation,C6/step2000,injection/non_sink/layer19/eta0.1,300,0.0049807365797948965,0.0052161779929333785,-0.0031715378047913077,0.012392427038958691,0.020708270335760646
confirmation,C6/step2000,injection/non_sink/layer3/eta0,300,0.0,0.0,0.0,0.0,0.0
confirmation,C6/step2000,injection/non_sink/layer3/eta0.01,300,-8.954966787903953e-05,-4.529577540600394e-05,-0.0005669406079870509,0.000387341957392655,0.0008200788122462477
confirmation,C6/step2000,injection/non_sink/layer3/eta0.03,300,-0.0001434566467765748,-1.6069787693774605e-06,-0.0015877851351039616,0.0012749424130897823,0.0025536935160479215
confirmation,C6/step2000,injection/non_sink/layer3/eta0.1,300,0.0009882962484685143,0.0012813327819343628,-0.003948084012729915,0.005914823276790108,0.009936385267362822
confirmation,C6/step2000,injection/orthogonal/layer11/eta0,300,0.0,0.0,0.0,0.0,0.0
confirmation,C6/step2000,injection/orthogonal/layer11/eta0.01,300,3.4081967171095957e-07,3.904808224655512e-06,-0.000334604518620048,0.00030687287097840797,0.0005749469666969123
confirmation,C6/step2000,injection/orthogonal/layer11/eta0.03,300,5.6919188011349655e-05,9.898688849501723e-05,-0.0009620396171029158,0.0009653662133404589,0.0018006752795121802
confirmation,C6/step2000,injection/orthogonal/layer11/eta0.1,300,0.0008557096366181461,0.0009944945808470717,-0.002317796541949895,0.003886117709903266,0.006644815159594921
confirmation,C6/step2000,injection/orthogonal/layer19/eta0,300,0.0,0.0,0.0,0.0,0.0
confirmation,C6/step2000,injection/orthogonal/layer19/eta0.01,300,-8.803490265773662e-06,-3.1088280865526574e-05,-0.0003245196004552166,0.0002844127144400529,0.0006102794737327757
confirmation,C6/step2000,injection/orthogonal/layer19/eta0.03,300,4.878907691775345e-05,-1.4628012349286417e-05,-0.0009030995406503753,0.0009149040762833722,0.0018998243677334535
confirmation,C6/step2000,injection/orthogonal/layer19/eta0.1,300,0.0010466958594134474,0.0009177951362189346,-0.002176720326341043,0.0038901576845664677,0.007346995796744283
confirmation,C6/step2000,injection/orthogonal/layer3/eta0,300,0.0,0.0,0.0,0.0,0.0
confirmation,C6/step2000,injection/orthogonal/layer3/eta0.01,300,3.5772048269356938e-06,3.237987127829724e-05,-0.0002955038716473917,0.00031931569257120446,0.0006163289227823573
confirmation,C6/step2000,injection/orthogonal/layer3/eta0.03,300,6.55108674617577e-05,0.0001365181029312254,-0.0007944182148129921,0.0009990752212644563,0.0019052670696588952
confirmation,C6/step2000,injection/orthogonal/layer3/eta0.1,300,0.000861705820078612,0.0009742196150652068,-0.0018722729420098732,0.0040019253107506465,0.006729852871632018
confirmation,C6/step2000,injection/random/layer11/eta0,300,0.0,0.0,0.0,0.0,0.0
confirmation,C6/step2000,injection/random/layer11/eta0.01,300,9.617843027189968e-07,7.419135626845473e-06,-0.00034450170562023253,0.0003142995158518393,0.0005923383817898008
confirmation,C6/step2000,injection/random/layer11/eta0.03,300,5.878328338382751e-05,6.63817398191437e-05,-0.0009603425273745079,0.001000787329486036,0.0018106805996632015
confirmation,C6/step2000,injection/random/layer11/eta0.1,300,0.0008618226639554882,0.000972567580816314,-0.002305856839878353,0.00402313142310916,0.006621842872439407
confirmation,C6/step2000,injection/random/layer19/eta0,300,0.0,0.0,0.0,0.0,0.0
confirmation,C6/step2000,injection/random/layer19/eta0.01,300,-1.0271447850024605e-05,-4.140598567452018e-05,-0.00034053682342289,0.00028713106170414,0.0005967418039877584
confirmation,C6/step2000,injection/random/layer19/eta0.03,300,4.444222437740937e-05,-4.856980691744587e-05,-0.0009456919872854638,0.0009293443574680118,0.0018866141011395793
confirmation,C6/step2000,injection/random/layer19/eta0.1,300,0.0010331337595862041,0.0008871123546690452,-0.002294127396711214,0.0039621638500784324,0.007489311038039801
confirmation,C6/step2000,injection/random/layer3/eta0,300,0.0,0.0,0.0,0.0,0.0
confirmation,C6/step2000,injection/random/layer3/eta0.01,300,3.3121284224542727e-06,2.808458223117618e-05,-0.000288948299377922,0.00031873748058409203,0.0006041369100255293
confirmation,C6/step2000,injection/random/layer3/eta0.03,300,6.462652852216104e-05,0.00013318399744709645,-0.00080944421723133,0.0010334074966550813,0.0018833490807240406
confirmation,C6/step2000,injection/random/layer3/eta0.1,300,0.0008600603939667149,0.0009507306917445866,-0.0018607011930210386,0.004155098922609344,0.00697930703951618
confirmation,C6/step2000,injection/sink/layer11/eta0,300,0.0,0.0,0.0,0.0,0.0
confirmation,C6/step2000,injection/sink/layer11/eta0.01,300,7.724847067685265e-05,4.73082534910187e-05,-0.00035296462652251474,0.0004555184071458231,0.0009510280579093876
confirmation,C6/step2000,injection/sink/layer11/eta0.03,300,0.00033381825044086287,0.0002723904106560654,-0.0009407133567990281,0.001504079563411202,0.0029966789906419175
confirmation,C6/step2000,injection/sink/layer11/eta0.1,300,0.002312047312578817,0.0018173878587137058,-0.001829177375853531,0.006311409116729977,0.011132926640548116
confirmation,C6/step2000,injection/sink/layer19/eta0,300,0.0,0.0,0.0,0.0,0.0
confirmation,C6/step2000,injection/sink/layer19/eta0.01,300,-0.00028179028528568936,-0.00034348795733113923,-0.000861513333057794,0.0002649036918099471,0.0008145550104576774
confirmation,C6/step2000,injection/sink/layer19/eta0.03,300,-0.0006779236680879367,-0.0008480041984498031,-0.002372201033464567,0.0010192450575941191,0.0026314412514994463
confirmation,C6/step2000,injection/sink/layer19/eta0.1,300,-0.00033039203153194713,-0.0009789504404143085,-0.005775023633100855,0.005649123604842058,0.010864537156472997
confirmation,C6/step2000,injection/sink/layer3/eta0,300,0.0,0.0,0.0,0.0,0.0
confirmation,C6/step2000,injection/sink/layer3/eta0.01,300,7.041390486589568e-05,8.402846929595227e-05,-0.0005174246359997847,0.0006004693939929872,0.0012511125699741642
confirmation,C6/step2000,injection/sink/layer3/eta0.03,300,0.00037649129632263983,0.0003601134292722687,-0.0014455750232606423,0.0019732572900967335,0.00395855640801858
confirmation,C6/step2000,injection/sink/layer3/eta0.1,300,0.0031537510528964947,0.0028286430779404527,-0.0029632012675127645,0.00869013568547767,0.014372520747147208
confirmation,C6/step2000,single_delete/layer11,300,0.0006779876468688484,0.00034070953609436516,-0.0015627643254798227,0.0027627194021630475,0.004842175461175876
confirmation,C6/step2000,single_delete/layer19,300,-0.0005530701784949916,-0.0006662503940852608,-0.0022837496179295338,0.001081136267954909,0.002864050677442176
confirmation,C6/step2000,single_delete/layer3,300,0.0001431926717282593,0.00016808697557824803,-0.001042080676461768,0.0011400838536540355,0.002369491697296383
confirmation,C6/step2000,single_rescue/layer11,300,0.0,0.0,0.0,0.0,0.0
confirmation,C6/step2000,single_rescue/layer19,300,0.0,0.0,0.0,0.0,0.0
confirmation,C6/step2000,single_rescue/layer3,300,0.0,0.0,0.0,0.0,0.0
confirmation,C6/step10000,all_delete/layer11,300,0.24929264178739133,0.22503690644512025,0.16186303416575035,0.30398829152264933,0.4333200890248218
confirmation,C6/step10000,all_delete/layer19,300,0.24929264178739133,0.22503690644512025,0.16186303416575035,0.30398829152264933,0.4333200890248218
confirmation,C6/step10000,all_delete/layer3,300,0.24929264178739133,0.22503690644512025,0.16186303416575035,0.30398829152264933,0.4333200890248218
confirmation,C6/step10000,conditional_rescue/layer11,300,0.2421796703088315,0.2211464859369233,0.14956495330089659,0.2964378417007566,0.4242785356176183
confirmation,C6/step10000,conditional_rescue/layer19,300,0.23187969085112645,0.20488096222164123,0.14784267755943958,0.28963957058163137,0.3923467290683057
confirmation,C6/step10000,conditional_rescue/layer3,300,0.24391347634823618,0.2209599111962506,0.15650070370651606,0.3005027695903628,0.4176939446156422
confirmation,C6/step10000,injection/non_sink/layer11/eta0,300,0.0,0.0,0.0,0.0,0.0
confirmation,C6/step10000,injection/non_sink/layer11/eta0.01,300,1.0505235727064877e-05,1.7151119202140748e-05,-0.0007700882558747539,0.0007420862753560224,0.0016094147689699192
confirmation,C6/step10000,injection/non_sink/layer11/eta0.03,300,0.00039426580814551804,0.00040464326152651333,-0.0019644038883719858,0.002562305120032603,0.005307298194705034
confirmation,C6/step10000,injection/non_sink/layer11/eta0.1,300,0.0056716299933085605,0.005633617010642225,-0.0016517714252622109,0.012581900348813515,0.021116295761949434
confirmation,C6/step10000,injection/non_sink/layer19/eta0,300,0.0,0.0,0.0,0.0,0.0
confirmation,C6/step10000,injection/non_sink/layer19/eta0.01,300,8.698891466996801e-05,-5.101782130444144e-05,-0.0006949732622762365,0.0007788440373938853,0.0015495600662832189
confirmation,C6/step10000,injection/non_sink/layer19/eta0.03,300,0.0006383867088578191,0.0001997159221979577,-0.0016991998266986036,0.0027223496925173783,0.0050793234757551065
confirmation,C6/step10000,injection/non_sink/layer19/eta0.1,300,0.006538690031357011,0.005742335882712536,-0.0011710294588344304,0.013393026637280082,0.021484756469726564
confirmation,C6/step10000,injection/non_sink/layer3/eta0,300,0.0,0.0,0.0,0.0,0.0
confirmation,C6/step10000,injection/non_sink/layer3/eta0.01,300,-8.317566919201627e-06,-2.640251099593996e-05,-0.0004925389928141917,0.00046390623558224657,0.0010845274437130913
confirmation,C6/step10000,injection/non_sink/layer3/eta0.03,300,0.00013418755819165487,0.0001068115234375,-0.0013110055698184516,0.0015932743943582368,0.0034097025713582694
confirmation,C6/step10000,injection/non_sink/layer3/eta0.1,300,0.002345883477078335,0.0022141764483113928,-0.0022890286182794045,0.007228445819043738,0.013118335393470104
confirmation,C6/step10000,injection/orthogonal/layer11/eta0,300,0.0,0.0,0.0,0.0,0.0
confirmation,C6/step10000,injection/orthogonal/layer11/eta0.01,300,8.266223697211798e-05,8.249658299243356e-05,-0.00043727093794214444,0.0005467332254244586,0.0009237514706108518
confirmation,C6/step10000,injection/orthogonal/layer11/eta0.03,300,0.0003984513370383756,0.0004019849882351132,-0.0011510323351762426,0.001754467881570651,0.0028801895502045404
confirmation,C6/step10000,injection/orthogonal/layer11/eta0.1,300,0.0031189876966901966,0.0029351842685008613,-0.0022412022267739606,0.00757149073082631,0.011912764902189963
confirmation,C6/step10000,injection/orthogonal/layer19/eta0,300,0.0,0.0,0.0,0.0,0.0
confirmation,C6/step10000,injection/orthogonal/layer19/eta0.01,300,5.8517731393728976e-05,2.6672843873031496e-05,-0.0003185872956523745,0.00044226458692175197,0.000913553913747232
confirmation,C6/step10000,injection/orthogonal/layer19/eta0.03,300,0.0003263355615570789,0.0002240008256566806,-0.0008147307268277866,0.0014726984219288262,0.002916669470118727
confirmation,C6/step10000,injection/orthogonal/layer19/eta0.1,300,0.002852421107254629,0.0024588277020792322,-0.0010305765106922058,0.006847201369878814,0.01168569129283034
confirmation,C6/step10000,injection/orthogonal/layer3/eta0,300,0.0,0.0,0.0,0.0,0.0
confirmation,C6/step10000,injection/orthogonal/layer3/eta0.01,300,7.959072984109713e-05,7.85767562746063e-05,-0.0004080299317367434,0.0005566379216712292,0.0010098765215535803
confirmation,C6/step10000,injection/orthogonal/layer3/eta0.03,300,0.0003728515895332877,0.0003484140230914739,-0.0011072834645669291,0.0018130550234336552,0.003160128255528728
confirmation,C6/step10000,injection/orthogonal/layer3/eta0.1,300,0.002822071160544248,0.0028075871505136565,-0.0021789881188099777,0.00732237898458646,0.012037862942913397
confirmation,C6/step10000,injection/random/layer11/eta0,300,0.0,0.0,0.0,0.0,0.0
confirmation,C6/step10000,injection/random/layer11/eta0.01,300,8.26551532495053e-05,7.794597956139272e-05,-0.0004462895430917815,0.0005479572326179564,0.0009326964851439469
confirmation,C6/step10000,injection/random/layer11/eta0.03,300,0.00039839276491500576,0.00039389002041553887,-0.0011551398930587167,0.001861031599870817,0.0028611581156572975
confirmation,C6/step10000,injection/random/layer11/eta0.1,300,0.0031194136461873694,0.0028040127491387795,-0.0021987299280842457,0.00782247978871263,0.01174286369263657
confirmation,C6/step10000,injection/random/layer19/eta0,300,0.0,0.0,0.0,0.0,0.0
confirmation,C6/step10000,injection/random/layer19/eta0.01,300,5.95627682102634e-05,2.5005791130967027e-05,-0.00032475989634596456,0.0004367753276674766,0.0009352195919968016
confirmation,C6/step10000,injection/random/layer19/eta0.03,300,0.00032943780653745794,0.0002272898756612943,-0.0008172988891601562,0.001468718521238312,0.003019789447934609
confirmation,C6/step10000,injection/random/layer19/eta0.1,300,0.002864157158558763,0.0024629728061946357,-0.0011107677549827757,0.006844370383915939,0.011687322301188793
confirmation,C6/step10000,injection/random/layer3/eta0,300,0.0,0.0,0.0,0.0,0.0
confirmation,C6/step10000,injection/random/layer3/eta0.01,300,8.267675484885068e-05,0.00010033855288047491,-0.00042236508346918064,0.0005929976936400406,0.000969900296429011
confirmation,C6/step10000,injection/random/layer3/eta0.03,300,0.00038298281471873207,0.0004160573163370448,-0.001153247562919076,0.0018997868215005229,0.0030908719761165116
confirmation,C6/step10000,injection/random/layer3/eta0.1,300,0.0028660895129827067,0.002685727096918061,-0.0019316485547643948,0.007851983618548535,0.012068614809531872
confirmation,C6/step10000,injection/sink/layer11/eta0,300,0.0,0.0,0.0,0.0,0.0
confirmation,C6/step10000,injection/sink/layer11/eta0.01,300,5.198901719621836e-08,5.0341989111712604e-05,-0.0006280283289631521,0.0005548732487235483,0.0010089108324426376
confirmation,C6/step10000,injection/sink/layer11/eta0.03,300,0.000202982844955965,0.00031677756722517836,-0.0016749825064591535,0.0018595823152797429,0.0032626159547820815
confirmation,C6/step10000,injection/sink/layer11/eta0.1,300,0.003057243992963175,0.003456581295944574,-0.0026323663906788262,0.008424436013529619,0.013349833450918124
confirmation,C6/step10000,injection/sink/layer19/eta0,300,0.0,0.0,0.0,0.0,0.0
confirmation,C6/step10000,injection/sink/layer19/eta0.01,300,3.630680674955914e-05,2.587686373492864e-05,-0.0005457795511080525,0.0006610690139410064,0.0010281990832231185
confirmation,C6/step10000,injection/sink/layer19/eta0.03,300,0.0003380531651454335,0.0003037039689191683,-0.0014219509335014764,0.002211172749677042,0.0033953959547628585
confirmation,C6/step10000,injection/sink/layer19/eta0.1,300,0.0038207296686848316,0.0034299835445374014,-0.0020499041699987694,0.01005661581444928,0.01385530486820252
confirmation,C6/step10000,injection/sink/layer3/eta0,300,0.0,0.0,0.0,0.0,0.0
confirmation,C6/step10000,injection/sink/layer3/eta0.01,300,0.00010882310041292446,0.0001145310289277805,-0.0006050800713967151,0.0006950333362489235,0.0014432171198326782
confirmation,C6/step10000,injection/sink/layer3/eta0.03,300,0.0005612751067154051,0.0006248143714243971,-0.0015820781076986959,0.00237141256257305,0.004552135317344366
confirmation,C6/step10000,injection/sink/layer3/eta0.1,300,0.004573176726894428,0.004322637723186824,-0.003099651787224717,0.011103187020369401,0.016878686739703802
confirmation,C6/step10000,single_delete/layer11,300,0.0015402632185167527,0.0019634276863158217,-0.002513525054210753,0.006316237562284695,0.0096634391724594
confirmation,C6/step10000,single_delete/layer19,300,0.0017551847392805605,0.0016144842613400436,-0.0019825912836029776,0.005555610957108144,0.008334683996485914
confirmation,C6/step10000,single_delete/layer3,300,0.00021635591201581977,0.0002729986596295214,-0.0014815292959138163,0.0018954614954670584,0.003955447579932027
confirmation,C6/step10000,single_rescue/layer11,300,0.0,0.0,0.0,0.0,0.0
confirmation,C6/step10000,single_rescue/layer19,300,0.0,0.0,0.0,0.0,0.0
confirmation,C6/step10000,single_rescue/layer3,300,0.0,0.0,0.0,0.0,0.0
