panel,state,origin,order,ordinal,layer_added,increment_ce_nats,all_layer_delta_ce_nats
discovery,teacher,AdritaPC,forward,0,0,0.0009324150490195654,1.4271086711500554
discovery,teacher,AdritaPC,forward,1,1,0.0015714553866066098,1.4271086711500554
discovery,teacher,AdritaPC,forward,2,2,0.003170932943925379,1.4271086711500554
discovery,teacher,AdritaPC,forward,3,3,0.005032605740469037,1.4271086711500554
discovery,teacher,AdritaPC,forward,4,4,0.01026385164721881,1.4271086711500554
discovery,teacher,AdritaPC,forward,5,5,0.01338609782812672,1.4271086711500554
discovery,teacher,AdritaPC,forward,6,6,0.008095108915359917,1.4271086711500554
discovery,teacher,AdritaPC,forward,7,7,0.006219552868874523,1.4271086711500554
discovery,teacher,AdritaPC,forward,8,8,0.009517845601684309,1.4271086711500554
discovery,teacher,AdritaPC,forward,9,9,0.008824507841679055,1.4271086711500554
discovery,teacher,AdritaPC,forward,10,10,0.013113900698706743,1.4271086711500554
discovery,teacher,AdritaPC,forward,11,11,0.018424361899196905,1.4271086711500554
discovery,teacher,AdritaPC,forward,12,12,0.038295808568000404,1.4271086711500554
discovery,teacher,AdritaPC,forward,13,13,0.027294682270585707,1.4271086711500554
discovery,teacher,AdritaPC,forward,14,14,0.03725519494434667,1.4271086711500554
discovery,teacher,AdritaPC,forward,15,15,0.025137218749077303,1.4271086711500554
discovery,teacher,AdritaPC,forward,16,16,0.028134766105670003,1.4271086711500554
discovery,teacher,AdritaPC,forward,17,17,0.08040233248957186,1.4271086711500554
discovery,teacher,AdritaPC,forward,18,18,0.09072883389596864,1.4271086711500554
discovery,teacher,AdritaPC,forward,19,19,0.08207940704866344,1.4271086711500554
discovery,teacher,AdritaPC,forward,20,20,0.08930472088611031,1.4271086711500554
discovery,teacher,AdritaPC,forward,21,21,0.08823528054505196,1.4271086711500554
discovery,teacher,AdritaPC,forward,22,22,0.09637144043689638,1.4271086711500554
discovery,teacher,AdritaPC,forward,23,23,0.07008338913204164,1.4271086711500554
discovery,teacher,AdritaPC,forward,24,24,0.06327505967748447,1.4271086711500554
discovery,teacher,AdritaPC,forward,25,25,0.054998147318682335,1.4271086711500554
discovery,teacher,AdritaPC,forward,26,26,0.0765599525631882,1.4271086711500554
discovery,teacher,AdritaPC,forward,27,27,0.07224250087587852,1.4271086711500554
discovery,teacher,AdritaPC,forward,28,28,0.03358276922871746,1.4271086711500554
discovery,teacher,AdritaPC,forward,29,29,0.045231550471989186,1.4271086711500554
discovery,teacher,AdritaPC,forward,30,30,0.052464641310724376,1.4271086711500554
discovery,teacher,AdritaPC,forward,31,31,0.0379560911123521,1.4271086711500554
discovery,teacher,AdritaPC,forward,32,32,0.05759565558646296,1.4271086711500554
discovery,teacher,AdritaPC,forward,33,33,0.02240807741019982,1.4271086711500554
discovery,teacher,AdritaPC,forward,34,34,0.04369969685872396,1.4271086711500554
discovery,teacher,AdritaPC,forward,35,35,0.015218817242800085,1.4271086711500554
discovery,teacher,AdritaPC,reverse,0,35,-4.5651070763823865e-05,1.4271086711500554
discovery,teacher,AdritaPC,reverse,1,34,0.00019070789195949167,1.4271086711500554
discovery,teacher,AdritaPC,reverse,2,33,-0.0011397718422828619,1.4271086711500554
discovery,teacher,AdritaPC,reverse,3,32,0.007810024739954415,1.4271086711500554
discovery,teacher,AdritaPC,reverse,4,31,0.008849706813849488,1.4271086711500554
discovery,teacher,AdritaPC,reverse,5,30,0.017375689438517326,1.4271086711500554
discovery,teacher,AdritaPC,reverse,6,29,0.01670378265965955,1.4271086711500554
discovery,teacher,AdritaPC,reverse,7,28,0.02163540776633215,1.4271086711500554
discovery,teacher,AdritaPC,reverse,8,27,0.020883878528915364,1.4271086711500554
discovery,teacher,AdritaPC,reverse,9,26,0.03867004070382106,1.4271086711500554
discovery,teacher,AdritaPC,reverse,10,25,0.04216806471817137,1.4271086711500554
discovery,teacher,AdritaPC,reverse,11,24,0.028687822687344287,1.4271086711500554
discovery,teacher,AdritaPC,reverse,12,23,0.05482898146461627,1.4271086711500554
discovery,teacher,AdritaPC,reverse,13,22,0.021289413231877205,1.4271086711500554
discovery,teacher,AdritaPC,reverse,14,21,0.060718844256063144,1.4271086711500554
discovery,teacher,AdritaPC,reverse,15,20,0.0771424765098752,1.4271086711500554
discovery,teacher,AdritaPC,reverse,16,19,0.09861681264842276,1.4271086711500554
discovery,teacher,AdritaPC,reverse,17,18,0.07055209302526759,1.4271086711500554
discovery,teacher,AdritaPC,reverse,18,17,0.14744196088295283,1.4271086711500554
discovery,teacher,AdritaPC,reverse,19,16,0.08043066355187123,1.4271086711500554
discovery,teacher,AdritaPC,reverse,20,15,0.04135391470641289,1.4271086711500554
discovery,teacher,AdritaPC,reverse,21,14,0.0793069047001716,1.4271086711500554
discovery,teacher,AdritaPC,reverse,22,13,0.0394528983208764,1.4271086711500554
discovery,teacher,AdritaPC,reverse,23,12,0.10724911246712752,1.4271086711500554
discovery,teacher,AdritaPC,reverse,24,11,0.06813938291054072,1.4271086711500554
discovery,teacher,AdritaPC,reverse,25,10,0.06256023156674204,1.4271086711500554
discovery,teacher,AdritaPC,reverse,26,9,0.028777241243777937,1.4271086711500554
discovery,teacher,AdritaPC,reverse,27,8,0.039911597644876,1.4271086711500554
discovery,teacher,AdritaPC,reverse,28,7,0.023653101483042154,1.4271086711500554
discovery,teacher,AdritaPC,reverse,29,6,0.005622193444119349,1.4271086711500554
discovery,teacher,AdritaPC,reverse,30,5,0.016927474114525658,1.4271086711500554
discovery,teacher,AdritaPC,reverse,31,4,0.01916193564107099,1.4271086711500554
discovery,teacher,AdritaPC,reverse,32,3,0.021529752876502023,1.4271086711500554
discovery,teacher,AdritaPC,reverse,33,2,0.017558265746109115,1.4271086711500554
discovery,teacher,AdritaPC,reverse,34,1,0.02631420636114486,1.4271086711500554
discovery,teacher,AdritaPC,reverse,35,0,0.01677950931659208,1.4271086711500554
discovery,C1/step500,AdritaPC,forward,0,0,0.004373719222902313,0.007593896620542671
discovery,C1/step500,AdritaPC,forward,1,1,-0.00016729239716617444,0.007593896620542671
discovery,C1/step500,AdritaPC,forward,2,2,0.00020505329442462264,0.007593896620542671
discovery,C1/step500,AdritaPC,forward,3,3,0.00034137395423228353,0.007593896620542671
discovery,C1/step500,AdritaPC,forward,4,4,0.0001476466061249179,0.007593896620542671
discovery,C1/step500,AdritaPC,forward,5,5,0.00020711263020833335,0.007593896620542671
discovery,C1/step500,AdritaPC,forward,6,6,0.0002616672065314346,0.007593896620542671
discovery,C1/step500,AdritaPC,forward,7,7,0.00021324818528543313,0.007593896620542671
discovery,C1/step500,AdritaPC,forward,8,8,0.00017607020580862444,0.007593896620542671
discovery,C1/step500,AdritaPC,forward,9,9,0.00020567405880905518,0.007593896620542671
discovery,C1/step500,AdritaPC,forward,10,10,0.00016729680259083824,0.007593896620542671
discovery,C1/step500,AdritaPC,forward,11,11,0.00016029578181389433,0.007593896620542671
discovery,C1/step500,AdritaPC,forward,12,12,0.00012895338804390176,0.007593896620542671
discovery,C1/step500,AdritaPC,forward,13,13,0.0001233278609949147,0.007593896620542671
discovery,C1/step500,AdritaPC,forward,14,14,0.00014542286790262052,0.007593896620542671
discovery,C1/step500,AdritaPC,forward,15,15,0.00018294006507853512,0.007593896620542671
discovery,C1/step500,AdritaPC,forward,16,16,0.0001222881807742782,0.007593896620542671
discovery,C1/step500,AdritaPC,forward,17,17,9.760298441088422e-05,0.007593896620542671
discovery,C1/step500,AdritaPC,forward,18,18,8.980698472871555e-05,0.007593896620542671
discovery,C1/step500,AdritaPC,forward,19,19,0.00012927378256489912,0.007593896620542671
discovery,C1/step500,AdritaPC,forward,20,20,8.099713663416577e-05,0.007593896620542671
discovery,C1/step500,AdritaPC,forward,21,21,6.080026701679385e-05,0.007593896620542671
discovery,C1/step500,AdritaPC,forward,22,22,8.367102915846456e-05,0.007593896620542671
discovery,C1/step500,AdritaPC,forward,23,23,5.6946521668922185e-05,0.007593896620542671
discovery,C1/step500,AdritaPC,reverse,0,23,-2.0611980768639273e-05,0.007593896620542671
discovery,C1/step500,AdritaPC,reverse,1,22,-1.3650608813668798e-05,0.007593896620542671
discovery,C1/step500,AdritaPC,reverse,2,21,-3.5122648624610396e-05,0.007593896620542671
discovery,C1/step500,AdritaPC,reverse,3,20,1.1215410207513125e-05,0.007593896620542671
discovery,C1/step500,AdritaPC,reverse,4,19,5.520637892675525e-05,0.007593896620542671
discovery,C1/step500,AdritaPC,reverse,5,18,1.5144848760970303e-05,0.007593896620542671
discovery,C1/step500,AdritaPC,reverse,6,17,5.1169608208763935e-05,0.007593896620542671
discovery,C1/step500,AdritaPC,reverse,7,16,6.662624088797982e-05,0.007593896620542671
discovery,C1/step500,AdritaPC,reverse,8,15,7.77931914241921e-05,0.007593896620542671
discovery,C1/step500,AdritaPC,reverse,9,14,6.646384091514927e-05,0.007593896620542671
discovery,C1/step500,AdritaPC,reverse,10,13,7.71451935054749e-05,0.007593896620542671
discovery,C1/step500,AdritaPC,reverse,11,12,8.013207142747292e-05,0.007593896620542671
discovery,C1/step500,AdritaPC,reverse,12,11,0.00011285696755556923,0.007593896620542671
discovery,C1/step500,AdritaPC,reverse,13,10,0.00012810234009750246,0.007593896620542671
discovery,C1/step500,AdritaPC,reverse,14,9,0.00013329973996780678,0.007593896620542671
discovery,C1/step500,AdritaPC,reverse,15,8,0.00011489147276390257,0.007593896620542671
discovery,C1/step500,AdritaPC,reverse,16,7,0.00015088078856781087,0.007593896620542671
discovery,C1/step500,AdritaPC,reverse,17,6,0.00020612701656311512,0.007593896620542671
discovery,C1/step500,AdritaPC,reverse,18,5,0.00018579598174007548,0.007593896620542671
discovery,C1/step500,AdritaPC,reverse,19,4,6.70305387241634e-05,0.007593896620542671
discovery,C1/step500,AdritaPC,reverse,20,3,0.00017353608539411088,0.007593896620542671
discovery,C1/step500,AdritaPC,reverse,21,2,0.00032376907628978017,0.007593896620542671
discovery,C1/step500,AdritaPC,reverse,22,1,0.0006440472540267183,0.007593896620542671
discovery,C1/step500,AdritaPC,reverse,23,0,0.004922047812794763,0.007593896620542671
discovery,C1/step2000,AdritaPC,forward,0,0,0.0021466641163262797,0.014020627039311126
discovery,C1/step2000,AdritaPC,forward,1,1,0.0004945882161458335,0.014020627039311126
discovery,C1/step2000,AdritaPC,forward,2,2,0.0004622666166210425,0.014020627039311126
discovery,C1/step2000,AdritaPC,forward,3,3,0.00022947076111640824,0.014020627039311126
discovery,C1/step2000,AdritaPC,forward,4,4,0.00012835885596087606,0.014020627039311126
discovery,C1/step2000,AdritaPC,forward,5,5,0.00012678792157511072,0.014020627039311126
discovery,C1/step2000,AdritaPC,forward,6,6,0.0002963613274842109,0.014020627039311126
discovery,C1/step2000,AdritaPC,forward,7,7,0.00042097837593298886,0.014020627039311126
discovery,C1/step2000,AdritaPC,forward,8,8,0.0005652296011216372,0.014020627039311126
discovery,C1/step2000,AdritaPC,forward,9,9,0.0007845400512374917,0.014020627039311126
discovery,C1/step2000,AdritaPC,forward,10,10,0.0007040739685218791,0.014020627039311126
discovery,C1/step2000,AdritaPC,forward,11,11,0.0009584137523581036,0.014020627039311126
discovery,C1/step2000,AdritaPC,forward,12,12,0.0008245693417046015,0.014020627039311126
discovery,C1/step2000,AdritaPC,forward,13,13,0.0004584673383417405,0.014020627039311126
discovery,C1/step2000,AdritaPC,forward,14,14,0.0005696129986620326,0.014020627039311126
discovery,C1/step2000,AdritaPC,forward,15,15,0.0006037201969016567,0.014020627039311126
discovery,C1/step2000,AdritaPC,forward,16,16,0.0006995387840771614,0.014020627039311126
discovery,C1/step2000,AdritaPC,forward,17,17,0.000750380989134781,0.014020627039311126
discovery,C1/step2000,AdritaPC,forward,18,18,0.0006784085651708087,0.014020627039311126
discovery,C1/step2000,AdritaPC,forward,19,19,0.0005851783652318117,0.014020627039311126
discovery,C1/step2000,AdritaPC,forward,20,20,0.000470679976495858,0.014020627039311126
discovery,C1/step2000,AdritaPC,forward,21,21,0.00041315093753844725,0.014020627039311126
discovery,C1/step2000,AdritaPC,forward,22,22,0.0003200695208051387,0.014020627039311126
discovery,C1/step2000,AdritaPC,forward,23,23,0.00032911646084522636,0.014020627039311126
discovery,C1/step2000,AdritaPC,reverse,0,23,9.838775074075214e-05,0.014020627039311126
discovery,C1/step2000,AdritaPC,reverse,1,22,1.4932387144233932e-06,0.014020627039311126
discovery,C1/step2000,AdritaPC,reverse,2,21,0.00011493152207902723,0.014020627039311126
discovery,C1/step2000,AdritaPC,reverse,3,20,0.0001348492479699803,0.014020627039311126
discovery,C1/step2000,AdritaPC,reverse,4,19,0.00018442969935459727,0.014020627039311126
discovery,C1/step2000,AdritaPC,reverse,5,18,0.0003618898166446235,0.014020627039311126
discovery,C1/step2000,AdritaPC,reverse,6,17,0.0004441172682394193,0.014020627039311126
discovery,C1/step2000,AdritaPC,reverse,7,16,0.000615740998836327,0.014020627039311126
discovery,C1/step2000,AdritaPC,reverse,8,15,0.0005027136214449024,0.014020627039311126
discovery,C1/step2000,AdritaPC,reverse,9,14,0.0005476863991244258,0.014020627039311126
discovery,C1/step2000,AdritaPC,reverse,10,13,0.00036630064796587926,0.014020627039311126
discovery,C1/step2000,AdritaPC,reverse,11,12,0.0008674949986415272,0.014020627039311126
discovery,C1/step2000,AdritaPC,reverse,12,11,0.0006392585574172614,0.014020627039311126
discovery,C1/step2000,AdritaPC,reverse,13,10,0.0005765080890004716,0.014020627039311126
discovery,C1/step2000,AdritaPC,reverse,14,9,0.0006409422306251025,0.014020627039311126
discovery,C1/step2000,AdritaPC,reverse,15,8,0.0005302385144972112,0.014020627039311126
discovery,C1/step2000,AdritaPC,reverse,16,7,0.0005037919492546342,0.014020627039311126
discovery,C1/step2000,AdritaPC,reverse,17,6,0.00037808495869473844,0.014020627039311126
discovery,C1/step2000,AdritaPC,reverse,18,5,0.00016662016941180685,0.014020627039311126
discovery,C1/step2000,AdritaPC,reverse,19,4,0.00013427994695548316,0.014020627039311126
discovery,C1/step2000,AdritaPC,reverse,20,3,0.00017289189216033053,0.014020627039311126
discovery,C1/step2000,AdritaPC,reverse,21,2,0.00023801988816949635,0.014020627039311126
discovery,C1/step2000,AdritaPC,reverse,22,1,0.000549657225921711,0.014020627039311126
discovery,C1/step2000,AdritaPC,reverse,23,0,0.005250298407446994,0.014020627039311126
discovery,C1/step10000,AdritaPC,forward,0,0,0.0022029061705421587,0.05117747059018593
discovery,C1/step10000,AdritaPC,forward,1,1,0.00048631422788765174,0.05117747059018593
discovery,C1/step10000,AdritaPC,forward,2,2,0.0006010608222540908,0.05117747059018593
discovery,C1/step10000,AdritaPC,forward,3,3,0.0008354380249664228,0.05117747059018593
discovery,C1/step10000,AdritaPC,forward,4,4,0.0006065565895220739,0.05117747059018593
discovery,C1/step10000,AdritaPC,forward,5,5,0.0009651640644223671,0.05117747059018593
discovery,C1/step10000,AdritaPC,forward,6,6,0.0011393332293653112,0.05117747059018593
discovery,C1/step10000,AdritaPC,forward,7,7,0.0022468271530832204,0.05117747059018593
discovery,C1/step10000,AdritaPC,forward,8,8,0.002231604608650908,0.05117747059018593
discovery,C1/step10000,AdritaPC,forward,9,9,0.0023789608572411724,0.05117747059018593
discovery,C1/step10000,AdritaPC,forward,10,10,0.001954959659125861,0.05117747059018593
discovery,C1/step10000,AdritaPC,forward,11,11,0.0016746913479381972,0.05117747059018593
discovery,C1/step10000,AdritaPC,forward,12,12,0.002119479842699106,0.05117747059018593
discovery,C1/step10000,AdritaPC,forward,13,13,0.0016710301396727874,0.05117747059018593
discovery,C1/step10000,AdritaPC,forward,14,14,0.004223919265226429,0.05117747059018593
discovery,C1/step10000,AdritaPC,forward,15,15,0.002423022112508458,0.05117747059018593
discovery,C1/step10000,AdritaPC,forward,16,16,0.00902558053885232,0.05117747059018593
discovery,C1/step10000,AdritaPC,forward,17,17,0.003051003383526339,0.05117747059018593
discovery,C1/step10000,AdritaPC,forward,18,18,0.005526145374368181,0.05117747059018593
discovery,C1/step10000,AdritaPC,forward,19,19,0.001904394995822056,0.05117747059018593
discovery,C1/step10000,AdritaPC,forward,20,20,0.001823446519105766,0.05117747059018593
discovery,C1/step10000,AdritaPC,forward,21,21,0.0007669705168155859,0.05117747059018593
discovery,C1/step10000,AdritaPC,forward,22,22,0.0008739537516916829,0.05117747059018593
discovery,C1/step10000,AdritaPC,forward,23,23,0.00044470739489778133,0.05117747059018593
discovery,C1/step10000,AdritaPC,reverse,0,23,5.463647717253117e-05,0.05117747059018593
discovery,C1/step10000,AdritaPC,reverse,1,22,0.00014023738270356587,0.05117747059018593
discovery,C1/step10000,AdritaPC,reverse,2,21,0.00020384320436813073,0.05117747059018593
discovery,C1/step10000,AdritaPC,reverse,3,20,0.0006172661768795624,0.05117747059018593
discovery,C1/step10000,AdritaPC,reverse,4,19,0.0007446053772773643,0.05117747059018593
discovery,C1/step10000,AdritaPC,reverse,5,18,0.0019978407611997108,0.05117747059018593
discovery,C1/step10000,AdritaPC,reverse,6,17,0.0015671691494038098,0.05117747059018593
discovery,C1/step10000,AdritaPC,reverse,7,16,0.0062155569882530555,0.05117747059018593
discovery,C1/step10000,AdritaPC,reverse,8,15,0.001761641514895782,0.05117747059018593
discovery,C1/step10000,AdritaPC,reverse,9,14,0.009862095189532584,0.05117747059018593
discovery,C1/step10000,AdritaPC,reverse,10,13,0.0027995823937764,0.05117747059018593
discovery,C1/step10000,AdritaPC,reverse,11,12,0.007129167471657901,0.05117747059018593
discovery,C1/step10000,AdritaPC,reverse,12,11,0.0020612930938640603,0.05117747059018593
discovery,C1/step10000,AdritaPC,reverse,13,10,0.0010966171304697752,0.05117747059018593
discovery,C1/step10000,AdritaPC,reverse,14,9,0.001443296817969775,0.05117747059018593
discovery,C1/step10000,AdritaPC,reverse,15,8,-2.883670836921741e-05,0.05117747059018593
discovery,C1/step10000,AdritaPC,reverse,16,7,0.0007094154458033445,0.05117747059018593
discovery,C1/step10000,AdritaPC,reverse,17,6,-0.0007540592183591185,0.05117747059018593
discovery,C1/step10000,AdritaPC,reverse,18,5,-0.0004240387443482408,0.05117747059018593
discovery,C1/step10000,AdritaPC,reverse,19,4,4.252396230622516e-05,0.05117747059018593
discovery,C1/step10000,AdritaPC,reverse,20,3,0.0009612551511429112,0.05117747059018593
discovery,C1/step10000,AdritaPC,reverse,21,2,0.0005613020649106489,0.05117747059018593
discovery,C1/step10000,AdritaPC,reverse,22,1,0.002764362325192749,0.05117747059018593
discovery,C1/step10000,AdritaPC,reverse,23,0,0.009650697182482623,0.05117747059018593
discovery,C2/step500,AdritaPC,forward,0,0,0.009006963814963194,0.012264529050491614
discovery,C2/step500,AdritaPC,forward,1,1,0.0010215386818713092,0.012264529050491614
discovery,C2/step500,AdritaPC,forward,2,2,0.002739988912747601,0.012264529050491614
discovery,C2/step500,AdritaPC,forward,3,3,0.001517377037388759,0.012264529050491614
discovery,C2/step500,AdritaPC,forward,4,4,2.1334270166912885e-06,0.012264529050491614
discovery,C2/step500,AdritaPC,forward,5,5,0.001288186821724799,0.012264529050491614
discovery,C2/step500,AdritaPC,forward,6,6,-0.0015331656788903582,0.012264529050491614
discovery,C2/step500,AdritaPC,forward,7,7,-0.00023619864556420213,0.012264529050491614
discovery,C2/step500,AdritaPC,forward,8,8,7.151506078524859e-05,0.012264529050491614
discovery,C2/step500,AdritaPC,forward,9,9,1.7514166243745873e-05,0.012264529050491614
discovery,C2/step500,AdritaPC,forward,10,10,0.0005937328989424417,0.012264529050491614
discovery,C2/step500,AdritaPC,forward,11,11,-0.0010602936031311515,0.012264529050491614
discovery,C2/step500,AdritaPC,forward,12,12,0.00035860336984549297,0.012264529050491614
discovery,C2/step500,AdritaPC,forward,13,13,0.0006300356006372005,0.012264529050491614
discovery,C2/step500,AdritaPC,forward,14,14,-0.0005311732655122211,0.012264529050491614
discovery,C2/step500,AdritaPC,forward,15,15,-0.00043619871765296906,0.012264529050491614
discovery,C2/step500,AdritaPC,forward,16,16,-0.00042947884306820055,0.012264529050491614
discovery,C2/step500,AdritaPC,forward,17,17,-0.0005841793350660269,0.012264529050491614
discovery,C2/step500,AdritaPC,forward,18,18,-0.0004334625484436517,0.012264529050491614
discovery,C2/step500,AdritaPC,forward,19,19,-0.00031521874775723816,0.012264529050491614
discovery,C2/step500,AdritaPC,forward,20,20,-0.0003255734981827224,0.012264529050491614
discovery,C2/step500,AdritaPC,forward,21,21,-0.0002845275558511729,0.012264529050491614
discovery,C2/step500,AdritaPC,forward,22,22,0.000813581611853572,0.012264529050491614
discovery,C2/step500,AdritaPC,forward,23,23,0.00037282808559147403,0.012264529050491614
discovery,C2/step500,AdritaPC,reverse,0,23,0.0003299356695861015,0.012264529050491614
discovery,C2/step500,AdritaPC,reverse,1,22,0.0007248229179482447,0.012264529050491614
discovery,C2/step500,AdritaPC,reverse,2,21,-0.0007227932186577264,0.012264529050491614
discovery,C2/step500,AdritaPC,reverse,3,20,-0.0006092828465258982,0.012264529050491614
discovery,C2/step500,AdritaPC,reverse,4,19,-0.0006066974629880249,0.012264529050491614
discovery,C2/step500,AdritaPC,reverse,5,18,-0.0005898200808547613,0.012264529050491614
discovery,C2/step500,AdritaPC,reverse,6,17,-0.0004918158023063279,0.012264529050491614
discovery,C2/step500,AdritaPC,reverse,7,16,-0.000558403595851788,0.012264529050491614
discovery,C2/step500,AdritaPC,reverse,8,15,-0.000797490798269357,0.012264529050491614
discovery,C2/step500,AdritaPC,reverse,9,14,-0.0008966174588741593,0.012264529050491614
discovery,C2/step500,AdritaPC,reverse,10,13,0.00042062834491879924,0.012264529050491614
discovery,C2/step500,AdritaPC,reverse,11,12,0.00033245997791840956,0.012264529050491614
discovery,C2/step500,AdritaPC,reverse,12,11,-0.0008515874106740075,0.012264529050491614
discovery,C2/step500,AdritaPC,reverse,13,10,0.00042985070095913304,0.012264529050491614
discovery,C2/step500,AdritaPC,reverse,14,9,-0.0003929114154004675,0.012264529050491614
discovery,C2/step500,AdritaPC,reverse,15,8,-2.622008636554709e-05,0.012264529050491614
discovery,C2/step500,AdritaPC,reverse,16,7,-4.5268942364870404e-05,0.012264529050491614
discovery,C2/step500,AdritaPC,reverse,17,6,-0.0010618845621744792,0.012264529050491614
discovery,C2/step500,AdritaPC,reverse,18,5,0.0008172367125984253,0.012264529050491614
discovery,C2/step500,AdritaPC,reverse,19,4,4.1399177290948864e-05,0.012264529050491614
discovery,C2/step500,AdritaPC,reverse,20,3,0.0006687498718421917,0.012264529050491614
discovery,C2/step500,AdritaPC,reverse,21,2,0.001197891435598138,0.012264529050491614
discovery,C2/step500,AdritaPC,reverse,22,1,0.0027487955568969405,0.012264529050491614
discovery,C2/step500,AdritaPC,reverse,23,0,0.012203552366241696,0.012264529050491614
discovery,C2/step2000,AdritaPC,forward,0,0,0.0014125293321183973,0.03817369215757515
discovery,C2/step2000,AdritaPC,forward,1,1,0.0018241305614080956,0.03817369215757515
discovery,C2/step2000,AdritaPC,forward,2,2,0.0015821542013974327,0.03817369215757515
discovery,C2/step2000,AdritaPC,forward,3,3,0.0016379851493935572,0.03817369215757515
discovery,C2/step2000,AdritaPC,forward,4,4,0.0017669910020402723,0.03817369215757515
discovery,C2/step2000,AdritaPC,forward,5,5,0.0004180443631069553,0.03817369215757515
discovery,C2/step2000,AdritaPC,forward,6,6,0.00013028983368961196,0.03817369215757515
discovery,C2/step2000,AdritaPC,forward,7,7,0.0017396687585224942,0.03817369215757515
discovery,C2/step2000,AdritaPC,forward,8,8,0.0025806236767706285,0.03817369215757515
discovery,C2/step2000,AdritaPC,forward,9,9,0.0016591229776697833,0.03817369215757515
discovery,C2/step2000,AdritaPC,forward,10,10,0.0013168879631623195,0.03817369215757515
discovery,C2/step2000,AdritaPC,forward,11,11,0.0012391940940396366,0.03817369215757515
discovery,C2/step2000,AdritaPC,forward,12,12,0.0016446759882248604,0.03817369215757515
discovery,C2/step2000,AdritaPC,forward,13,13,0.0025682462356847726,0.03817369215757515
discovery,C2/step2000,AdritaPC,forward,14,14,0.0013756989806968708,0.03817369215757515
discovery,C2/step2000,AdritaPC,forward,15,15,0.0031127569243663876,0.03817369215757515
discovery,C2/step2000,AdritaPC,forward,16,16,0.002027680404542938,0.03817369215757515
discovery,C2/step2000,AdritaPC,forward,17,17,0.0016421803151528667,0.03817369215757515
discovery,C2/step2000,AdritaPC,forward,18,18,0.0016326235473312419,0.03817369215757515
discovery,C2/step2000,AdritaPC,forward,19,19,0.002020338363847708,0.03817369215757515
discovery,C2/step2000,AdritaPC,forward,20,20,0.0012328322603320826,0.03817369215757515
discovery,C2/step2000,AdritaPC,forward,21,21,0.001785509404860769,0.03817369215757515
discovery,C2/step2000,AdritaPC,forward,22,22,0.0009845741652441148,0.03817369215757515
discovery,C2/step2000,AdritaPC,forward,23,23,0.0008389536539713543,0.03817369215757515
discovery,C2/step2000,AdritaPC,reverse,0,23,0.00025366515312294946,0.03817369215757515
discovery,C2/step2000,AdritaPC,reverse,1,22,0.0006408939712003773,0.03817369215757515
discovery,C2/step2000,AdritaPC,reverse,2,21,0.0007357840150047162,0.03817369215757515
discovery,C2/step2000,AdritaPC,reverse,3,20,0.00011399416785853426,0.03817369215757515
discovery,C2/step2000,AdritaPC,reverse,4,19,0.0009584065434813812,0.03817369215757515
discovery,C2/step2000,AdritaPC,reverse,5,18,0.0008111083663980478,0.03817369215757515
discovery,C2/step2000,AdritaPC,reverse,6,17,0.0011634596376594282,0.03817369215757515
discovery,C2/step2000,AdritaPC,reverse,7,16,0.0013550109062294947,0.03817369215757515
discovery,C2/step2000,AdritaPC,reverse,8,15,0.0025976224083287197,0.03817369215757515
discovery,C2/step2000,AdritaPC,reverse,9,14,0.0011960926206093135,0.03817369215757515
discovery,C2/step2000,AdritaPC,reverse,10,13,0.0031830292549033176,0.03817369215757515
discovery,C2/step2000,AdritaPC,reverse,11,12,0.002622775981432497,0.03817369215757515
discovery,C2/step2000,AdritaPC,reverse,12,11,0.0023993931167081897,0.03817369215757515
discovery,C2/step2000,AdritaPC,reverse,13,10,0.0012466560824336654,0.03817369215757515
discovery,C2/step2000,AdritaPC,reverse,14,9,0.0017429183599517101,0.03817369215757515
discovery,C2/step2000,AdritaPC,reverse,15,8,0.00039760219143444473,0.03817369215757515
discovery,C2/step2000,AdritaPC,reverse,16,7,0.002647634391083805,0.03817369215757515
discovery,C2/step2000,AdritaPC,reverse,17,6,-0.00010832258409715362,0.03817369215757515
discovery,C2/step2000,AdritaPC,reverse,18,5,0.0006229787110656577,0.03817369215757515
discovery,C2/step2000,AdritaPC,reverse,19,4,0.0015023124875046135,0.03817369215757515
discovery,C2/step2000,AdritaPC,reverse,20,3,0.001383369826269275,0.03817369215757515
discovery,C2/step2000,AdritaPC,reverse,21,2,0.0013349155616259635,0.03817369215757515
discovery,C2/step2000,AdritaPC,reverse,22,1,0.0018522788220503203,0.03817369215757515
discovery,C2/step2000,AdritaPC,reverse,23,0,0.007520112165315883,0.03817369215757515
discovery,C2/step10000,AdritaPC,forward,0,0,0.002271557204679554,0.37322634999833393
discovery,C2/step10000,AdritaPC,forward,1,1,0.0009680320960017327,0.37322634999833393
discovery,C2/step10000,AdritaPC,forward,2,2,0.001846778749480961,0.37322634999833393
discovery,C2/step10000,AdritaPC,forward,3,3,0.004317735586892276,0.37322634999833393
discovery,C2/step10000,AdritaPC,forward,4,4,0.00658133258969765,0.37322634999833393
discovery,C2/step10000,AdritaPC,forward,5,5,0.005762363443850219,0.37322634999833393
discovery,C2/step10000,AdritaPC,forward,6,6,0.008108794945744392,0.37322634999833393
discovery,C2/step10000,AdritaPC,forward,7,7,0.007486509688570117,0.37322634999833393
discovery,C2/step10000,AdritaPC,forward,8,8,0.005387204988734929,0.37322634999833393
discovery,C2/step10000,AdritaPC,forward,9,9,0.004134186672100558,0.37322634999833393
discovery,C2/step10000,AdritaPC,forward,10,10,0.0033548870737471295,0.37322634999833393
discovery,C2/step10000,AdritaPC,forward,11,11,0.006729326123014835,0.37322634999833393
discovery,C2/step10000,AdritaPC,forward,12,12,0.011342615242705257,0.37322634999833393
discovery,C2/step10000,AdritaPC,forward,13,13,0.1354514390840305,0.37322634999833393
discovery,C2/step10000,AdritaPC,forward,14,14,0.025008583469340807,0.37322634999833393
discovery,C2/step10000,AdritaPC,forward,15,15,0.04809425824583359,0.37322634999833393
discovery,C2/step10000,AdritaPC,forward,16,16,0.0404126765534008,0.37322634999833393
discovery,C2/step10000,AdritaPC,forward,17,17,-3.908652958907593e-05,0.37322634999833393
discovery,C2/step10000,AdritaPC,forward,18,18,0.023704658568374757,0.37322634999833393
discovery,C2/step10000,AdritaPC,forward,19,19,0.013890303964689961,0.37322634999833393
discovery,C2/step10000,AdritaPC,forward,20,20,0.00987959964381741,0.37322634999833393
discovery,C2/step10000,AdritaPC,forward,21,21,0.006214680408868266,0.37322634999833393
discovery,C2/step10000,AdritaPC,forward,22,22,0.0016919388858665009,0.37322634999833393
discovery,C2/step10000,AdritaPC,forward,23,23,0.0006259732984808155,0.37322634999833393
discovery,C2/step10000,AdritaPC,reverse,0,23,0.00014549866123149402,0.37322634999833393
discovery,C2/step10000,AdritaPC,reverse,1,22,0.0002222254395172039,0.37322634999833393
discovery,C2/step10000,AdritaPC,reverse,2,21,0.00025469371965863884,0.37322634999833393
discovery,C2/step10000,AdritaPC,reverse,3,20,0.002229330708661417,0.37322634999833393
discovery,C2/step10000,AdritaPC,reverse,4,19,0.0034254916133530182,0.37322634999833393
discovery,C2/step10000,AdritaPC,reverse,5,18,0.00694535973816719,0.37322634999833393
discovery,C2/step10000,AdritaPC,reverse,6,17,0.004707666532261165,0.37322634999833393
discovery,C2/step10000,AdritaPC,reverse,7,16,0.009350449369335425,0.37322634999833393
discovery,C2/step10000,AdritaPC,reverse,8,15,0.03414723263637913,0.37322634999833393
discovery,C2/step10000,AdritaPC,reverse,9,14,0.017625535779737737,0.37322634999833393
discovery,C2/step10000,AdritaPC,reverse,10,13,0.16905832505914484,0.37322634999833393
discovery,C2/step10000,AdritaPC,reverse,11,12,0.13799910587901518,0.37322634999833393
discovery,C2/step10000,AdritaPC,reverse,12,11,0.010695359337674038,0.37322634999833393
discovery,C2/step10000,AdritaPC,reverse,13,10,0.0040124076182448025,0.37322634999833393
discovery,C2/step10000,AdritaPC,reverse,14,9,-0.005456196642297458,0.37322634999833393
discovery,C2/step10000,AdritaPC,reverse,15,8,0.006853224486503698,0.37322634999833393
discovery,C2/step10000,AdritaPC,reverse,16,7,-0.010009629657575148,0.37322634999833393
discovery,C2/step10000,AdritaPC,reverse,17,6,-0.03848215829043251,0.37322634999833393
discovery,C2/step10000,AdritaPC,reverse,18,5,-0.0140672061950203,0.37322634999833393
discovery,C2/step10000,AdritaPC,reverse,19,4,-0.0019342626736858699,0.37322634999833393
discovery,C2/step10000,AdritaPC,reverse,20,3,0.009792434612284183,0.37322634999833393
discovery,C2/step10000,AdritaPC,reverse,21,2,0.008514924136985319,0.37322634999833393
discovery,C2/step10000,AdritaPC,reverse,22,1,0.006454707368465233,0.37322634999833393
discovery,C2/step10000,AdritaPC,reverse,23,0,0.010741830760725525,0.37322634999833393
discovery,C3/step500,AdritaPC,forward,0,0,0.00945184982980643,0.012056644269487677
discovery,C3/step500,AdritaPC,forward,1,1,-0.0008250853771299827,0.012056644269487677
discovery,C3/step500,AdritaPC,forward,2,2,0.001259358924204909,0.012056644269487677
discovery,C3/step500,AdritaPC,forward,3,3,0.0011850199862102199,0.012056644269487677
discovery,C3/step500,AdritaPC,forward,4,4,7.368453218555209e-05,0.012056644269487677
discovery,C3/step500,AdritaPC,forward,5,5,0.0015791386882151204,0.012056644269487677
discovery,C3/step500,AdritaPC,forward,6,6,-0.00018273060716043305,0.012056644269487677
discovery,C3/step500,AdritaPC,forward,7,7,0.00021550196049407408,0.012056644269487677
discovery,C3/step500,AdritaPC,forward,8,8,-0.0005332892710768331,0.012056644269487677
discovery,C3/step500,AdritaPC,forward,9,9,-0.0016830284138677001,0.012056644269487677
discovery,C3/step500,AdritaPC,forward,10,10,0.0005101037213182823,0.012056644269487677
discovery,C3/step500,AdritaPC,forward,11,11,-0.0005264736786289164,0.012056644269487677
discovery,C3/step500,AdritaPC,forward,12,12,0.0006355427819599942,0.012056644269487677
discovery,C3/step500,AdritaPC,forward,13,13,0.00011937679581129024,0.012056644269487677
discovery,C3/step500,AdritaPC,forward,14,14,-0.00018600924434311448,0.012056644269487677
discovery,C3/step500,AdritaPC,forward,15,15,0.00016453900675135352,0.012056644269487677
discovery,C3/step500,AdritaPC,forward,16,16,-0.0007812826401918267,0.012056644269487677
discovery,C3/step500,AdritaPC,forward,17,17,-0.0004408710710019889,0.012056644269487677
discovery,C3/step500,AdritaPC,forward,18,18,-0.0002556255670983023,0.012056644269487677
discovery,C3/step500,AdritaPC,forward,19,19,-1.6563795995837278e-05,0.012056644269487677
discovery,C3/step500,AdritaPC,forward,20,20,0.0004917206851829067,0.012056644269487677
discovery,C3/step500,AdritaPC,forward,21,21,0.0003705679024924131,0.012056644269487677
discovery,C3/step500,AdritaPC,forward,22,22,0.0012440220389779157,0.012056644269487677
discovery,C3/step500,AdritaPC,forward,23,23,0.00018717708237214997,0.012056644269487677
discovery,C3/step500,AdritaPC,reverse,0,23,0.0002579318069097564,0.012056644269487677
discovery,C3/step500,AdritaPC,reverse,1,22,0.001077243875017942,0.012056644269487677
discovery,C3/step500,AdritaPC,reverse,2,21,-0.0003432348456595513,0.012056644269487677
discovery,C3/step500,AdritaPC,reverse,3,20,-0.00012181780156813892,0.012056644269487677
discovery,C3/step500,AdritaPC,reverse,4,19,-0.0006420445880239091,0.012056644269487677
discovery,C3/step500,AdritaPC,reverse,5,18,-0.0010811284583384596,0.012056644269487677
discovery,C3/step500,AdritaPC,reverse,6,17,-0.0010131030946265993,0.012056644269487677
discovery,C3/step500,AdritaPC,reverse,7,16,-0.0009009856376748073,0.012056644269487677
discovery,C3/step500,AdritaPC,reverse,8,15,-0.00012751621837065296,0.012056644269487677
discovery,C3/step500,AdritaPC,reverse,9,14,-0.0009854584541220677,0.012056644269487677
discovery,C3/step500,AdritaPC,reverse,10,13,0.00027991547672141575,0.012056644269487677
discovery,C3/step500,AdritaPC,reverse,11,12,0.0006518640793527518,0.012056644269487677
discovery,C3/step500,AdritaPC,reverse,12,11,-0.00016931068240188233,0.012056644269487677
discovery,C3/step500,AdritaPC,reverse,13,10,0.0006310572586660311,0.012056644269487677
discovery,C3/step500,AdritaPC,reverse,14,9,-0.0014670492657839157,0.012056644269487677
discovery,C3/step500,AdritaPC,reverse,15,8,-0.0003984137908054462,0.012056644269487677
discovery,C3/step500,AdritaPC,reverse,16,7,-0.0005801069204575747,0.012056644269487677
discovery,C3/step500,AdritaPC,reverse,17,6,-0.0004921660335670933,0.012056644269487677
discovery,C3/step500,AdritaPC,reverse,18,5,-9.249789821194215e-05,0.012056644269487677
discovery,C3/step500,AdritaPC,reverse,19,4,-0.0003034023975762794,0.012056644269487677
discovery,C3/step500,AdritaPC,reverse,20,3,0.00021702163175647943,0.012056644269487677
discovery,C3/step500,AdritaPC,reverse,21,2,0.001143221517247478,0.012056644269487677
discovery,C3/step500,AdritaPC,reverse,22,1,0.002610775204155389,0.012056644269487677
discovery,C3/step500,AdritaPC,reverse,23,0,0.013905849506848754,0.012056644269487677
discovery,C3/step2000,AdritaPC,forward,0,0,0.003734072387374918,0.044083856697783384
discovery,C3/step2000,AdritaPC,forward,1,1,0.001473503012669681,0.044083856697783384
discovery,C3/step2000,AdritaPC,forward,2,2,0.0017029273165805447,0.044083856697783384
discovery,C3/step2000,AdritaPC,forward,3,3,0.0013632820910356176,0.044083856697783384
discovery,C3/step2000,AdritaPC,forward,4,4,0.0015187441207605396,0.044083856697783384
discovery,C3/step2000,AdritaPC,forward,5,5,0.0006333777159843545,0.044083856697783384
discovery,C3/step2000,AdritaPC,forward,6,6,0.0012275749867356669,0.044083856697783384
discovery,C3/step2000,AdritaPC,forward,7,7,0.002194313790228736,0.044083856697783384
discovery,C3/step2000,AdritaPC,forward,8,8,0.0017340178001584027,0.044083856697783384
discovery,C3/step2000,AdritaPC,forward,9,9,0.0021174269148058152,0.044083856697783384
discovery,C3/step2000,AdritaPC,forward,10,10,0.0015838775234272473,0.044083856697783384
discovery,C3/step2000,AdritaPC,forward,11,11,0.0009597530014558727,0.044083856697783384
discovery,C3/step2000,AdritaPC,forward,12,12,0.0032339297317144438,0.044083856697783384
discovery,C3/step2000,AdritaPC,forward,13,13,0.0020763595460906743,0.044083856697783384
discovery,C3/step2000,AdritaPC,forward,14,14,0.004109188490339464,0.044083856697783384
discovery,C3/step2000,AdritaPC,forward,15,15,0.0019261237517429466,0.044083856697783384
discovery,C3/step2000,AdritaPC,forward,16,16,0.0023804860352844076,0.044083856697783384
discovery,C3/step2000,AdritaPC,forward,17,17,0.0021067657871196277,0.044083856697783384
discovery,C3/step2000,AdritaPC,forward,18,18,0.0005695361039769933,0.044083856697783384
discovery,C3/step2000,AdritaPC,forward,19,19,0.0021497076640291787,0.044083856697783384
discovery,C3/step2000,AdritaPC,forward,20,20,0.0009098020939063527,0.044083856697783384
discovery,C3/step2000,AdritaPC,forward,21,21,0.0014053558990398415,0.044083856697783384
discovery,C3/step2000,AdritaPC,forward,22,22,0.0018546086909576973,0.044083856697783384
discovery,C3/step2000,AdritaPC,forward,23,23,0.0011191222423643577,0.044083856697783384
discovery,C3/step2000,AdritaPC,reverse,0,23,0.00020644701059096128,0.044083856697783384
discovery,C3/step2000,AdritaPC,reverse,1,22,0.0007404079086824352,0.044083856697783384
discovery,C3/step2000,AdritaPC,reverse,2,21,0.000288560722130803,0.044083856697783384
discovery,C3/step2000,AdritaPC,reverse,3,20,0.00039790516450336286,0.044083856697783384
discovery,C3/step2000,AdritaPC,reverse,4,19,0.0010745697822470677,0.044083856697783384
discovery,C3/step2000,AdritaPC,reverse,5,18,0.0003350001057301919,0.044083856697783384
discovery,C3/step2000,AdritaPC,reverse,6,17,0.0013442760878034777,0.044083856697783384
discovery,C3/step2000,AdritaPC,reverse,7,16,0.0012627693236343504,0.044083856697783384
discovery,C3/step2000,AdritaPC,reverse,8,15,0.0020836943779091823,0.044083856697783384
discovery,C3/step2000,AdritaPC,reverse,9,14,0.0038865203056435574,0.044083856697783384
discovery,C3/step2000,AdritaPC,reverse,10,13,0.0023266799806609868,0.044083856697783384
discovery,C3/step2000,AdritaPC,reverse,11,12,0.0037431093150862246,0.044083856697783384
discovery,C3/step2000,AdritaPC,reverse,12,11,0.0014973053218811513,0.044083856697783384
discovery,C3/step2000,AdritaPC,reverse,13,10,0.0021388062404522432,0.044083856697783384
discovery,C3/step2000,AdritaPC,reverse,14,9,0.0012036252960445372,0.044083856697783384
discovery,C3/step2000,AdritaPC,reverse,15,8,0.0017249522371867822,0.044083856697783384
discovery,C3/step2000,AdritaPC,reverse,16,7,0.0027810442666682048,0.044083856697783384
discovery,C3/step2000,AdritaPC,reverse,17,6,0.0013040711810895463,0.044083856697783384
discovery,C3/step2000,AdritaPC,reverse,18,5,0.0013975388734672328,0.044083856697783384
discovery,C3/step2000,AdritaPC,reverse,19,4,0.0016643009536222522,0.044083856697783384
discovery,C3/step2000,AdritaPC,reverse,20,3,0.0017463351672715715,0.044083856697783384
discovery,C3/step2000,AdritaPC,reverse,21,2,0.0010394008766634881,0.044083856697783384
discovery,C3/step2000,AdritaPC,reverse,22,1,0.0009375905114521819,0.044083856697783384
discovery,C3/step2000,AdritaPC,reverse,23,0,0.008958945687361589,0.044083856697783384
discovery,C3/step10000,AdritaPC,forward,0,0,0.005213671306299726,0.3462587561820123
discovery,C3/step10000,AdritaPC,forward,1,1,0.0017173034187376967,0.3462587561820123
discovery,C3/step10000,AdritaPC,forward,2,2,0.0029079327120242783,0.3462587561820123
discovery,C3/step10000,AdritaPC,forward,3,3,0.004621034657235534,0.3462587561820123
discovery,C3/step10000,AdritaPC,forward,4,4,0.004944803533278738,0.3462587561820123
discovery,C3/step10000,AdritaPC,forward,5,5,0.003447387274794691,0.3462587561820123
discovery,C3/step10000,AdritaPC,forward,6,6,0.004935681000156352,0.3462587561820123
discovery,C3/step10000,AdritaPC,forward,7,7,0.0026023624450203,0.3462587561820123
discovery,C3/step10000,AdritaPC,forward,8,8,0.002687604708934393,0.3462587561820123
discovery,C3/step10000,AdritaPC,forward,9,9,0.0034767272028084504,0.3462587561820123
discovery,C3/step10000,AdritaPC,forward,10,10,0.0041812192861802305,0.3462587561820123
discovery,C3/step10000,AdritaPC,forward,11,11,0.0045176562612138085,0.3462587561820123
discovery,C3/step10000,AdritaPC,forward,12,12,0.07684103687917154,0.3462587561820123
discovery,C3/step10000,AdritaPC,forward,13,13,0.06032238997812346,0.3462587561820123
discovery,C3/step10000,AdritaPC,forward,14,14,0.08633872595359021,0.3462587561820123
discovery,C3/step10000,AdritaPC,forward,15,15,0.018595109474001906,0.3462587561820123
discovery,C3/step10000,AdritaPC,forward,16,16,0.003981383516406762,0.3462587561820123
discovery,C3/step10000,AdritaPC,forward,17,17,0.007807434062006593,0.3462587561820123
discovery,C3/step10000,AdritaPC,forward,18,18,0.015599892984225055,0.3462587561820123
discovery,C3/step10000,AdritaPC,forward,19,19,0.00806508482284746,0.3462587561820123
discovery,C3/step10000,AdritaPC,forward,20,20,0.008344115610197775,0.3462587561820123
discovery,C3/step10000,AdritaPC,forward,21,21,0.007401841231218475,0.3462587561820123
discovery,C3/step10000,AdritaPC,forward,22,22,0.006147540335267234,0.3462587561820123
discovery,C3/step10000,AdritaPC,forward,23,23,0.0015608175282716115,0.3462587561820123
discovery,C3/step10000,AdritaPC,reverse,0,23,8.555394770905102e-05,0.3462587561820123
discovery,C3/step10000,AdritaPC,reverse,1,22,0.0005932637212157562,0.3462587561820123
discovery,C3/step10000,AdritaPC,reverse,2,21,0.0011621442179041584,0.3462587561820123
discovery,C3/step10000,AdritaPC,reverse,3,20,0.0028889873835045523,0.3462587561820123
discovery,C3/step10000,AdritaPC,reverse,4,19,0.00409889461487297,0.3462587561820123
discovery,C3/step10000,AdritaPC,reverse,5,18,0.0038241947604602403,0.3462587561820123
discovery,C3/step10000,AdritaPC,reverse,6,17,0.004315948986944564,0.3462587561820123
discovery,C3/step10000,AdritaPC,reverse,7,16,0.004729218670702356,0.3462587561820123
discovery,C3/step10000,AdritaPC,reverse,8,15,0.007036675680966515,0.3462587561820123
discovery,C3/step10000,AdritaPC,reverse,9,14,0.03521089368604925,0.3462587561820123
discovery,C3/step10000,AdritaPC,reverse,10,13,0.041923137774930536,0.3462587561820123
discovery,C3/step10000,AdritaPC,reverse,11,12,0.26107570848439937,0.3462587561820123
discovery,C3/step10000,AdritaPC,reverse,12,11,0.009182761485182395,0.3462587561820123
discovery,C3/step10000,AdritaPC,reverse,13,10,0.03243578733108801,0.3462587561820123
discovery,C3/step10000,AdritaPC,reverse,14,9,0.0005177448302742072,0.3462587561820123
discovery,C3/step10000,AdritaPC,reverse,15,8,-0.019290916963512192,0.3462587561820123
discovery,C3/step10000,AdritaPC,reverse,16,7,-0.03245975974976547,0.3462587561820123
discovery,C3/step10000,AdritaPC,reverse,17,6,-0.036042633857626925,0.3462587561820123
discovery,C3/step10000,AdritaPC,reverse,18,5,-0.013130685801268251,0.3462587561820123
discovery,C3/step10000,AdritaPC,reverse,19,4,0.0005376051855212446,0.3462587561820123
discovery,C3/step10000,AdritaPC,reverse,20,3,0.005748286409953761,0.3462587561820123
discovery,C3/step10000,AdritaPC,reverse,21,2,0.010213847523286274,0.3462587561820123
discovery,C3/step10000,AdritaPC,reverse,22,1,0.006766175698107622,0.3462587561820123
discovery,C3/step10000,AdritaPC,reverse,23,0,0.014835922161112307,0.3462587561820123
discovery,C5/step500,AdritaPC,forward,0,0,0.0032638649927975313,0.00802552871503855
discovery,C5/step500,AdritaPC,forward,1,1,-0.0004994223687279568,0.00802552871503855
discovery,C5/step500,AdritaPC,forward,2,2,0.0004410907414954478,0.00802552871503855
discovery,C5/step500,AdritaPC,forward,3,3,0.0006095994363619587,0.00802552871503855
discovery,C5/step500,AdritaPC,forward,4,4,0.00043270181170285843,0.00802552871503855
discovery,C5/step500,AdritaPC,forward,5,5,0.0003191602011052329,0.00802552871503855
discovery,C5/step500,AdritaPC,forward,6,6,0.00025072112796813487,0.00802552871503855
discovery,C5/step500,AdritaPC,forward,7,7,0.0002219454948044824,0.00802552871503855
discovery,C5/step500,AdritaPC,forward,8,8,0.00027793163389671505,0.00802552871503855
discovery,C5/step500,AdritaPC,forward,9,9,0.0003187492951320538,0.00802552871503855
discovery,C5/step500,AdritaPC,forward,10,10,0.0002471335103192667,0.00802552871503855
discovery,C5/step500,AdritaPC,forward,11,11,0.0003456267910053724,0.00802552871503855
discovery,C5/step500,AdritaPC,forward,12,12,0.0003005250545311474,0.00802552871503855
discovery,C5/step500,AdritaPC,forward,13,13,0.00019242694684526752,0.00802552871503855
discovery,C5/step500,AdritaPC,forward,14,14,0.0001751716994238024,0.00802552871503855
discovery,C5/step500,AdritaPC,forward,15,15,0.00023234610169578406,0.00802552871503855
discovery,C5/step500,AdritaPC,forward,16,16,0.00016022489452612368,0.00802552871503855
discovery,C5/step500,AdritaPC,forward,17,17,0.00010993557026380007,0.00802552871503855
discovery,C5/step500,AdritaPC,forward,18,18,0.00013071695963541664,0.00802552871503855
discovery,C5/step500,AdritaPC,forward,19,19,0.00014894840911304543,0.00802552871503855
discovery,C5/step500,AdritaPC,forward,20,20,9.535781980499505e-05,0.00802552871503855
discovery,C5/step500,AdritaPC,forward,21,21,8.492257025611056e-05,0.00802552871503855
discovery,C5/step500,AdritaPC,forward,22,22,8.533788165395357e-05,0.00802552871503855
discovery,C5/step500,AdritaPC,forward,23,23,8.051213942800605e-05,0.00802552871503855
discovery,C5/step500,AdritaPC,reverse,0,23,-2.0406127288898457e-05,0.00802552871503855
discovery,C5/step500,AdritaPC,reverse,1,22,-5.777313953309548e-06,0.00802552871503855
discovery,C5/step500,AdritaPC,reverse,2,21,-1.0158508781373031e-05,0.00802552871503855
discovery,C5/step500,AdritaPC,reverse,3,20,8.100574723691766e-06,0.00802552871503855
discovery,C5/step500,AdritaPC,reverse,4,19,5.306494204703903e-05,0.00802552871503855
discovery,C5/step500,AdritaPC,reverse,5,18,3.776830638174624e-05,0.00802552871503855
discovery,C5/step500,AdritaPC,reverse,6,17,-1.0367566206323811e-05,0.00802552871503855
discovery,C5/step500,AdritaPC,reverse,7,16,6.566025140717274e-05,0.00802552871503855
discovery,C5/step500,AdritaPC,reverse,8,15,6.756299436874589e-05,0.00802552871503855
discovery,C5/step500,AdritaPC,reverse,9,14,8.54730480924992e-05,0.00802552871503855
discovery,C5/step500,AdritaPC,reverse,10,13,9.479192298228346e-05,0.00802552871503855
discovery,C5/step500,AdritaPC,reverse,11,12,0.00020738456505802985,0.00802552871503855
discovery,C5/step500,AdritaPC,reverse,12,11,0.0001419287654045686,0.00802552871503855
discovery,C5/step500,AdritaPC,reverse,13,10,0.00018167530770689795,0.00802552871503855
discovery,C5/step500,AdritaPC,reverse,14,9,0.0002397147751855725,0.00802552871503855
discovery,C5/step500,AdritaPC,reverse,15,8,0.0001517622739937049,0.00802552871503855
discovery,C5/step500,AdritaPC,reverse,16,7,0.00015619993835609415,0.00802552871503855
discovery,C5/step500,AdritaPC,reverse,17,6,0.00014083141417015255,0.00802552871503855
discovery,C5/step500,AdritaPC,reverse,18,5,0.00017046089873226294,0.00802552871503855
discovery,C5/step500,AdritaPC,reverse,19,4,0.00014707570313781578,0.00802552871503855
discovery,C5/step500,AdritaPC,reverse,20,3,7.985593139968836e-05,0.00802552871503855
discovery,C5/step500,AdritaPC,reverse,21,2,-0.00019142951865208744,0.00802552871503855
discovery,C5/step500,AdritaPC,reverse,22,1,8.149114493622864e-05,0.00802552871503855
discovery,C5/step500,AdritaPC,reverse,23,0,0.0061528649918363475,0.00802552871503855
discovery,C5/step2000,AdritaPC,forward,0,0,0.0006955120256879511,0.01602615516642573
discovery,C5/step2000,AdritaPC,forward,1,1,0.0007197128255849122,0.01602615516642573
discovery,C5/step2000,AdritaPC,forward,2,2,0.0005603501928134227,0.01602615516642573
discovery,C5/step2000,AdritaPC,forward,3,3,0.00045655097861302494,0.01602615516642573
discovery,C5/step2000,AdritaPC,forward,4,4,0.000414895485705278,0.01602615516642573
discovery,C5/step2000,AdritaPC,forward,5,5,0.0005882147040579889,0.01602615516642573
discovery,C5/step2000,AdritaPC,forward,6,6,0.0006710376889686885,0.01602615516642573
discovery,C5/step2000,AdritaPC,forward,7,7,0.000892058044593791,0.01602615516642573
discovery,C5/step2000,AdritaPC,forward,8,8,0.0010648600260416666,0.01602615516642573
discovery,C5/step2000,AdritaPC,forward,9,9,0.0010652192683983349,0.01602615516642573
discovery,C5/step2000,AdritaPC,forward,10,10,0.0008641849227464731,0.01602615516642573
discovery,C5/step2000,AdritaPC,forward,11,11,0.0008665542402292487,0.01602615516642573
discovery,C5/step2000,AdritaPC,forward,12,12,0.0007315836428344406,0.01602615516642573
discovery,C5/step2000,AdritaPC,forward,13,13,0.0009970695515630129,0.01602615516642573
discovery,C5/step2000,AdritaPC,forward,14,14,0.0005868616379465017,0.01602615516642573
discovery,C5/step2000,AdritaPC,forward,15,15,0.000774668495798987,0.01602615516642573
discovery,C5/step2000,AdritaPC,forward,16,16,0.0009172684877250451,0.01602615516642573
discovery,C5/step2000,AdritaPC,forward,17,17,0.0005498849062781947,0.01602615516642573
discovery,C5/step2000,AdritaPC,forward,18,18,0.0005468888170137181,0.01602615516642573
discovery,C5/step2000,AdritaPC,forward,19,19,0.000577339312535884,0.01602615516642573
discovery,C5/step2000,AdritaPC,forward,20,20,0.00054100757508766,0.01602615516642573
discovery,C5/step2000,AdritaPC,forward,21,21,0.00033262818504193334,0.01602615516642573
discovery,C5/step2000,AdritaPC,forward,22,22,0.0003579055105294455,0.01602615516642573
discovery,C5/step2000,AdritaPC,forward,23,23,0.00025389864063012644,0.01602615516642573
discovery,C5/step2000,AdritaPC,reverse,0,23,8.54886673253978e-05,0.01602615516642573
discovery,C5/step2000,AdritaPC,reverse,1,22,8.75109574926181e-05,0.01602615516642573
discovery,C5/step2000,AdritaPC,reverse,2,21,6.238461792312581e-05,0.01602615516642573
discovery,C5/step2000,AdritaPC,reverse,3,20,0.00025852013134893784,0.01602615516642573
discovery,C5/step2000,AdritaPC,reverse,4,19,0.00030765623558224654,0.01602615516642573
discovery,C5/step2000,AdritaPC,reverse,5,18,0.00031864436592642716,0.01602615516642573
discovery,C5/step2000,AdritaPC,reverse,6,17,0.0003455496960737574,0.01602615516642573
discovery,C5/step2000,AdritaPC,reverse,7,16,0.0006586570439376231,0.01602615516642573
discovery,C5/step2000,AdritaPC,reverse,8,15,0.0006612918883796752,0.01602615516642573
discovery,C5/step2000,AdritaPC,reverse,9,14,0.0005587792584276574,0.01602615516642573
discovery,C5/step2000,AdritaPC,reverse,10,13,0.0010387694992105478,0.01602615516642573
discovery,C5/step2000,AdritaPC,reverse,11,12,0.0008968567535320292,0.01602615516642573
discovery,C5/step2000,AdritaPC,reverse,12,11,0.000995436140245653,0.01602615516642573
discovery,C5/step2000,AdritaPC,reverse,13,10,0.0009107572700720759,0.01602615516642573
discovery,C5/step2000,AdritaPC,reverse,14,9,0.0011728876469329272,0.01602615516642573
discovery,C5/step2000,AdritaPC,reverse,15,8,0.0008928532237455916,0.01602615516642573
discovery,C5/step2000,AdritaPC,reverse,16,7,0.0007075216138143863,0.01602615516642573
discovery,C5/step2000,AdritaPC,reverse,17,6,0.0005640928013118234,0.01602615516642573
discovery,C5/step2000,AdritaPC,reverse,18,5,0.000502369798074557,0.01602615516642573
discovery,C5/step2000,AdritaPC,reverse,19,4,0.00027992809225568,0.01602615516642573
discovery,C5/step2000,AdritaPC,reverse,20,3,0.00034069391686146645,0.01602615516642573
discovery,C5/step2000,AdritaPC,reverse,21,2,0.00037188172027507804,0.01602615516642573
discovery,C5/step2000,AdritaPC,reverse,22,1,0.0008558244279676222,0.01602615516642573
discovery,C5/step2000,AdritaPC,reverse,23,0,0.0031517993997088258,0.01602615516642573
discovery,C5/step10000,AdritaPC,forward,0,0,0.0005601441390871062,0.07004634386598281
discovery,C5/step10000,AdritaPC,forward,1,1,0.000422935886332995,0.07004634386598281
discovery,C5/step10000,AdritaPC,forward,2,2,0.0008680031243271715,0.07004634386598281
discovery,C5/step10000,AdritaPC,forward,3,3,0.0011429335626717315,0.07004634386598281
discovery,C5/step10000,AdritaPC,forward,4,4,0.0009494997760442298,0.07004634386598281
discovery,C5/step10000,AdritaPC,forward,5,5,0.0018809587373508243,0.07004634386598281
discovery,C5/step10000,AdritaPC,forward,6,6,0.0032790779253942135,0.07004634386598281
discovery,C5/step10000,AdritaPC,forward,7,7,0.0035782935675673596,0.07004634386598281
discovery,C5/step10000,AdritaPC,forward,8,8,0.0025857335688873853,0.07004634386598281
discovery,C5/step10000,AdritaPC,forward,9,9,0.00240440448750974,0.07004634386598281
discovery,C5/step10000,AdritaPC,forward,10,10,0.0021552878352287873,0.07004634386598281
discovery,C5/step10000,AdritaPC,forward,11,11,0.0020657420721579725,0.07004634386598281
discovery,C5/step10000,AdritaPC,forward,12,12,0.006358691137919589,0.07004634386598281
discovery,C5/step10000,AdritaPC,forward,13,13,0.014557003812214208,0.07004634386598281
discovery,C5/step10000,AdritaPC,forward,14,14,0.0039583022951141114,0.07004634386598281
discovery,C5/step10000,AdritaPC,forward,15,15,0.004492301840794681,0.07004634386598281
discovery,C5/step10000,AdritaPC,forward,16,16,0.0062468886688312525,0.07004634386598281
discovery,C5/step10000,AdritaPC,forward,17,17,0.002080633008261052,0.07004634386598281
discovery,C5/step10000,AdritaPC,forward,18,18,0.0033396746417668865,0.07004634386598281
discovery,C5/step10000,AdritaPC,forward,19,19,0.0030046026475160454,0.07004634386598281
discovery,C5/step10000,AdritaPC,forward,20,20,0.001573667150782788,0.07004634386598281
discovery,C5/step10000,AdritaPC,forward,21,21,0.0013483571130146815,0.07004634386598281
discovery,C5/step10000,AdritaPC,forward,22,22,0.0008087428536002092,0.07004634386598281
discovery,C5/step10000,AdritaPC,forward,23,23,0.0003844640136077965,0.07004634386598281
discovery,C5/step10000,AdritaPC,reverse,0,23,-4.775260064232694e-05,0.07004634386598281
discovery,C5/step10000,AdritaPC,reverse,1,22,0.00013578710280691232,0.07004634386598281
discovery,C5/step10000,AdritaPC,reverse,2,21,0.0002867902420324291,0.07004634386598281
discovery,C5/step10000,AdritaPC,reverse,3,20,0.0005357844435323881,0.07004634386598281
discovery,C5/step10000,AdritaPC,reverse,4,19,0.001227631756639856,0.07004634386598281
discovery,C5/step10000,AdritaPC,reverse,5,18,0.001417401731796465,0.07004634386598281
discovery,C5/step10000,AdritaPC,reverse,6,17,0.001314785474241562,0.07004634386598281
discovery,C5/step10000,AdritaPC,reverse,7,16,0.002672622260146254,0.07004634386598281
discovery,C5/step10000,AdritaPC,reverse,8,15,0.0026713718204047737,0.07004634386598281
discovery,C5/step10000,AdritaPC,reverse,9,14,0.0021489333105212433,0.07004634386598281
discovery,C5/step10000,AdritaPC,reverse,10,13,0.011986915408156988,0.07004634386598281
discovery,C5/step10000,AdritaPC,reverse,11,12,0.02150111170891389,0.07004634386598281
discovery,C5/step10000,AdritaPC,reverse,12,11,0.007557389266847626,0.07004634386598281
discovery,C5/step10000,AdritaPC,reverse,13,10,0.0012388494696829887,0.07004634386598281
discovery,C5/step10000,AdritaPC,reverse,14,9,0.0026621001035835486,0.07004634386598281
discovery,C5/step10000,AdritaPC,reverse,15,8,0.0013581282447955112,0.07004634386598281
discovery,C5/step10000,AdritaPC,reverse,16,7,-0.00029836309237742955,0.07004634386598281
discovery,C5/step10000,AdritaPC,reverse,17,6,0.0008043502447173351,0.07004634386598281
discovery,C5/step10000,AdritaPC,reverse,18,5,-0.0014722696940104164,0.07004634386598281
discovery,C5/step10000,AdritaPC,reverse,19,4,-0.0019526943697391224,0.07004634386598281
discovery,C5/step10000,AdritaPC,reverse,20,3,0.0015822542245619567,0.07004634386598281
discovery,C5/step10000,AdritaPC,reverse,21,2,0.0017098533450149176,0.07004634386598281
discovery,C5/step10000,AdritaPC,reverse,22,1,0.00321522129489368,0.07004634386598281
discovery,C5/step10000,AdritaPC,reverse,23,0,0.007790142169461788,0.07004634386598281
discovery,C6/step500,AdritaPC,forward,0,0,0.009993351212949577,0.011686383144749119
discovery,C6/step500,AdritaPC,forward,1,1,-0.0010824158435731423,0.011686383144749119
discovery,C6/step500,AdritaPC,forward,2,2,0.0009107612750035882,0.011686383144749119
discovery,C6/step500,AdritaPC,forward,3,3,0.0012421138893588008,0.011686383144749119
discovery,C6/step500,AdritaPC,forward,4,4,0.0014286135375656168,0.011686383144749119
discovery,C6/step500,AdritaPC,forward,5,5,0.001870606790377399,0.011686383144749119
discovery,C6/step500,AdritaPC,forward,6,6,-0.00022703215831846704,0.011686383144749119
discovery,C6/step500,AdritaPC,forward,7,7,-0.0002445911797951527,0.011686383144749119
discovery,C6/step500,AdritaPC,forward,8,8,-0.0007856594295952262,0.011686383144749119
discovery,C6/step500,AdritaPC,forward,9,9,-0.00031362458476870083,0.011686383144749119
discovery,C6/step500,AdritaPC,forward,10,10,-0.00025518462413877955,0.011686383144749119
discovery,C6/step500,AdritaPC,forward,11,11,-0.000834526602677473,0.011686383144749119
discovery,C6/step500,AdritaPC,forward,12,12,0.00020077182239121975,0.011686383144749119
discovery,C6/step500,AdritaPC,forward,13,13,-0.00016225078913170536,0.011686383144749119
discovery,C6/step500,AdritaPC,forward,14,14,-0.000914790836844857,0.011686383144749119
discovery,C6/step500,AdritaPC,forward,15,15,-0.0006478401244156004,0.011686383144749119
discovery,C6/step500,AdritaPC,forward,16,16,-0.00025431014734303236,0.011686383144749119
discovery,C6/step500,AdritaPC,forward,17,17,-6.912511790517484e-07,0.011686383144749119
discovery,C6/step500,AdritaPC,forward,18,18,-0.00048146005064796587,0.011686383144749119
discovery,C6/step500,AdritaPC,forward,19,19,0.000227813119963398,0.011686383144749119
discovery,C6/step500,AdritaPC,forward,20,20,0.0007986980848737904,0.011686383144749119
discovery,C6/step500,AdritaPC,forward,21,21,0.0003021694794101665,0.011686383144749119
discovery,C6/step500,AdritaPC,forward,22,22,0.0005219304843211736,0.011686383144749119
discovery,C6/step500,AdritaPC,forward,23,23,0.00039393107096354155,0.011686383144749119
discovery,C6/step500,AdritaPC,reverse,0,23,0.00021842475951187255,0.011686383144749119
discovery,C6/step500,AdritaPC,reverse,1,22,-0.00015628464265758285,0.011686383144749119
discovery,C6/step500,AdritaPC,reverse,2,21,-0.0003624264774672941,0.011686383144749119
discovery,C6/step500,AdritaPC,reverse,3,20,0.0003138847050704355,0.011686383144749119
discovery,C6/step500,AdritaPC,reverse,4,19,0.00010546266250410105,0.011686383144749119
discovery,C6/step500,AdritaPC,reverse,5,18,-0.0006964545863194102,0.011686383144749119
discovery,C6/step500,AdritaPC,reverse,6,17,-0.0003688638041338583,0.011686383144749119
discovery,C6/step500,AdritaPC,reverse,7,16,-0.0002252737931379183,0.011686383144749119
discovery,C6/step500,AdritaPC,reverse,8,15,-0.0006845405158095473,0.011686383144749119
discovery,C6/step500,AdritaPC,reverse,9,14,-0.0007435255476183153,0.011686383144749119
discovery,C6/step500,AdritaPC,reverse,10,13,-7.077875412668137e-05,0.011686383144749119
discovery,C6/step500,AdritaPC,reverse,11,12,3.731394690165627e-06,0.011686383144749119
discovery,C6/step500,AdritaPC,reverse,12,11,-0.0007037205333159038,0.011686383144749119
discovery,C6/step500,AdritaPC,reverse,13,10,-0.00021155369876250824,0.011686383144749119
discovery,C6/step500,AdritaPC,reverse,14,9,-5.4012909336040004e-05,0.011686383144749119
discovery,C6/step500,AdritaPC,reverse,15,8,-0.0005977466413042364,0.011686383144749119
discovery,C6/step500,AdritaPC,reverse,16,7,-0.00011078081105950624,0.011686383144749119
discovery,C6/step500,AdritaPC,reverse,17,6,-0.0011090378248159653,0.011686383144749119
discovery,C6/step500,AdritaPC,reverse,18,5,-0.00017321288742105475,0.011686383144749119
discovery,C6/step500,AdritaPC,reverse,19,4,0.0003407237536012344,0.011686383144749119
discovery,C6/step500,AdritaPC,reverse,20,3,0.0004482233242725763,0.011686383144749119
discovery,C6/step500,AdritaPC,reverse,21,2,0.0010014459404732612,0.011686383144749119
discovery,C6/step500,AdritaPC,reverse,22,1,0.0021082079629572673,0.011686383144749119
discovery,C6/step500,AdritaPC,reverse,23,0,0.013414492068954027,0.011686383144749119
discovery,C6/step2000,AdritaPC,forward,0,0,0.003356473627365793,0.029482156748533876
discovery,C6/step2000,AdritaPC,forward,1,1,0.0005921153071045562,0.029482156748533876
discovery,C6/step2000,AdritaPC,forward,2,2,0.0007253525701407685,0.029482156748533876
discovery,C6/step2000,AdritaPC,forward,3,3,0.0007254643077299664,0.029482156748533876
discovery,C6/step2000,AdritaPC,forward,4,4,0.0008076439003931882,0.029482156748533876
discovery,C6/step2000,AdritaPC,forward,5,5,0.0016415965963849245,0.029482156748533876
discovery,C6/step2000,AdritaPC,forward,6,6,0.0011074298448137097,0.029482156748533876
discovery,C6/step2000,AdritaPC,forward,7,7,0.0010717212747088254,0.029482156748533876
discovery,C6/step2000,AdritaPC,forward,8,8,0.001354026694310306,0.029482156748533876
discovery,C6/step2000,AdritaPC,forward,9,9,0.0006641662277261728,0.029482156748533876
discovery,C6/step2000,AdritaPC,forward,10,10,0.00031688660148560536,0.029482156748533876
discovery,C6/step2000,AdritaPC,forward,11,11,0.0011560068606078782,0.029482156748533876
discovery,C6/step2000,AdritaPC,forward,12,12,0.0008512750260160351,0.029482156748533876
discovery,C6/step2000,AdritaPC,forward,13,13,0.0014856421603305445,0.029482156748533876
discovery,C6/step2000,AdritaPC,forward,14,14,0.0015350457939888862,0.029482156748533876
discovery,C6/step2000,AdritaPC,forward,15,15,0.00210109180039934,0.029482156748533876
discovery,C6/step2000,AdritaPC,forward,16,16,0.0013462617328473588,0.029482156748533876
discovery,C6/step2000,AdritaPC,forward,17,17,0.0013880680114265504,0.029482156748533876
discovery,C6/step2000,AdritaPC,forward,18,18,0.001887664194182148,0.029482156748533876
discovery,C6/step2000,AdritaPC,forward,19,19,0.001183322295742085,0.029482156748533876
discovery,C6/step2000,AdritaPC,forward,20,20,0.0008064726581723669,0.029482156748533876
discovery,C6/step2000,AdritaPC,forward,21,21,0.000984011672613189,0.029482156748533876
discovery,C6/step2000,AdritaPC,forward,22,22,0.0013622404083492251,0.029482156748533876
discovery,C6/step2000,AdritaPC,forward,23,23,0.0010321771816944514,0.029482156748533876
discovery,C6/step2000,AdritaPC,reverse,0,23,0.00018146584978879593,0.029482156748533876
discovery,C6/step2000,AdritaPC,reverse,1,22,0.0003801372858483022,0.029482156748533876
discovery,C6/step2000,AdritaPC,reverse,2,21,0.00023961965806215137,0.029482156748533876
discovery,C6/step2000,AdritaPC,reverse,3,20,-5.8622986000040996e-05,0.029482156748533876
discovery,C6/step2000,AdritaPC,reverse,4,19,0.00033586797438894356,0.029482156748533876
discovery,C6/step2000,AdritaPC,reverse,5,18,0.0005704758611563936,0.029482156748533876
discovery,C6/step2000,AdritaPC,reverse,6,17,0.0006543419304795153,0.029482156748533876
discovery,C6/step2000,AdritaPC,reverse,7,16,0.0008393263128485892,0.029482156748533876
discovery,C6/step2000,AdritaPC,reverse,8,15,0.0020333858299755986,0.029482156748533876
discovery,C6/step2000,AdritaPC,reverse,9,14,0.002044471880895259,0.029482156748533876
discovery,C6/step2000,AdritaPC,reverse,10,13,0.002383216597589608,0.029482156748533876
discovery,C6/step2000,AdritaPC,reverse,11,12,0.0014929984185326445,0.029482156748533876
discovery,C6/step2000,AdritaPC,reverse,12,11,0.001430922981322281,0.029482156748533876
discovery,C6/step2000,AdritaPC,reverse,13,10,0.00027211567235431016,0.029482156748533876
discovery,C6/step2000,AdritaPC,reverse,14,9,0.0010908748596671998,0.029482156748533876
discovery,C6/step2000,AdritaPC,reverse,15,8,0.0016135406494140626,0.029482156748533876
discovery,C6/step2000,AdritaPC,reverse,16,7,0.0007774026625425484,0.029482156748533876
discovery,C6/step2000,AdritaPC,reverse,17,6,0.0009865357806989215,0.029482156748533876
discovery,C6/step2000,AdritaPC,reverse,18,5,0.0012739386771294702,0.029482156748533876
discovery,C6/step2000,AdritaPC,reverse,19,4,0.0005431331924879018,0.029482156748533876
discovery,C6/step2000,AdritaPC,reverse,20,3,0.0005956913104520383,0.029482156748533876
discovery,C6/step2000,AdritaPC,reverse,21,2,0.00035341017515327645,0.029482156748533876
discovery,C6/step2000,AdritaPC,reverse,22,1,0.00040028970072588597,0.029482156748533876
discovery,C6/step2000,AdritaPC,reverse,23,0,0.009047616473020218,0.029482156748533876
discovery,C6/step10000,AdritaPC,forward,0,0,0.006163059645124621,0.227312230888627
discovery,C6/step10000,AdritaPC,forward,1,1,0.0014786138058960282,0.227312230888627
discovery,C6/step10000,AdritaPC,forward,2,2,0.0018744674442321297,0.227312230888627
discovery,C6/step10000,AdritaPC,forward,3,3,0.0029848358074198245,0.227312230888627
discovery,C6/step10000,AdritaPC,forward,4,4,0.003599889159515461,0.227312230888627
discovery,C6/step10000,AdritaPC,forward,5,5,0.0033913948279353265,0.227312230888627
discovery,C6/step10000,AdritaPC,forward,6,6,0.004329748779457072,0.227312230888627
discovery,C6/step10000,AdritaPC,forward,7,7,0.0026220282607191192,0.227312230888627
discovery,C6/step10000,AdritaPC,forward,8,8,0.002223165116597974,0.227312230888627
discovery,C6/step10000,AdritaPC,forward,9,9,0.002260581189253199,0.227312230888627
discovery,C6/step10000,AdritaPC,forward,10,10,0.003035582695107447,0.227312230888627
discovery,C6/step10000,AdritaPC,forward,11,11,0.0029613407765786484,0.227312230888627
discovery,C6/step10000,AdritaPC,forward,12,12,0.00457154281496063,0.227312230888627
discovery,C6/step10000,AdritaPC,forward,13,13,0.01272718805027759,0.227312230888627
discovery,C6/step10000,AdritaPC,forward,14,14,0.02169496040644608,0.227312230888627
discovery,C6/step10000,AdritaPC,forward,15,15,0.06784461404394916,0.227312230888627
discovery,C6/step10000,AdritaPC,forward,16,16,0.021839984683539922,0.227312230888627
discovery,C6/step10000,AdritaPC,forward,17,17,0.012621767840047522,0.227312230888627
discovery,C6/step10000,AdritaPC,forward,18,18,0.023453181809953504,0.227312230888627
discovery,C6/step10000,AdritaPC,forward,19,19,0.010442631438648294,0.227312230888627
discovery,C6/step10000,AdritaPC,forward,20,20,0.007034901296059915,0.227312230888627
discovery,C6/step10000,AdritaPC,forward,21,21,0.005653852928341844,0.227312230888627
discovery,C6/step10000,AdritaPC,forward,22,22,0.0011983239682014832,0.227312230888627
discovery,C6/step10000,AdritaPC,forward,23,23,0.0013045741003642238,0.227312230888627
discovery,C6/step10000,AdritaPC,reverse,0,23,0.00015989618977223794,0.227312230888627
discovery,C6/step10000,AdritaPC,reverse,1,22,-0.00011126250419716821,0.227312230888627
discovery,C6/step10000,AdritaPC,reverse,2,21,0.0007175226286640317,0.227312230888627
discovery,C6/step10000,AdritaPC,reverse,3,20,0.000939713826016804,0.227312230888627
discovery,C6/step10000,AdritaPC,reverse,4,19,0.003626421930908844,0.227312230888627
discovery,C6/step10000,AdritaPC,reverse,5,18,0.005533584234282726,0.227312230888627
discovery,C6/step10000,AdritaPC,reverse,6,17,0.0039861175457010746,0.227312230888627
discovery,C6/step10000,AdritaPC,reverse,7,16,0.009350781978897535,0.227312230888627
discovery,C6/step10000,AdritaPC,reverse,8,15,0.052601519006443775,0.227312230888627
discovery,C6/step10000,AdritaPC,reverse,9,14,0.03515748672285105,0.227312230888627
discovery,C6/step10000,AdritaPC,reverse,10,13,0.045828231551202886,0.227312230888627
discovery,C6/step10000,AdritaPC,reverse,11,12,0.05982776511685429,0.227312230888627
discovery,C6/step10000,AdritaPC,reverse,12,11,0.007823401723946799,0.227312230888627
discovery,C6/step10000,AdritaPC,reverse,13,10,0.0003259420520051569,0.227312230888627
discovery,C6/step10000,AdritaPC,reverse,14,9,-0.002761604128860115,0.227312230888627
discovery,C6/step10000,AdritaPC,reverse,15,8,-0.004364111392203904,0.227312230888627
discovery,C6/step10000,AdritaPC,reverse,16,7,-0.009884119409275806,0.227312230888627
discovery,C6/step10000,AdritaPC,reverse,17,6,-0.0028740801273055565,0.227312230888627
discovery,C6/step10000,AdritaPC,reverse,18,5,-0.009632472941881718,0.227312230888627
discovery,C6/step10000,AdritaPC,reverse,19,4,0.0008035405476888028,0.227312230888627
discovery,C6/step10000,AdritaPC,reverse,20,3,0.002918504729984314,0.227312230888627
discovery,C6/step10000,AdritaPC,reverse,21,2,0.01000200266600281,0.227312230888627
discovery,C6/step10000,AdritaPC,reverse,22,1,0.002957394917805989,0.227312230888627
discovery,C6/step10000,AdritaPC,reverse,23,0,0.014380054023322158,0.227312230888627
confirmation,teacher,AdritaPC,forward,0,0,0.0004052862407654289,1.560854277861087
confirmation,teacher,AdritaPC,forward,1,1,0.0013082333499678165,1.560854277861087
confirmation,teacher,AdritaPC,forward,2,2,0.0025405661327632394,1.560854277861087
confirmation,teacher,AdritaPC,forward,3,3,0.0049166529760586,1.560854277861087
confirmation,teacher,AdritaPC,forward,4,4,0.009115265454520079,1.560854277861087
confirmation,teacher,AdritaPC,forward,5,5,0.012347595134745119,1.560854277861087
confirmation,teacher,AdritaPC,forward,6,6,0.0066648503238447695,1.560854277861087
confirmation,teacher,AdritaPC,forward,7,7,0.004899032604037307,1.560854277861087
confirmation,teacher,AdritaPC,forward,8,8,0.008549998538700615,1.560854277861087
confirmation,teacher,AdritaPC,forward,9,9,0.006964172922720121,1.560854277861087
confirmation,teacher,AdritaPC,forward,10,10,0.010477257995154914,1.560854277861087
confirmation,teacher,AdritaPC,forward,11,11,0.0185175009787552,1.560854277861087
confirmation,teacher,AdritaPC,forward,12,12,0.03995699935697821,1.560854277861087
confirmation,teacher,AdritaPC,forward,13,13,0.027418976524683433,1.560854277861087
confirmation,teacher,AdritaPC,forward,14,14,0.03405180506193106,1.560854277861087
confirmation,teacher,AdritaPC,forward,15,15,0.023028210867734093,1.560854277861087
confirmation,teacher,AdritaPC,forward,16,16,0.030045513881473092,1.560854277861087
confirmation,teacher,AdritaPC,forward,17,17,0.09173208662218309,1.560854277861087
confirmation,teacher,AdritaPC,forward,18,18,0.09524623594259027,1.560854277861087
confirmation,teacher,AdritaPC,forward,19,19,0.10056400952376719,1.560854277861087
confirmation,teacher,AdritaPC,forward,20,20,0.10441228494869442,1.560854277861087
confirmation,teacher,AdritaPC,forward,21,21,0.11258510164075636,1.560854277861087
confirmation,teacher,AdritaPC,forward,22,22,0.11547482520576537,1.560854277861087
confirmation,teacher,AdritaPC,forward,23,23,0.08145987010064713,1.560854277861087
confirmation,teacher,AdritaPC,forward,24,24,0.07263630071024256,1.560854277861087
confirmation,teacher,AdritaPC,forward,25,25,0.06256672247188298,1.560854277861087
confirmation,teacher,AdritaPC,forward,26,26,0.09232640089951162,1.560854277861087
confirmation,teacher,AdritaPC,forward,27,27,0.07155235100293098,1.560854277861087
confirmation,teacher,AdritaPC,forward,28,28,0.03906157531137541,1.560854277861087
confirmation,teacher,AdritaPC,forward,29,29,0.04459489564570229,1.560854277861087
confirmation,teacher,AdritaPC,forward,30,30,0.0385615523280747,1.560854277861087
confirmation,teacher,AdritaPC,forward,31,31,0.038985629144303126,1.560854277861087
confirmation,teacher,AdritaPC,forward,32,32,0.06263120531097172,1.560854277861087
confirmation,teacher,AdritaPC,forward,33,33,0.01725602893378791,1.560854277861087
confirmation,teacher,AdritaPC,forward,34,34,0.05902012517133097,1.560854277861087
confirmation,teacher,AdritaPC,forward,35,35,0.018979158601735838,1.560854277861087
confirmation,teacher,AdritaPC,reverse,0,35,2.858214490995633e-05,1.560854277861087
confirmation,teacher,AdritaPC,reverse,1,34,0.0006673707736758735,1.560854277861087
confirmation,teacher,AdritaPC,reverse,2,33,0.0019430677659242484,1.560854277861087
confirmation,teacher,AdritaPC,reverse,3,32,0.010267236367298236,1.560854277861087
confirmation,teacher,AdritaPC,reverse,4,31,0.014210508858437927,1.560854277861087
confirmation,teacher,AdritaPC,reverse,5,30,0.023814775502587867,1.560854277861087
confirmation,teacher,AdritaPC,reverse,6,29,0.022718110497542254,1.560854277861087
confirmation,teacher,AdritaPC,reverse,7,28,0.025391980519132037,1.560854277861087
confirmation,teacher,AdritaPC,reverse,8,27,0.02386970300686954,1.560854277861087
confirmation,teacher,AdritaPC,reverse,9,26,0.04070145701173097,1.560854277861087
confirmation,teacher,AdritaPC,reverse,10,25,0.04506155167977641,1.560854277861087
confirmation,teacher,AdritaPC,reverse,11,24,0.030527817351924464,1.560854277861087
confirmation,teacher,AdritaPC,reverse,12,23,0.05913293023747722,1.560854277861087
confirmation,teacher,AdritaPC,reverse,13,22,0.029465044558517575,1.560854277861087
confirmation,teacher,AdritaPC,reverse,14,21,0.06963224486103207,1.560854277861087
confirmation,teacher,AdritaPC,reverse,15,20,0.07666036420606878,1.560854277861087
confirmation,teacher,AdritaPC,reverse,16,19,0.10259096551129199,1.560854277861087
confirmation,teacher,AdritaPC,reverse,17,18,0.07342362573453448,1.560854277861087
confirmation,teacher,AdritaPC,reverse,18,17,0.1516844058912883,1.560854277861087
confirmation,teacher,AdritaPC,reverse,19,16,0.08402447413897576,1.560854277861087
confirmation,teacher,AdritaPC,reverse,20,15,0.04608997965735088,1.560854277861087
confirmation,teacher,AdritaPC,reverse,21,14,0.08583475463346546,1.560854277861087
confirmation,teacher,AdritaPC,reverse,22,13,0.04899619332761589,1.560854277861087
confirmation,teacher,AdritaPC,reverse,23,12,0.11088063300125242,1.560854277861087
confirmation,teacher,AdritaPC,reverse,24,11,0.05973225345761758,1.560854277861087
confirmation,teacher,AdritaPC,reverse,25,10,0.07923920899238485,1.560854277861087
confirmation,teacher,AdritaPC,reverse,26,9,0.028872558713897958,1.560854277861087
confirmation,teacher,AdritaPC,reverse,27,8,0.04749765721518849,1.560854277861087
confirmation,teacher,AdritaPC,reverse,28,7,0.0287385614650456,1.560854277861087
confirmation,teacher,AdritaPC,reverse,29,6,0.009815051586922079,1.560854277861087
confirmation,teacher,AdritaPC,reverse,30,5,0.009862360441152818,1.560854277861087
confirmation,teacher,AdritaPC,reverse,31,4,0.02173104281187683,1.560854277861087
confirmation,teacher,AdritaPC,reverse,32,3,0.031496407241020305,1.560854277861087
confirmation,teacher,AdritaPC,reverse,33,2,0.023306716383285717,1.560854277861087
confirmation,teacher,AdritaPC,reverse,34,1,0.029800688901285493,1.560854277861087
confirmation,teacher,AdritaPC,reverse,35,0,0.0131439934127287,1.560854277861087
confirmation,C1/step500,NodiPC,forward,0,0,0.003886449218109211,0.006532225521217807
confirmation,C1/step500,NodiPC,forward,1,1,-0.0005639610390650631,0.006532225521217807
confirmation,C1/step500,NodiPC,forward,2,2,-0.00011733047605499502,0.006532225521217807
confirmation,C1/step500,NodiPC,forward,3,3,0.00016134427288385818,0.006532225521217807
confirmation,C1/step500,NodiPC,forward,4,4,0.00011802252822034948,0.006532225521217807
confirmation,C1/step500,NodiPC,forward,5,5,0.0001556668819717848,0.006532225521217807
confirmation,C1/step500,NodiPC,forward,6,6,0.0002737156424935408,0.006532225521217807
confirmation,C1/step500,NodiPC,forward,7,7,0.0001758176948767635,0.006532225521217807
confirmation,C1/step500,NodiPC,forward,8,8,0.00020022354726716293,0.006532225521217807
confirmation,C1/step500,NodiPC,forward,9,9,0.0001899797334445742,0.006532225521217807
confirmation,C1/step500,NodiPC,forward,10,10,0.00022963456281526826,0.006532225521217807
confirmation,C1/step500,NodiPC,forward,11,11,0.0002204286269941355,0.006532225521217807
confirmation,C1/step500,NodiPC,forward,12,12,0.00018784270198952174,0.006532225521217807
confirmation,C1/step500,NodiPC,forward,13,13,0.0001258918181491963,0.006532225521217807
confirmation,C1/step500,NodiPC,forward,14,14,0.0001507328063484251,0.006532225521217807
confirmation,C1/step500,NodiPC,forward,15,15,0.00018071512537678406,0.006532225521217807
confirmation,C1/step500,NodiPC,forward,16,16,0.00017526841851982856,0.006532225521217807
confirmation,C1/step500,NodiPC,forward,17,17,0.00015298337761185613,0.006532225521217807
confirmation,C1/step500,NodiPC,forward,18,18,9.628856588849253e-05,0.006532225521217807
confirmation,C1/step500,NodiPC,forward,19,19,0.0001423026257612573,0.006532225521217807
confirmation,C1/step500,NodiPC,forward,20,20,0.00013010280338797984,0.006532225521217807
confirmation,C1/step500,NodiPC,forward,21,21,6.875005606904111e-05,0.006532225521217807
confirmation,C1/step500,NodiPC,forward,22,22,0.00011443511081805697,0.006532225521217807
confirmation,C1/step500,NodiPC,forward,23,23,7.692091734077676e-05,0.006532225521217807
confirmation,C1/step500,NodiPC,reverse,0,23,-1.2814779607016896e-05,0.006532225521217807
confirmation,C1/step500,NodiPC,reverse,1,22,2.299671723773786e-05,0.006532225521217807
confirmation,C1/step500,NodiPC,reverse,2,21,-5.5332133776246795e-06,0.006532225521217807
confirmation,C1/step500,NodiPC,reverse,3,20,4.3262071183973104e-05,0.006532225521217807
confirmation,C1/step500,NodiPC,reverse,4,19,5.020121576904938e-05,0.006532225521217807
confirmation,C1/step500,NodiPC,reverse,5,18,3.187084448306266e-05,0.006532225521217807
confirmation,C1/step500,NodiPC,reverse,6,17,6.454808192616059e-05,0.006532225521217807
confirmation,C1/step500,NodiPC,reverse,7,16,7.629074136729004e-05,0.006532225521217807
confirmation,C1/step500,NodiPC,reverse,8,15,8.916499420726707e-05,0.006532225521217807
confirmation,C1/step500,NodiPC,reverse,9,14,7.496190509145341e-05,0.006532225521217807
confirmation,C1/step500,NodiPC,reverse,10,13,6.789199949249508e-05,0.006532225521217807
confirmation,C1/step500,NodiPC,reverse,11,12,9.430912848845552e-05,0.006532225521217807
confirmation,C1/step500,NodiPC,reverse,12,11,8.729749464300364e-05,0.006532225521217807
confirmation,C1/step500,NodiPC,reverse,13,10,0.00011910446046844239,0.006532225521217807
confirmation,C1/step500,NodiPC,reverse,14,9,0.00010507858957205544,0.006532225521217807
confirmation,C1/step500,NodiPC,reverse,15,8,7.490323284479577e-05,0.006532225521217807
confirmation,C1/step500,NodiPC,reverse,16,7,0.00010135360277230972,0.006532225521217807
confirmation,C1/step500,NodiPC,reverse,17,6,0.00023305357284746146,0.006532225521217807
confirmation,C1/step500,NodiPC,reverse,18,5,8.30945192672449e-05,0.006532225521217807
confirmation,C1/step500,NodiPC,reverse,19,4,5.4635676186228674e-05,0.006532225521217807
confirmation,C1/step500,NodiPC,reverse,20,3,7.774753520494997e-05,0.006532225521217807
confirmation,C1/step500,NodiPC,reverse,21,2,0.0001510876432804298,0.006532225521217807
confirmation,C1/step500,NodiPC,reverse,22,1,0.00024886964812992124,0.006532225521217807
confirmation,C1/step500,NodiPC,reverse,23,0,0.004598849839738661,0.006532225521217807
confirmation,C1/step2000,NodiPC,forward,0,0,0.002537116704024668,0.014295285442682703
confirmation,C1/step2000,NodiPC,forward,1,1,0.0005879495775918635,0.014295285442682703
confirmation,C1/step2000,NodiPC,forward,2,2,0.000513063766199147,0.014295285442682703
confirmation,C1/step2000,NodiPC,forward,3,3,0.00014607447025969902,0.014295285442682703
confirmation,C1/step2000,NodiPC,forward,4,4,0.00012481989822988435,0.014295285442682703
confirmation,C1/step2000,NodiPC,forward,5,5,0.00023735947496309056,0.014295285442682703
confirmation,C1/step2000,NodiPC,forward,6,6,0.0002956222173735851,0.014295285442682703
confirmation,C1/step2000,NodiPC,forward,7,7,0.0003936973832097893,0.014295285442682703
confirmation,C1/step2000,NodiPC,forward,8,8,0.0004909479336475763,0.014295285442682703
confirmation,C1/step2000,NodiPC,forward,9,9,0.0006055620649042405,0.014295285442682703
confirmation,C1/step2000,NodiPC,forward,10,10,0.0005838633459696932,0.014295285442682703
confirmation,C1/step2000,NodiPC,forward,11,11,0.0006131037514353674,0.014295285442682703
confirmation,C1/step2000,NodiPC,forward,12,12,0.0008191532725737164,0.014295285442682703
confirmation,C1/step2000,NodiPC,forward,13,13,0.0004851602068723344,0.014295285442682703
confirmation,C1/step2000,NodiPC,forward,14,14,0.0005983732128393618,0.014295285442682703
confirmation,C1/step2000,NodiPC,forward,15,15,0.0005754163446701731,0.014295285442682703
confirmation,C1/step2000,NodiPC,forward,16,16,0.0008288546184229413,0.014295285442682703
confirmation,C1/step2000,NodiPC,forward,17,17,0.0007477127035145996,0.014295285442682703
confirmation,C1/step2000,NodiPC,forward,18,18,0.001116929141868131,0.014295285442682703
confirmation,C1/step2000,NodiPC,forward,19,19,0.0005861797983565042,0.014295285442682703
confirmation,C1/step2000,NodiPC,forward,20,20,0.0005485969203037852,0.014295285442682703
confirmation,C1/step2000,NodiPC,forward,21,21,0.0003576902454606503,0.014295285442682703
confirmation,C1/step2000,NodiPC,forward,22,22,0.0002951127900851994,0.014295285442682703
confirmation,C1/step2000,NodiPC,forward,23,23,0.00020692559990670122,0.014295285442682703
confirmation,C1/step2000,NodiPC,reverse,0,23,1.2447327140748032e-05,0.014295285442682703
confirmation,C1/step2000,NodiPC,reverse,1,22,1.9609946904219976e-05,0.014295285442682703
confirmation,C1/step2000,NodiPC,reverse,2,21,0.0001239706525026657,0.014295285442682703
confirmation,C1/step2000,NodiPC,reverse,3,20,0.0001698313234985031,0.014295285442682703
confirmation,C1/step2000,NodiPC,reverse,4,19,0.00019495566060223916,0.014295285442682703
confirmation,C1/step2000,NodiPC,reverse,5,18,0.0005053484658869545,0.014295285442682703
confirmation,C1/step2000,NodiPC,reverse,6,17,0.0003587461456539124,0.014295285442682703
confirmation,C1/step2000,NodiPC,reverse,7,16,0.0006392203103213173,0.014295285442682703
confirmation,C1/step2000,NodiPC,reverse,8,15,0.00038934682610779604,0.014295285442682703
confirmation,C1/step2000,NodiPC,reverse,9,14,0.0005822958157757136,0.014295285442682703
confirmation,C1/step2000,NodiPC,reverse,10,13,0.0004933054365823901,0.014295285442682703
confirmation,C1/step2000,NodiPC,reverse,11,12,0.0008154829530891158,0.014295285442682703
confirmation,C1/step2000,NodiPC,reverse,12,11,0.0006378606360728347,0.014295285442682703
confirmation,C1/step2000,NodiPC,reverse,13,10,0.0004759510671059916,0.014295285442682703
confirmation,C1/step2000,NodiPC,reverse,14,9,0.0005270411774242331,0.014295285442682703
confirmation,C1/step2000,NodiPC,reverse,15,8,0.00037042572742372045,0.014295285442682703
confirmation,C1/step2000,NodiPC,reverse,16,7,0.0002683408241572343,0.014295285442682703
confirmation,C1/step2000,NodiPC,reverse,17,6,0.00020386503124487365,0.014295285442682703
confirmation,C1/step2000,NodiPC,reverse,18,5,0.00017222987698131968,0.014295285442682703
confirmation,C1/step2000,NodiPC,reverse,19,4,0.00011080163670337107,0.014295285442682703
confirmation,C1/step2000,NodiPC,reverse,20,3,7.861820731576033e-05,0.014295285442682703
confirmation,C1/step2000,NodiPC,reverse,21,2,0.0002608495997631645,0.014295285442682703
confirmation,C1/step2000,NodiPC,reverse,22,1,0.0005476727823572834,0.014295285442682703
confirmation,C1/step2000,NodiPC,reverse,23,0,0.006337068012067339,0.014295285442682703
confirmation,C1/step10000,NodiPC,forward,0,0,0.002651519875513913,0.06228034562639051
confirmation,C1/step10000,NodiPC,forward,1,1,0.00037554428020487304,0.06228034562639051
confirmation,C1/step10000,NodiPC,forward,2,2,0.0005244537413589598,0.06228034562639051
confirmation,C1/step10000,NodiPC,forward,3,3,0.0007726194727139211,0.06228034562639051
confirmation,C1/step10000,NodiPC,forward,4,4,0.0008312042616796618,0.06228034562639051
confirmation,C1/step10000,NodiPC,forward,5,5,0.0012653327801721928,0.06228034562639051
confirmation,C1/step10000,NodiPC,forward,6,6,0.0016820324875238372,0.06228034562639051
confirmation,C1/step10000,NodiPC,forward,7,7,0.0019872545757944502,0.06228034562639051
confirmation,C1/step10000,NodiPC,forward,8,8,0.0018177106561936105,0.06228034562639051
confirmation,C1/step10000,NodiPC,forward,9,9,0.002233387904530122,0.06228034562639051
confirmation,C1/step10000,NodiPC,forward,10,10,0.0014964713449553242,0.06228034562639051
confirmation,C1/step10000,NodiPC,forward,11,11,0.0015473924471637395,0.06228034562639051
confirmation,C1/step10000,NodiPC,forward,12,12,0.002495965331871053,0.06228034562639051
confirmation,C1/step10000,NodiPC,forward,13,13,0.0013367950259231209,0.06228034562639051
confirmation,C1/step10000,NodiPC,forward,14,14,0.007966757496510903,0.06228034562639051
confirmation,C1/step10000,NodiPC,forward,15,15,0.0028225627909182253,0.06228034562639051
confirmation,C1/step10000,NodiPC,forward,16,16,0.013829019801823174,0.06228034562639051
confirmation,C1/step10000,NodiPC,forward,17,17,0.003493384914448255,0.06228034562639051
confirmation,C1/step10000,NodiPC,forward,18,18,0.007322759252833569,0.06228034562639051
confirmation,C1/step10000,NodiPC,forward,19,19,0.0025089100715056495,0.06228034562639051
confirmation,C1/step10000,NodiPC,forward,20,20,0.0018961374277830752,0.06228034562639051
confirmation,C1/step10000,NodiPC,forward,21,21,0.0004726808402794862,0.06228034562639051
confirmation,C1/step10000,NodiPC,forward,22,22,0.0006428837212990589,0.06228034562639051
confirmation,C1/step10000,NodiPC,forward,23,23,0.00030756512339033846,0.06228034562639051
confirmation,C1/step10000,NodiPC,reverse,0,23,4.5810609351931594e-05,0.06228034562639051
confirmation,C1/step10000,NodiPC,reverse,1,22,0.00013163944554766958,0.06228034562639051
confirmation,C1/step10000,NodiPC,reverse,2,21,-1.5010983925166253e-06,0.06228034562639051
confirmation,C1/step10000,NodiPC,reverse,3,20,0.0005427285942818549,0.06228034562639051
confirmation,C1/step10000,NodiPC,reverse,4,19,0.0009990690136206118,0.06228034562639051
confirmation,C1/step10000,NodiPC,reverse,5,18,0.0026020728884719488,0.06228034562639051
confirmation,C1/step10000,NodiPC,reverse,6,17,0.0018487813153604824,0.06228034562639051
confirmation,C1/step10000,NodiPC,reverse,7,16,0.00858563931282424,0.06228034562639051
confirmation,C1/step10000,NodiPC,reverse,8,15,0.001992424191452387,0.06228034562639051
confirmation,C1/step10000,NodiPC,reverse,9,14,0.016679453912369534,0.06228034562639051
confirmation,C1/step10000,NodiPC,reverse,10,13,0.0033434469868817668,0.06228034562639051
confirmation,C1/step10000,NodiPC,reverse,11,12,0.008910511847868991,0.06228034562639051
confirmation,C1/step10000,NodiPC,reverse,12,11,0.0019441739780696361,0.06228034562639051
confirmation,C1/step10000,NodiPC,reverse,13,10,0.0004531222566219137,0.06228034562639051
confirmation,C1/step10000,NodiPC,reverse,14,9,0.0008358180929669563,0.06228034562639051
confirmation,C1/step10000,NodiPC,reverse,15,8,-0.0011171339941149934,0.06228034562639051
confirmation,C1/step10000,NodiPC,reverse,16,7,0.00022915617374610377,0.06228034562639051
confirmation,C1/step10000,NodiPC,reverse,17,6,-0.0012106246147255883,0.06228034562639051
confirmation,C1/step10000,NodiPC,reverse,18,5,-0.0010987247256782115,0.06228034562639051
confirmation,C1/step10000,NodiPC,reverse,19,4,0.00012459241811997566,0.06228034562639051
confirmation,C1/step10000,NodiPC,reverse,20,3,0.0010597895825003084,0.06228034562639051
confirmation,C1/step10000,NodiPC,reverse,21,2,0.0011269542864301384,0.06228034562639051
confirmation,C1/step10000,NodiPC,reverse,22,1,0.0030466519253147554,0.06228034562639051
confirmation,C1/step10000,NodiPC,reverse,23,0,0.011206493227500615,0.06228034562639051
confirmation,C2/step500,NodiPC,forward,0,0,0.007427938866803026,0.014148155272476317
confirmation,C2/step500,NodiPC,forward,1,1,0.0004602717602346825,0.014148155272476317
confirmation,C2/step500,NodiPC,forward,2,2,0.00270906783777272,0.014148155272476317
confirmation,C2/step500,NodiPC,forward,3,3,0.0014208758096369545,0.014148155272476317
confirmation,C2/step500,NodiPC,forward,4,4,0.0001328135412821933,0.014148155272476317
confirmation,C2/step500,NodiPC,forward,5,5,0.0020464092665144146,0.014148155272476317
confirmation,C2/step500,NodiPC,forward,6,6,-4.33247483621431e-05,0.014148155272476317
confirmation,C2/step500,NodiPC,forward,7,7,-0.0006632851427934301,0.014148155272476317
confirmation,C2/step500,NodiPC,forward,8,8,0.0003428323500425484,0.014148155272476317
confirmation,C2/step500,NodiPC,forward,9,9,0.0002867813310598137,0.014148155272476317
confirmation,C2/step500,NodiPC,forward,10,10,0.0005043486347348673,0.014148155272476317
confirmation,C2/step500,NodiPC,forward,11,11,-0.0005768174699598098,0.014148155272476317
confirmation,C2/step500,NodiPC,forward,12,12,0.000854058853910351,0.014148155272476317
confirmation,C2/step500,NodiPC,forward,13,13,0.0008823731189637672,0.014148155272476317
confirmation,C2/step500,NodiPC,forward,14,14,-0.00014326260784479572,0.014148155272476317
confirmation,C2/step500,NodiPC,forward,15,15,4.7254186915600114e-06,0.014148155272476317
confirmation,C2/step500,NodiPC,forward,16,16,-0.00036656717615803384,0.014148155272476317
confirmation,C2/step500,NodiPC,forward,17,17,-0.00031630828937520507,0.014148155272476317
confirmation,C2/step500,NodiPC,forward,18,18,-0.0006385070320189469,0.014148155272476317
confirmation,C2/step500,NodiPC,forward,19,19,-0.000329216584133038,0.014148155272476317
confirmation,C2/step500,NodiPC,forward,20,20,-0.000346507475444964,0.014148155272476317
confirmation,C2/step500,NodiPC,forward,21,21,-0.00032716325574659615,0.014148155272476317
confirmation,C2/step500,NodiPC,forward,22,22,0.0006501129230489255,0.014148155272476317
confirmation,C2/step500,NodiPC,forward,23,23,0.00017650534161745408,0.014148155272476317
confirmation,C2/step500,NodiPC,reverse,0,23,0.00015716332463141814,0.014148155272476317
confirmation,C2/step500,NodiPC,reverse,1,22,0.0005386152292486876,0.014148155272476317
confirmation,C2/step500,NodiPC,reverse,2,21,-0.0007455053855115034,0.014148155272476317
confirmation,C2/step500,NodiPC,reverse,3,20,-0.0006760746913319185,0.014148155272476317
confirmation,C2/step500,NodiPC,reverse,4,19,-0.0006090263306625246,0.014148155272476317
confirmation,C2/step500,NodiPC,reverse,5,18,-0.000692534759601583,0.014148155272476317
confirmation,C2/step500,NodiPC,reverse,6,17,-0.0003562688952668758,0.014148155272476317
confirmation,C2/step500,NodiPC,reverse,7,16,-0.00037036665468391164,0.014148155272476317
confirmation,C2/step500,NodiPC,reverse,8,15,-0.0004201719829729536,0.014148155272476317
confirmation,C2/step500,NodiPC,reverse,9,14,-0.000543382499474553,0.014148155272476317
confirmation,C2/step500,NodiPC,reverse,10,13,0.0007218855009304257,0.014148155272476317
confirmation,C2/step500,NodiPC,reverse,11,12,0.0007120986497934096,0.014148155272476317
confirmation,C2/step500,NodiPC,reverse,12,11,-0.0007312560394367207,0.014148155272476317
confirmation,C2/step500,NodiPC,reverse,13,10,0.00033498849142880573,0.014148155272476317
confirmation,C2/step500,NodiPC,reverse,14,9,-0.00034352039727639027,0.014148155272476317
confirmation,C2/step500,NodiPC,reverse,15,8,0.0002798347773514395,0.014148155272476317
confirmation,C2/step500,NodiPC,reverse,16,7,-0.00038975512887549213,0.014148155272476317
confirmation,C2/step500,NodiPC,reverse,17,6,-0.00013198752415774674,0.014148155272476317
confirmation,C2/step500,NodiPC,reverse,18,5,0.0012238133548125821,0.014148155272476317
confirmation,C2/step500,NodiPC,reverse,19,4,-6.506591957072264e-05,0.014148155272476317
confirmation,C2/step500,NodiPC,reverse,20,3,0.000586637161535228,0.014148155272476317
confirmation,C2/step500,NodiPC,reverse,21,2,0.0010386485502788714,0.014148155272476317
confirmation,C2/step500,NodiPC,reverse,22,1,0.0022049693110108063,0.014148155272476317
confirmation,C2/step500,NodiPC,reverse,23,0,0.012424417130277539,0.014148155272476317
confirmation,C2/step2000,NodiPC,forward,0,0,0.0017161848413662648,0.038781041623413406
confirmation,C2/step2000,NodiPC,forward,1,1,0.0018431349626676305,0.038781041623413406
confirmation,C2/step2000,NodiPC,forward,2,2,0.0018853703696583826,0.038781041623413406
confirmation,C2/step2000,NodiPC,forward,3,3,0.0017827618215966413,0.038781041623413406
confirmation,C2/step2000,NodiPC,forward,4,4,0.0014924269148058153,0.038781041623413406
confirmation,C2/step2000,NodiPC,forward,5,5,0.001411878730994197,0.038781041623413406
confirmation,C2/step2000,NodiPC,forward,6,6,0.000181219146007628,0.038781041623413406
confirmation,C2/step2000,NodiPC,forward,7,7,0.0012862550430097605,0.038781041623413406
confirmation,C2/step2000,NodiPC,forward,8,8,0.002983413255746596,0.038781041623413406
confirmation,C2/step2000,NodiPC,forward,9,9,0.0012995500139051223,0.038781041623413406
confirmation,C2/step2000,NodiPC,forward,10,10,0.0009342776321050691,0.038781041623413406
confirmation,C2/step2000,NodiPC,forward,11,11,0.0021177903623405716,0.038781041623413406
confirmation,C2/step2000,NodiPC,forward,12,12,0.002266702727070005,0.038781041623413406
confirmation,C2/step2000,NodiPC,forward,13,13,0.002417502215528113,0.038781041623413406
confirmation,C2/step2000,NodiPC,forward,14,14,0.0015036865795065412,0.038781041623413406
confirmation,C2/step2000,NodiPC,forward,15,15,0.0029026482048935777,0.038781041623413406
confirmation,C2/step2000,NodiPC,forward,16,16,0.0020178773334332966,0.038781041623413406
confirmation,C2/step2000,NodiPC,forward,17,17,0.0016441947957036374,0.038781041623413406
confirmation,C2/step2000,NodiPC,forward,18,18,0.0013126551510467932,0.038781041623413406
confirmation,C2/step2000,NodiPC,forward,19,19,0.0019242586551375899,0.038781041623413406
confirmation,C2/step2000,NodiPC,forward,20,20,0.0011149489034817913,0.038781041623413406
confirmation,C2/step2000,NodiPC,forward,21,21,0.0006400571407608473,0.038781041623413406
confirmation,C2/step2000,NodiPC,forward,22,22,0.0010373687744140623,0.038781041623413406
confirmation,C2/step2000,NodiPC,forward,23,23,0.0010648780482334728,0.038781041623413406
confirmation,C2/step2000,NodiPC,reverse,0,23,0.00048903938353531,0.038781041623413406
confirmation,C2/step2000,NodiPC,reverse,1,22,0.0006843879279189222,0.038781041623413406
confirmation,C2/step2000,NodiPC,reverse,2,21,-4.8816911191765095e-05,0.038781041623413406
confirmation,C2/step2000,NodiPC,reverse,3,20,7.668242366920934e-05,0.038781041623413406
confirmation,C2/step2000,NodiPC,reverse,4,19,0.0005157064202576484,0.038781041623413406
confirmation,C2/step2000,NodiPC,reverse,5,18,0.000465778541064325,0.038781041623413406
confirmation,C2/step2000,NodiPC,reverse,6,17,0.0008326841339351624,0.038781041623413406
confirmation,C2/step2000,NodiPC,reverse,7,16,0.0014002828522929995,0.038781041623413406
confirmation,C2/step2000,NodiPC,reverse,8,15,0.002033497767811372,0.038781041623413406
confirmation,C2/step2000,NodiPC,reverse,9,14,0.0014674281323049953,0.038781041623413406
confirmation,C2/step2000,NodiPC,reverse,10,13,0.00294227840393547,0.038781041623413406
confirmation,C2/step2000,NodiPC,reverse,11,12,0.003046871195315063,0.038781041623413406
confirmation,C2/step2000,NodiPC,reverse,12,11,0.003281909812466679,0.038781041623413406
confirmation,C2/step2000,NodiPC,reverse,13,10,0.0008883677004516283,0.038781041623413406
confirmation,C2/step2000,NodiPC,reverse,14,9,0.0017283842632463912,0.038781041623413406
confirmation,C2/step2000,NodiPC,reverse,15,8,0.0008342182229510126,0.038781041623413406
confirmation,C2/step2000,NodiPC,reverse,16,7,0.002804153522481443,0.038781041623413406
confirmation,C2/step2000,NodiPC,reverse,17,6,-0.00016237694447434776,0.038781041623413406
confirmation,C2/step2000,NodiPC,reverse,18,5,0.0014608223982683316,0.038781041623413406
confirmation,C2/step2000,NodiPC,reverse,19,4,0.0009664644656844653,0.038781041623413406
confirmation,C2/step2000,NodiPC,reverse,20,3,0.0014616846600229662,0.038781041623413406
confirmation,C2/step2000,NodiPC,reverse,21,2,0.001245315431609867,0.038781041623413406
confirmation,C2/step2000,NodiPC,reverse,22,1,0.001748520057658198,0.038781041623413406
confirmation,C2/step2000,NodiPC,reverse,23,0,0.00861775776219806,0.038781041623413406
confirmation,C2/step10000,NodiPC,forward,0,0,0.0025032167609908137,0.40120735889344705
confirmation,C2/step10000,NodiPC,forward,1,1,0.0007408170624980775,0.40120735889344705
confirmation,C2/step10000,NodiPC,forward,2,2,0.0018419130080015327,0.40120735889344705
confirmation,C2/step10000,NodiPC,forward,3,3,0.004277636410370274,0.40120735889344705
confirmation,C2/step10000,NodiPC,forward,4,4,0.007037750604584461,0.40120735889344705
confirmation,C2/step10000,NodiPC,forward,5,5,0.004703806128714654,0.40120735889344705
confirmation,C2/step10000,NodiPC,forward,6,6,0.006727560699142496,0.40120735889344705
confirmation,C2/step10000,NodiPC,forward,7,7,0.007081425734392301,0.40120735889344705
confirmation,C2/step10000,NodiPC,forward,8,8,0.0063462564763747484,0.40120735889344705
confirmation,C2/step10000,NodiPC,forward,9,9,0.0025058703785493307,0.40120735889344705
confirmation,C2/step10000,NodiPC,forward,10,10,0.003256551036684532,0.40120735889344705
confirmation,C2/step10000,NodiPC,forward,11,11,0.006637519425920301,0.40120735889344705
confirmation,C2/step10000,NodiPC,forward,12,12,0.015081019714435567,0.40120735889344705
confirmation,C2/step10000,NodiPC,forward,13,13,0.15686489976297213,0.40120735889344705
confirmation,C2/step10000,NodiPC,forward,14,14,0.026581023909601327,0.40120735889344705
confirmation,C2/step10000,NodiPC,forward,15,15,0.05325249989827474,0.40120735889344705
confirmation,C2/step10000,NodiPC,forward,16,16,0.04371119922227434,0.40120735889344705
confirmation,C2/step10000,NodiPC,forward,17,17,-0.00016696789759037972,0.40120735889344705
confirmation,C2/step10000,NodiPC,forward,18,18,0.023384437961528306,0.40120735889344705
confirmation,C2/step10000,NodiPC,forward,19,19,0.013213555643877644,0.40120735889344705
confirmation,C2/step10000,NodiPC,forward,20,20,0.009368665299703443,0.40120735889344705
confirmation,C2/step10000,NodiPC,forward,21,21,0.00536392512283926,0.40120735889344705
confirmation,C2/step10000,NodiPC,forward,22,22,0.0004923562678139355,0.40120735889344705
confirmation,C2/step10000,NodiPC,forward,23,23,0.0004004202614931894,0.40120735889344705
confirmation,C2/step10000,NodiPC,reverse,0,23,0.00014768265050853018,0.40120735889344705
confirmation,C2/step10000,NodiPC,reverse,1,22,0.00014222903514471582,0.40120735889344705
confirmation,C2/step10000,NodiPC,reverse,2,21,0.0008964397400382935,0.40120735889344705
confirmation,C2/step10000,NodiPC,reverse,3,20,0.003031282750327443,0.40120735889344705
confirmation,C2/step10000,NodiPC,reverse,4,19,0.00658264941117895,0.40120735889344705
confirmation,C2/step10000,NodiPC,reverse,5,18,0.007551100122647023,0.40120735889344705
confirmation,C2/step10000,NodiPC,reverse,6,17,0.0038369479141836093,0.40120735889344705
confirmation,C2/step10000,NodiPC,reverse,7,16,0.011210286848814156,0.40120735889344705
confirmation,C2/step10000,NodiPC,reverse,8,15,0.037972387529107844,0.40120735889344705
confirmation,C2/step10000,NodiPC,reverse,9,14,0.01865973104642132,0.40120735889344705
confirmation,C2/step10000,NodiPC,reverse,10,13,0.18161531002815626,0.40120735889344705
confirmation,C2/step10000,NodiPC,reverse,11,12,0.14952792180178986,0.40120735889344705
confirmation,C2/step10000,NodiPC,reverse,12,11,0.013998357867944271,0.40120735889344705
confirmation,C2/step10000,NodiPC,reverse,13,10,0.0023402916915773405,0.40120735889344705
confirmation,C2/step10000,NodiPC,reverse,14,9,-0.009511976016788033,0.40120735889344705
confirmation,C2/step10000,NodiPC,reverse,15,8,0.005143904548304598,0.40120735889344705
confirmation,C2/step10000,NodiPC,reverse,16,7,-0.009648576070630332,0.40120735889344705
confirmation,C2/step10000,NodiPC,reverse,17,6,-0.042590554004579076,0.40120735889344705
confirmation,C2/step10000,NodiPC,reverse,18,5,-0.01509935964749554,0.40120735889344705
confirmation,C2/step10000,NodiPC,reverse,19,4,-0.003285942778499732,0.40120735889344705
confirmation,C2/step10000,NodiPC,reverse,20,3,0.009060455532524528,0.40120735889344705
confirmation,C2/step10000,NodiPC,reverse,21,2,0.008745936846795671,0.40120735889344705
confirmation,C2/step10000,NodiPC,reverse,22,1,0.008478225597872197,0.40120735889344705
confirmation,C2/step10000,NodiPC,reverse,23,0,0.012402626448103133,0.40120735889344705
confirmation,C3/step500,NodiPC,forward,0,0,0.008555182709781516,0.015926352473381623
confirmation,C3/step500,NodiPC,forward,1,1,-0.0007970332348440576,0.015926352473381623
confirmation,C3/step500,NodiPC,forward,2,2,0.0009978148693174829,0.015926352473381623
confirmation,C3/step500,NodiPC,forward,3,3,0.0010733126342453044,0.015926352473381623
confirmation,C3/step500,NodiPC,forward,4,4,0.0007717388883976173,0.015926352473381623
confirmation,C3/step500,NodiPC,forward,5,5,0.0015261031824146982,0.015926352473381623
confirmation,C3/step500,NodiPC,forward,6,6,0.0002808652462295973,0.015926352473381623
confirmation,C3/step500,NodiPC,forward,7,7,0.0007837080267157769,0.015926352473381623
confirmation,C3/step500,NodiPC,forward,8,8,0.0002251692644254429,0.015926352473381623
confirmation,C3/step500,NodiPC,forward,9,9,-0.0006568952745652888,0.015926352473381623
confirmation,C3/step500,NodiPC,forward,10,10,0.000227369774044968,0.015926352473381623
confirmation,C3/step500,NodiPC,forward,11,11,-0.00037061896536919704,0.015926352473381623
confirmation,C3/step500,NodiPC,forward,12,12,0.0002786166774319227,0.015926352473381623
confirmation,C3/step500,NodiPC,forward,13,13,0.00024170042022945374,0.015926352473381623
confirmation,C3/step500,NodiPC,forward,14,14,0.0002635969827807167,0.015926352473381623
confirmation,C3/step500,NodiPC,forward,15,15,0.0006357173969739377,0.015926352473381623
confirmation,C3/step500,NodiPC,forward,16,16,-0.00044169228220862034,0.015926352473381623
confirmation,C3/step500,NodiPC,forward,17,17,-0.0001795462861148705,0.015926352473381623
confirmation,C3/step500,NodiPC,forward,18,18,7.342841681533048e-06,0.015926352473381623
confirmation,C3/step500,NodiPC,forward,19,19,0.0003484398548997292,0.015926352473381623
confirmation,C3/step500,NodiPC,forward,20,20,0.00048675997676498944,0.015926352473381623
confirmation,C3/step500,NodiPC,forward,21,21,0.000687762483211327,0.015926352473381623
confirmation,C3/step500,NodiPC,forward,22,22,0.0008543135675545442,0.015926352473381623
confirmation,C3/step500,NodiPC,forward,23,23,0.00012662371938309956,0.015926352473381623
confirmation,C3/step500,NodiPC,reverse,0,23,9.936074885170604e-05,0.015926352473381623
confirmation,C3/step500,NodiPC,reverse,1,22,0.0006972519681835425,0.015926352473381623
confirmation,C3/step500,NodiPC,reverse,2,21,-0.0002155784546859621,0.015926352473381623
confirmation,C3/step500,NodiPC,reverse,3,20,-0.00018026036540354332,0.015926352473381623
confirmation,C3/step500,NodiPC,reverse,4,19,-0.0004837402584045891,0.015926352473381623
confirmation,C3/step500,NodiPC,reverse,5,18,-0.001060337457131213,0.015926352473381623
confirmation,C3/step500,NodiPC,reverse,6,17,-0.0009257601440109293,0.015926352473381623
confirmation,C3/step500,NodiPC,reverse,7,16,-0.0006221611042973877,0.015926352473381623
confirmation,C3/step500,NodiPC,reverse,8,15,0.00017738902975567995,0.015926352473381623
confirmation,C3/step500,NodiPC,reverse,9,14,-0.0007876076285294661,0.015926352473381623
confirmation,C3/step500,NodiPC,reverse,10,13,0.00025763744444359,0.015926352473381623
confirmation,C3/step500,NodiPC,reverse,11,12,0.000708018425568508,0.015926352473381623
confirmation,C3/step500,NodiPC,reverse,12,11,-0.00012495666664103514,0.015926352473381623
confirmation,C3/step500,NodiPC,reverse,13,10,0.0004837586810895464,0.015926352473381623
confirmation,C3/step500,NodiPC,reverse,14,9,-0.0005904190183624507,0.015926352473381623
confirmation,C3/step500,NodiPC,reverse,15,8,3.9958403179338866e-05,0.015926352473381623
confirmation,C3/step500,NodiPC,reverse,16,7,0.00011253497106196682,0.015926352473381623
confirmation,C3/step500,NodiPC,reverse,17,6,0.000327969848953207,0.015926352473381623
confirmation,C3/step500,NodiPC,reverse,18,5,-0.00023449835189058409,0.015926352473381623
confirmation,C3/step500,NodiPC,reverse,19,4,0.00034417620481155673,0.015926352473381623
confirmation,C3/step500,NodiPC,reverse,20,3,0.000573809766393947,0.015926352473381623
confirmation,C3/step500,NodiPC,reverse,21,2,0.0009256486066683071,0.015926352473381623
confirmation,C3/step500,NodiPC,reverse,22,1,0.0020645413936905346,0.015926352473381623
confirmation,C3/step500,NodiPC,reverse,23,0,0.014339616430087352,0.015926352473381623
confirmation,C3/step2000,NodiPC,forward,0,0,0.004189967758699352,0.0403326982713434
confirmation,C3/step2000,NodiPC,forward,1,1,0.0014062578096164494,0.0403326982713434
confirmation,C3/step2000,NodiPC,forward,2,2,0.0018819665783659366,0.0403326982713434
confirmation,C3/step2000,NodiPC,forward,3,3,0.001007410685221354,0.0403326982713434
confirmation,C3/step2000,NodiPC,forward,4,4,0.0012242831332789944,0.0403326982713434
confirmation,C3/step2000,NodiPC,forward,5,5,0.0009369913736979169,0.0403326982713434
confirmation,C3/step2000,NodiPC,forward,6,6,0.000673468682396756,0.0403326982713434
confirmation,C3/step2000,NodiPC,forward,7,7,0.0020599299153005045,0.0403326982713434
confirmation,C3/step2000,NodiPC,forward,8,8,0.0013723632732401368,0.0403326982713434
confirmation,C3/step2000,NodiPC,forward,9,9,0.002158374936561885,0.0403326982713434
confirmation,C3/step2000,NodiPC,forward,10,10,0.0008118248486456282,0.0403326982713434
confirmation,C3/step2000,NodiPC,forward,11,11,0.0009477844638774402,0.0403326982713434
confirmation,C3/step2000,NodiPC,forward,12,12,0.0037750953013502707,0.0403326982713434
confirmation,C3/step2000,NodiPC,forward,13,13,0.0016667874153517674,0.0403326982713434
confirmation,C3/step2000,NodiPC,forward,14,14,0.00459693007581816,0.0403326982713434
confirmation,C3/step2000,NodiPC,forward,15,15,0.0018372360990429174,0.0403326982713434
confirmation,C3/step2000,NodiPC,forward,16,16,0.002113735569430774,0.0403326982713434
confirmation,C3/step2000,NodiPC,forward,17,17,0.001686377337598425,0.0403326982713434
confirmation,C3/step2000,NodiPC,forward,18,18,0.000728815033679872,0.0403326982713434
confirmation,C3/step2000,NodiPC,forward,19,19,0.0019824350912739912,0.0403326982713434
confirmation,C3/step2000,NodiPC,forward,20,20,0.0003897899717796504,0.0403326982713434
confirmation,C3/step2000,NodiPC,forward,21,21,0.0007316649429441437,0.0403326982713434
confirmation,C3/step2000,NodiPC,forward,22,22,0.0012525112923048925,0.0403326982713434
confirmation,C3/step2000,NodiPC,forward,23,23,0.0009006966818661827,0.0403326982713434
confirmation,C3/step2000,NodiPC,reverse,0,23,3.492680747365075e-05,0.0403326982713434
confirmation,C3/step2000,NodiPC,reverse,1,22,0.0003209069519843955,0.0403326982713434
confirmation,C3/step2000,NodiPC,reverse,2,21,-0.0005132005346102978,0.0403326982713434
confirmation,C3/step2000,NodiPC,reverse,3,20,-0.00018556730015071362,0.0403326982713434
confirmation,C3/step2000,NodiPC,reverse,4,19,0.0006023779441052535,0.0403326982713434
confirmation,C3/step2000,NodiPC,reverse,5,18,0.0001518954379664944,0.0403326982713434
confirmation,C3/step2000,NodiPC,reverse,6,17,0.0008384682562720432,0.0403326982713434
confirmation,C3/step2000,NodiPC,reverse,7,16,0.0007022076704370695,0.0403326982713434
confirmation,C3/step2000,NodiPC,reverse,8,15,0.0013253579928180364,0.0403326982713434
confirmation,C3/step2000,NodiPC,reverse,9,14,0.0037474216250922734,0.0403326982713434
confirmation,C3/step2000,NodiPC,reverse,10,13,0.001845503679410679,0.0403326982713434
confirmation,C3/step2000,NodiPC,reverse,11,12,0.004170316160507403,0.0403326982713434
confirmation,C3/step2000,NodiPC,reverse,12,11,0.0013713856694579436,0.0403326982713434
confirmation,C3/step2000,NodiPC,reverse,13,10,0.001297087381518106,0.0403326982713434
confirmation,C3/step2000,NodiPC,reverse,14,9,0.0014052139242177247,0.0403326982713434
confirmation,C3/step2000,NodiPC,reverse,15,8,0.00148109676331047,0.0403326982713434
confirmation,C3/step2000,NodiPC,reverse,16,7,0.0022551172611907397,0.0403326982713434
confirmation,C3/step2000,NodiPC,reverse,17,6,0.0010614416167492005,0.0403326982713434
confirmation,C3/step2000,NodiPC,reverse,18,5,0.0014971795670316599,0.0403326982713434
confirmation,C3/step2000,NodiPC,reverse,19,4,0.001589889726613763,0.0403326982713434
confirmation,C3/step2000,NodiPC,reverse,20,3,0.0015370634784848672,0.0403326982713434
confirmation,C3/step2000,NodiPC,reverse,21,2,0.0016887730876291832,0.0403326982713434
confirmation,C3/step2000,NodiPC,reverse,22,1,0.0014693591100337314,0.0403326982713434
confirmation,C3/step2000,NodiPC,reverse,23,0,0.010638475993799724,0.0403326982713434
confirmation,C3/step10000,NodiPC,forward,0,0,0.0061766085787395165,0.3682164100086282
confirmation,C3/step10000,NodiPC,forward,1,1,0.0015886060459407297,0.3682164100086282
confirmation,C3/step10000,NodiPC,forward,2,2,0.0024744270605052236,0.3682164100086282
confirmation,C3/step10000,NodiPC,forward,3,3,0.0035062345369594305,0.3682164100086282
confirmation,C3/step10000,NodiPC,forward,4,4,0.004090504733909146,0.3682164100086282
confirmation,C3/step10000,NodiPC,forward,5,5,0.002341614119962757,0.3682164100086282
confirmation,C3/step10000,NodiPC,forward,6,6,0.004926199374862231,0.3682164100086282
confirmation,C3/step10000,NodiPC,forward,7,7,0.002028127004468222,0.3682164100086282
confirmation,C3/step10000,NodiPC,forward,8,8,0.0019436186943154318,0.3682164100086282
confirmation,C3/step10000,NodiPC,forward,9,9,0.003525202993958641,0.3682164100086282
confirmation,C3/step10000,NodiPC,forward,10,10,0.004537873806290113,0.3682164100086282
confirmation,C3/step10000,NodiPC,forward,11,11,0.0042683753066175565,0.3682164100086282
confirmation,C3/step10000,NodiPC,forward,12,12,0.09097818870244063,0.3682164100086282
confirmation,C3/step10000,NodiPC,forward,13,13,0.06961560797503615,0.3682164100086282
confirmation,C3/step10000,NodiPC,forward,14,14,0.09639768730624142,0.3682164100086282
confirmation,C3/step10000,NodiPC,forward,15,15,0.02320152528016899,0.3682164100086282
confirmation,C3/step10000,NodiPC,forward,16,16,0.0040421917932865785,0.3682164100086282
confirmation,C3/step10000,NodiPC,forward,17,17,0.007650052218299527,0.3682164100086282
confirmation,C3/step10000,NodiPC,forward,18,18,0.013795827029571132,0.3682164100086282
confirmation,C3/step10000,NodiPC,forward,19,19,0.005982116589083134,0.3682164100086282
confirmation,C3/step10000,NodiPC,forward,20,20,0.005900552404208446,0.3682164100086282
confirmation,C3/step10000,NodiPC,forward,21,21,0.005010665232740985,0.3682164100086282
confirmation,C3/step10000,NodiPC,forward,22,22,0.0030319179324653205,0.3682164100086282
confirmation,C3/step10000,NodiPC,forward,23,23,0.001202685288556919,0.3682164100086282
confirmation,C3/step10000,NodiPC,reverse,0,23,0.00015392593824331528,0.3682164100086282
confirmation,C3/step10000,NodiPC,reverse,1,22,-0.00010072663074403297,0.3682164100086282
confirmation,C3/step10000,NodiPC,reverse,2,21,0.0018884510631010602,0.3682164100086282
confirmation,C3/step10000,NodiPC,reverse,3,20,0.0035412009431934105,0.3682164100086282
confirmation,C3/step10000,NodiPC,reverse,4,19,0.005011733598283582,0.3682164100086282
confirmation,C3/step10000,NodiPC,reverse,5,18,0.0035213418895491152,0.3682164100086282
confirmation,C3/step10000,NodiPC,reverse,6,17,0.004505592756696887,0.3682164100086282
confirmation,C3/step10000,NodiPC,reverse,7,16,0.005000247304520895,0.3682164100086282
confirmation,C3/step10000,NodiPC,reverse,8,15,0.008015271334510464,0.3682164100086282
confirmation,C3/step10000,NodiPC,reverse,9,14,0.03904365534544617,0.3682164100086282
confirmation,C3/step10000,NodiPC,reverse,10,13,0.04494783686840628,0.3682164100086282
confirmation,C3/step10000,NodiPC,reverse,11,12,0.28646740345191457,0.3682164100086282
confirmation,C3/step10000,NodiPC,reverse,12,11,0.006628398144339013,0.3682164100086282
confirmation,C3/step10000,NodiPC,reverse,13,10,0.03339007655466635,0.3682164100086282
confirmation,C3/step10000,NodiPC,reverse,14,9,-0.0011141102708230807,0.3682164100086282
confirmation,C3/step10000,NodiPC,reverse,15,8,-0.021070942866207733,0.3682164100086282
confirmation,C3/step10000,NodiPC,reverse,16,7,-0.03578959462523773,0.3682164100086282
confirmation,C3/step10000,NodiPC,reverse,17,6,-0.039541544376082934,0.3682164100086282
confirmation,C3/step10000,NodiPC,reverse,18,5,-0.016601754786774243,0.3682164100086282
confirmation,C3/step10000,NodiPC,reverse,19,4,-0.0013281911814932439,0.3682164100086282
confirmation,C3/step10000,NodiPC,reverse,20,3,0.005630803496193073,0.3682164100086282
confirmation,C3/step10000,NodiPC,reverse,21,2,0.010910567986996468,0.3682164100086282
confirmation,C3/step10000,NodiPC,reverse,22,1,0.00707901801962865,0.3682164100086282
confirmation,C3/step10000,NodiPC,reverse,23,0,0.01802775005030194,0.3682164100086282
confirmation,C5/step500,NodiPC,forward,0,0,0.0016050872402241223,0.0053519764096718134
confirmation,C5/step500,NodiPC,forward,1,1,-0.0012096705399160309,0.0053519764096718134
confirmation,C5/step500,NodiPC,forward,2,2,-1.2810374182353331e-05,0.0053519764096718134
confirmation,C5/step500,NodiPC,forward,3,3,0.0005334480666113026,0.0053519764096718134
confirmation,C5/step500,NodiPC,forward,4,4,0.00027183752986076933,0.0053519764096718134
confirmation,C5/step500,NodiPC,forward,5,5,0.0003571583905557947,0.0053519764096718134
confirmation,C5/step500,NodiPC,forward,6,6,0.0002463139010852404,0.0053519764096718134
confirmation,C5/step500,NodiPC,forward,7,7,0.0002698246512826033,0.0053519764096718134
confirmation,C5/step500,NodiPC,forward,8,8,0.0003127617222743398,0.0053519764096718134
confirmation,C5/step500,NodiPC,forward,9,9,0.0004207536992751394,0.0053519764096718134
confirmation,C5/step500,NodiPC,forward,10,10,0.00026372994650693087,0.0053519764096718134
confirmation,C5/step500,NodiPC,forward,11,11,0.00028607626286704385,0.0053519764096718134
confirmation,C5/step500,NodiPC,forward,12,12,0.00019399567851870075,0.0053519764096718134
confirmation,C5/step500,NodiPC,forward,13,13,0.0002457295815775714,0.0053519764096718134
confirmation,C5/step500,NodiPC,forward,14,14,0.00015139181782880168,0.0053519764096718134
confirmation,C5/step500,NodiPC,forward,15,15,0.00025090515457113275,0.0053519764096718134
confirmation,C5/step500,NodiPC,forward,16,16,0.00021845419575848912,0.0053519764096718134
confirmation,C5/step500,NodiPC,forward,17,17,0.00021471499145187418,0.0053519764096718134
confirmation,C5/step500,NodiPC,forward,18,18,0.00019316525596959074,0.0053519764096718134
confirmation,C5/step500,NodiPC,forward,19,19,0.0001751714991772268,0.0053519764096718134
confirmation,C5/step500,NodiPC,forward,20,20,0.0001339112930097605,0.0053519764096718134
confirmation,C5/step500,NodiPC,forward,21,21,9.315911240465054e-05,0.0053519764096718134
confirmation,C5/step500,NodiPC,forward,22,22,6.948035533033958e-05,0.0053519764096718134
confirmation,C5/step500,NodiPC,forward,23,23,6.738697762877304e-05,0.0053519764096718134
confirmation,C5/step500,NodiPC,reverse,0,23,-3.9089533287709156e-05,0.0053519764096718134
confirmation,C5/step500,NodiPC,reverse,1,22,-1.7224409448818898e-05,0.0053519764096718134
confirmation,C5/step500,NodiPC,reverse,2,21,-6.746707625902229e-06,0.0053519764096718134
confirmation,C5/step500,NodiPC,reverse,3,20,-3.9748945261236885e-06,0.0053519764096718134
confirmation,C5/step500,NodiPC,reverse,4,19,3.079171568702838e-05,0.0053519764096718134
confirmation,C5/step500,NodiPC,reverse,5,18,6.778426683480971e-05,0.0053519764096718134
confirmation,C5/step500,NodiPC,reverse,6,17,7.52240278589444e-05,0.0053519764096718134
confirmation,C5/step500,NodiPC,reverse,7,16,7.123091089443897e-05,0.0053519764096718134
confirmation,C5/step500,NodiPC,reverse,8,15,0.00011436442377686187,0.0053519764096718134
confirmation,C5/step500,NodiPC,reverse,9,14,5.9772401344119095e-05,0.0053519764096718134
confirmation,C5/step500,NodiPC,reverse,10,13,0.00011809421649442257,0.0053519764096718134
confirmation,C5/step500,NodiPC,reverse,11,12,9.412470139230641e-05,0.0053519764096718134
confirmation,C5/step500,NodiPC,reverse,12,11,0.0001726594058860318,0.0053519764096718134
confirmation,C5/step500,NodiPC,reverse,13,10,0.00010222667784202759,0.0053519764096718134
confirmation,C5/step500,NodiPC,reverse,14,9,0.00024174687743499837,0.0053519764096718134
confirmation,C5/step500,NodiPC,reverse,15,8,0.00012387693710527397,0.0053519764096718134
confirmation,C5/step500,NodiPC,reverse,16,7,0.00014681998826074471,0.0053519764096718134
confirmation,C5/step500,NodiPC,reverse,17,6,9.630498610769354e-05,0.0053519764096718134
confirmation,C5/step500,NodiPC,reverse,18,5,0.0001236198205021736,0.0053519764096718134
confirmation,C5/step500,NodiPC,reverse,19,4,4.464998019961857e-05,0.0053519764096718134
confirmation,C5/step500,NodiPC,reverse,20,3,1.6005108049848257e-05,0.0053519764096718134
confirmation,C5/step500,NodiPC,reverse,21,2,-0.0004786201537124754,0.0053519764096718134
confirmation,C5/step500,NodiPC,reverse,22,1,-0.00037001642342314635,0.0053519764096718134
confirmation,C5/step500,NodiPC,reverse,23,0,0.004568352086024647,0.0053519764096718134
confirmation,C5/step2000,NodiPC,forward,0,0,0.0006611328925986302,0.01720986874397658
confirmation,C5/step2000,NodiPC,forward,1,1,0.0010094722237173966,0.01720986874397658
confirmation,C5/step2000,NodiPC,forward,2,2,0.0006442919553421301,0.01720986874397658
confirmation,C5/step2000,NodiPC,forward,3,3,0.0004308026731796465,0.01720986874397658
confirmation,C5/step2000,NodiPC,forward,4,4,0.0003258738680461574,0.01720986874397658
confirmation,C5/step2000,NodiPC,forward,5,5,0.0005716577164457226,0.01720986874397658
confirmation,C5/step2000,NodiPC,forward,6,6,0.0007912497132469038,0.01720986874397658
confirmation,C5/step2000,NodiPC,forward,7,7,0.0008733407969237,0.01720986874397658
confirmation,C5/step2000,NodiPC,forward,8,8,0.0009760436611225599,0.01720986874397658
confirmation,C5/step2000,NodiPC,forward,9,9,0.0010289482056625246,0.01720986874397658
confirmation,C5/step2000,NodiPC,forward,10,10,0.0007572045914457226,0.01720986874397658
confirmation,C5/step2000,NodiPC,forward,11,11,0.000772893910645813,0.01720986874397658
confirmation,C5/step2000,NodiPC,forward,12,12,0.0011224162985333619,0.01720986874397658
confirmation,C5/step2000,NodiPC,forward,13,13,0.0010691481062120652,0.01720986874397658
confirmation,C5/step2000,NodiPC,forward,14,14,0.0006721646766962967,0.01720986874397658
confirmation,C5/step2000,NodiPC,forward,15,15,0.0008530071588951772,0.01720986874397658
confirmation,C5/step2000,NodiPC,forward,16,16,0.0011200405731601663,0.01720986874397658
confirmation,C5/step2000,NodiPC,forward,17,17,0.0006764257235789863,0.01720986874397658
confirmation,C5/step2000,NodiPC,forward,18,18,0.0006946425550565945,0.01720986874397658
confirmation,C5/step2000,NodiPC,forward,19,19,0.0006483052972107735,0.01720986874397658
confirmation,C5/step2000,NodiPC,forward,20,20,0.0005683101944410268,0.01720986874397658
confirmation,C5/step2000,NodiPC,forward,21,21,0.000432787116744074,0.01720986874397658
confirmation,C5/step2000,NodiPC,forward,22,22,0.00028896161577520113,0.01720986874397658
confirmation,C5/step2000,NodiPC,forward,23,23,0.0002207472192959521,0.01720986874397658
confirmation,C5/step2000,NodiPC,reverse,0,23,5.04276946460794e-05,0.01720986874397658
confirmation,C5/step2000,NodiPC,reverse,1,22,3.7924298464156816e-05,0.01720986874397658
confirmation,C5/step2000,NodiPC,reverse,2,21,0.00012116579871790929,0.01720986874397658
confirmation,C5/step2000,NodiPC,reverse,3,20,0.00022660463187951116,0.01720986874397658
confirmation,C5/step2000,NodiPC,reverse,4,19,0.0002902425931194636,0.01720986874397658
confirmation,C5/step2000,NodiPC,reverse,5,18,0.0003722443668235318,0.01720986874397658
confirmation,C5/step2000,NodiPC,reverse,6,17,0.0003937868934290928,0.01720986874397658
confirmation,C5/step2000,NodiPC,reverse,7,16,0.0007579076571727362,0.01720986874397658
confirmation,C5/step2000,NodiPC,reverse,8,15,0.0006925099290262056,0.01720986874397658
confirmation,C5/step2000,NodiPC,reverse,9,14,0.0005607342657454683,0.01720986874397658
confirmation,C5/step2000,NodiPC,reverse,10,13,0.0012978341009986056,0.01720986874397658
confirmation,C5/step2000,NodiPC,reverse,11,12,0.0013867654074521203,0.01720986874397658
confirmation,C5/step2000,NodiPC,reverse,12,11,0.0009607233963613433,0.01720986874397658
confirmation,C5/step2000,NodiPC,reverse,13,10,0.0008681780397109785,0.01720986874397658
confirmation,C5/step2000,NodiPC,reverse,14,9,0.001249268899752399,0.01720986874397658
confirmation,C5/step2000,NodiPC,reverse,15,8,0.0007760437892803683,0.01720986874397658
confirmation,C5/step2000,NodiPC,reverse,16,7,0.0004793198152477034,0.01720986874397658
confirmation,C5/step2000,NodiPC,reverse,17,6,0.0004860326812023253,0.01720986874397658
confirmation,C5/step2000,NodiPC,reverse,18,5,0.00033232120704150276,0.01720986874397658
confirmation,C5/step2000,NodiPC,reverse,19,4,0.0002015093305292404,0.01720986874397658
confirmation,C5/step2000,NodiPC,reverse,20,3,0.0002978445538698533,0.01720986874397658
confirmation,C5/step2000,NodiPC,reverse,21,2,0.000474150650144562,0.01720986874397658
confirmation,C5/step2000,NodiPC,reverse,22,1,0.0012749689457610522,0.01720986874397658
confirmation,C5/step2000,NodiPC,reverse,23,0,0.003621359797600373,0.01720986874397658
confirmation,C5/step10000,NodiPC,forward,0,0,0.0010866648255996505,0.0852639557745826
confirmation,C5/step10000,NodiPC,forward,1,1,0.00030643082666271946,0.0852639557745826
confirmation,C5/step10000,NodiPC,forward,2,2,0.00047954959819323124,0.0852639557745826
confirmation,C5/step10000,NodiPC,forward,3,3,0.000589736227601219,0.0852639557745826
confirmation,C5/step10000,NodiPC,forward,4,4,0.0006509992644542784,0.0852639557745826
confirmation,C5/step10000,NodiPC,forward,5,5,0.001649858469725281,0.0852639557745826
confirmation,C5/step10000,NodiPC,forward,6,6,0.0029454947143714885,0.0852639557745826
confirmation,C5/step10000,NodiPC,forward,7,7,0.00399961136144603,0.0852639557745826
confirmation,C5/step10000,NodiPC,forward,8,8,0.002656708915089685,0.0852639557745826
confirmation,C5/step10000,NodiPC,forward,9,9,0.002700646267788304,0.0852639557745826
confirmation,C5/step10000,NodiPC,forward,10,10,0.0015481891281648574,0.0852639557745826
confirmation,C5/step10000,NodiPC,forward,11,11,0.0017380466110750138,0.0852639557745826
confirmation,C5/step10000,NodiPC,forward,12,12,0.007797542782280389,0.0852639557745826
confirmation,C5/step10000,NodiPC,forward,13,13,0.024389608488308165,0.0852639557745826
confirmation,C5/step10000,NodiPC,forward,14,14,0.004158649294395147,0.0852639557745826
confirmation,C5/step10000,NodiPC,forward,15,15,0.006255634938638042,0.0852639557745826
confirmation,C5/step10000,NodiPC,forward,16,16,0.008345408702459861,0.0852639557745826
confirmation,C5/step10000,NodiPC,forward,17,17,0.0026982703421685322,0.0852639557745826
confirmation,C5/step10000,NodiPC,forward,18,18,0.003998619840526832,0.0852639557745826
confirmation,C5/step10000,NodiPC,forward,19,19,0.003282132286412197,0.0852639557745826
confirmation,C5/step10000,NodiPC,forward,20,20,0.0019300928391183761,0.0852639557745826
confirmation,C5/step10000,NodiPC,forward,21,21,0.0012200875670265344,0.0852639557745826
confirmation,C5/step10000,NodiPC,forward,22,22,0.00047167490160684224,0.0852639557745826
confirmation,C5/step10000,NodiPC,forward,23,23,0.00036429758146991836,0.0852639557745826
confirmation,C5/step10000,NodiPC,reverse,0,23,9.276677930136053e-05,0.0852639557745826
confirmation,C5/step10000,NodiPC,reverse,1,22,4.8308184766393936e-05,0.0852639557745826
confirmation,C5/step10000,NodiPC,reverse,2,21,0.0003316179410679134,0.0852639557745826
confirmation,C5/step10000,NodiPC,reverse,3,20,0.0007444707114552576,0.0852639557745826
confirmation,C5/step10000,NodiPC,reverse,4,19,0.0012087385923530798,0.0852639557745826
confirmation,C5/step10000,NodiPC,reverse,5,18,0.001977581064219237,0.0852639557745826
confirmation,C5/step10000,NodiPC,reverse,6,17,0.0017059966460300556,0.0852639557745826
confirmation,C5/step10000,NodiPC,reverse,7,16,0.0030502263266896324,0.0852639557745826
confirmation,C5/step10000,NodiPC,reverse,8,15,0.0036901943577243275,0.0852639557745826
confirmation,C5/step10000,NodiPC,reverse,9,14,0.002695860775124057,0.0852639557745826
confirmation,C5/step10000,NodiPC,reverse,10,13,0.017593172578986863,0.0852639557745826
confirmation,C5/step10000,NodiPC,reverse,11,12,0.030563318297618956,0.0852639557745826
confirmation,C5/step10000,NodiPC,reverse,12,11,0.009197431949805712,0.0852639557745826
confirmation,C5/step10000,NodiPC,reverse,13,10,0.000854417795897155,0.0852639557745826
confirmation,C5/step10000,NodiPC,reverse,14,9,0.0022853626040961806,0.0852639557745826
confirmation,C5/step10000,NodiPC,reverse,15,8,0.0008758817257217842,0.0852639557745826
confirmation,C5/step10000,NodiPC,reverse,16,7,-0.0015937701047561922,0.0852639557745826
confirmation,C5/step10000,NodiPC,reverse,17,6,-0.000388347695818723,0.0852639557745826
confirmation,C5/step10000,NodiPC,reverse,18,5,-0.003285402212868839,0.0852639557745826
confirmation,C5/step10000,NodiPC,reverse,19,4,-0.0027970477727454475,0.0852639557745826
confirmation,C5/step10000,NodiPC,reverse,20,3,0.0017257725472838235,0.0852639557745826
confirmation,C5/step10000,NodiPC,reverse,21,2,0.0021679694508630145,0.0852639557745826
confirmation,C5/step10000,NodiPC,reverse,22,1,0.0038788139163039802,0.0852639557745826
confirmation,C5/step10000,NodiPC,reverse,23,0,0.00864062131546301,0.0852639557745826
confirmation,C6/step500,NodiPC,forward,0,0,0.008725325016211963,0.010673976107219386
confirmation,C6/step500,NodiPC,forward,1,1,-0.0013121439215392266,0.010673976107219386
confirmation,C6/step500,NodiPC,forward,2,2,0.0007591243553662238,0.010673976107219386
confirmation,C6/step500,NodiPC,forward,3,3,0.0008020956685223918,0.010673976107219386
confirmation,C6/step500,NodiPC,forward,4,4,0.0012491968109851746,0.010673976107219386
confirmation,C6/step500,NodiPC,forward,5,5,0.001593692208838275,0.010673976107219386
confirmation,C6/step500,NodiPC,forward,6,6,0.00012053141756633443,0.010673976107219386
confirmation,C6/step500,NodiPC,forward,7,7,-0.0007619119879454765,0.010673976107219386
confirmation,C6/step500,NodiPC,forward,8,8,-0.0008176376062428232,0.010673976107219386
confirmation,C6/step500,NodiPC,forward,9,9,-8.329496608944387e-05,0.010673976107219386
confirmation,C6/step500,NodiPC,forward,10,10,0.00036636032144541497,0.010673976107219386
confirmation,C6/step500,NodiPC,forward,11,11,-0.00037407662299048547,0.010673976107219386
confirmation,C6/step500,NodiPC,forward,12,12,-6.047706904373773e-05,0.010673976107219386
confirmation,C6/step500,NodiPC,forward,13,13,-0.00039306660649657564,0.010673976107219386
confirmation,C6/step500,NodiPC,forward,14,14,-0.0005902616245540108,0.010673976107219386
confirmation,C6/step500,NodiPC,forward,15,15,-0.0002787762739526943,0.010673976107219386
confirmation,C6/step500,NodiPC,forward,16,16,9.931629411191559e-06,0.010673976107219386
confirmation,C6/step500,NodiPC,forward,17,17,0.0001302852280183728,0.010673976107219386
confirmation,C6/step500,NodiPC,forward,18,18,-0.0004394142771643289,0.010673976107219386
confirmation,C6/step500,NodiPC,forward,19,19,4.400498597953555e-05,0.010673976107219386
confirmation,C6/step500,NodiPC,forward,20,20,0.0006409376249538632,0.010673976107219386
confirmation,C6/step500,NodiPC,forward,21,21,0.0004897086075910432,0.010673976107219386
confirmation,C6/step500,NodiPC,forward,22,22,0.00045848576102669784,0.010673976107219386
confirmation,C6/step500,NodiPC,forward,23,23,0.0003953574273217069,0.010673976107219386
confirmation,C6/step500,NodiPC,reverse,0,23,0.00015488531958712681,0.010673976107219386
confirmation,C6/step500,NodiPC,reverse,1,22,-0.0001981439865793143,0.010673976107219386
confirmation,C6/step500,NodiPC,reverse,2,21,-0.00022957208588367373,0.010673976107219386
confirmation,C6/step500,NodiPC,reverse,3,20,0.0001917473099676017,0.010673976107219386
confirmation,C6/step500,NodiPC,reverse,4,19,-0.0001311597048141199,0.010673976107219386
confirmation,C6/step500,NodiPC,reverse,5,18,-0.0006546154673018168,0.010673976107219386
confirmation,C6/step500,NodiPC,reverse,6,17,-0.0002750895342488927,0.010673976107219386
confirmation,C6/step500,NodiPC,reverse,7,16,4.5321807460834216e-06,0.010673976107219386
confirmation,C6/step500,NodiPC,reverse,8,15,-0.0004444859221851419,0.010673976107219386
confirmation,C6/step500,NodiPC,reverse,9,14,-0.0005303011916753814,0.010673976107219386
confirmation,C6/step500,NodiPC,reverse,10,13,-0.0001617489712131931,0.010673976107219386
confirmation,C6/step500,NodiPC,reverse,11,12,-0.00010466968606463252,0.010673976107219386
confirmation,C6/step500,NodiPC,reverse,12,11,-0.00041608815430969084,0.010673976107219386
confirmation,C6/step500,NodiPC,reverse,13,10,8.906226771397231e-05,0.010673976107219386
confirmation,C6/step500,NodiPC,reverse,14,9,0.00013813749698829146,0.010673976107219386
confirmation,C6/step500,NodiPC,reverse,15,8,-0.0006905461108590674,0.010673976107219386
confirmation,C6/step500,NodiPC,reverse,16,7,-0.00034557012122447096,0.010673976107219386
confirmation,C6/step500,NodiPC,reverse,17,6,-0.0006970515213613435,0.010673976107219386
confirmation,C6/step500,NodiPC,reverse,18,5,-0.0006743171271376724,0.010673976107219386
confirmation,C6/step500,NodiPC,reverse,19,4,0.0002518793541615404,0.010673976107219386
confirmation,C6/step500,NodiPC,reverse,20,3,0.00013709741627450378,0.010673976107219386
confirmation,C6/step500,NodiPC,reverse,21,2,0.000503723464925771,0.010673976107219386
confirmation,C6/step500,NodiPC,reverse,22,1,0.0013801885089223466,0.010673976107219386
confirmation,C6/step500,NodiPC,reverse,23,0,0.01337608237279056,0.010673976107219386
confirmation,C6/step2000,NodiPC,forward,0,0,0.004432392070299684,0.024998367790162093
confirmation,C6/step2000,NodiPC,forward,1,1,9.671989701238517e-05,0.024998367790162093
confirmation,C6/step2000,NodiPC,forward,2,2,0.0005964696688914862,0.024998367790162093
confirmation,C6/step2000,NodiPC,forward,3,3,0.0007597162842437665,0.024998367790162093
confirmation,C6/step2000,NodiPC,forward,4,4,0.000846350762474881,0.024998367790162093
confirmation,C6/step2000,NodiPC,forward,5,5,0.0014495411069374384,0.024998367790162093
confirmation,C6/step2000,NodiPC,forward,6,6,0.0007269539420060285,0.024998367790162093
confirmation,C6/step2000,NodiPC,forward,7,7,0.00035960420223045853,0.024998367790162093
confirmation,C6/step2000,NodiPC,forward,8,8,0.0016332194811402969,0.024998367790162093
confirmation,C6/step2000,NodiPC,forward,9,9,0.0008307473490557333,0.024998367790162093
confirmation,C6/step2000,NodiPC,forward,10,10,0.0002186986968273252,0.024998367790162093
confirmation,C6/step2000,NodiPC,forward,11,11,0.0013174750861220472,0.024998367790162093
confirmation,C6/step2000,NodiPC,forward,12,12,0.0005271621263559095,0.024998367790162093
confirmation,C6/step2000,NodiPC,forward,13,13,0.0007130606343427042,0.024998367790162093
confirmation,C6/step2000,NodiPC,forward,14,14,0.0009494593262359541,0.024998367790162093
confirmation,C6/step2000,NodiPC,forward,15,15,0.0017294750063438116,0.024998367790162093
confirmation,C6/step2000,NodiPC,forward,16,16,0.0011365458971559223,0.024998367790162093
confirmation,C6/step2000,NodiPC,forward,17,17,0.001066060304015953,0.024998367790162093
confirmation,C6/step2000,NodiPC,forward,18,18,0.0019129987901902888,0.024998367790162093
confirmation,C6/step2000,NodiPC,forward,19,19,0.0005523827820625203,0.024998367790162093
confirmation,C6/step2000,NodiPC,forward,20,20,0.0006956786308388699,0.024998367790162093
confirmation,C6/step2000,NodiPC,forward,21,21,0.0007336539921798107,0.024998367790162093
confirmation,C6/step2000,NodiPC,forward,22,22,0.000857834703340305,0.024998367790162093
confirmation,C6/step2000,NodiPC,forward,23,23,0.0008561670498585138,0.024998367790162093
confirmation,C6/step2000,NodiPC,reverse,0,23,0.00014094215052647228,0.024998367790162093
confirmation,C6/step2000,NodiPC,reverse,1,22,-4.2763256964095303e-05,0.024998367790162093
confirmation,C6/step2000,NodiPC,reverse,2,21,4.034608054974576e-05,0.024998367790162093
confirmation,C6/step2000,NodiPC,reverse,3,20,-9.976925186597771e-05,0.024998367790162093
confirmation,C6/step2000,NodiPC,reverse,4,19,-0.00023287735586091288,0.024998367790162093
confirmation,C6/step2000,NodiPC,reverse,5,18,0.0006900515018172777,0.024998367790162093
confirmation,C6/step2000,NodiPC,reverse,6,17,0.0002442838013015707,0.024998367790162093
confirmation,C6/step2000,NodiPC,reverse,7,16,0.00044833806556040845,0.024998367790162093
confirmation,C6/step2000,NodiPC,reverse,8,15,0.0018077025325905307,0.024998367790162093
confirmation,C6/step2000,NodiPC,reverse,9,14,0.0012361561532408547,0.024998367790162093
confirmation,C6/step2000,NodiPC,reverse,10,13,0.0015635040363301755,0.024998367790162093
confirmation,C6/step2000,NodiPC,reverse,11,12,0.0011207626623118644,0.024998367790162093
confirmation,C6/step2000,NodiPC,reverse,12,11,0.0013462597303816025,0.024998367790162093
confirmation,C6/step2000,NodiPC,reverse,13,10,0.00011634566339607944,0.024998367790162093
confirmation,C6/step2000,NodiPC,reverse,14,9,0.001101209785681697,0.024998367790162093
confirmation,C6/step2000,NodiPC,reverse,15,8,0.0016858785233785473,0.024998367790162093
confirmation,C6/step2000,NodiPC,reverse,16,7,-8.426335852915854e-05,0.024998367790162093
confirmation,C6/step2000,NodiPC,reverse,17,6,0.0004117361954816682,0.024998367790162093
confirmation,C6/step2000,NodiPC,reverse,18,5,0.00070671161641599,0.024998367790162093
confirmation,C6/step2000,NodiPC,reverse,19,4,0.0007991382268470105,0.024998367790162093
confirmation,C6/step2000,NodiPC,reverse,20,3,0.0005887081116203249,0.024998367790162093
confirmation,C6/step2000,NodiPC,reverse,21,2,0.00035250826457666886,0.024998367790162093
confirmation,C6/step2000,NodiPC,reverse,22,1,-5.449350111753597e-05,0.024998367790162093
confirmation,C6/step2000,NodiPC,reverse,23,0,0.011111951412491286,0.024998367790162093
confirmation,C6/step10000,NodiPC,forward,0,0,0.008148341942334112,0.24929265210008997
confirmation,C6/step10000,NodiPC,forward,1,1,0.001258986065081098,0.24929265210008997
confirmation,C6/step10000,NodiPC,forward,2,2,0.0017642598890569893,0.24929265210008997
confirmation,C6/step10000,NodiPC,forward,3,3,0.0022552289487182938,0.24929265210008997
confirmation,C6/step10000,NodiPC,forward,4,4,0.0033055406104861283,0.24929265210008997
confirmation,C6/step10000,NodiPC,forward,5,5,0.002961305082626543,0.24929265210008997
confirmation,C6/step10000,NodiPC,forward,6,6,0.002154824464652795,0.24929265210008997
confirmation,C6/step10000,NodiPC,forward,7,7,0.002405696428354018,0.24929265210008997
confirmation,C6/step10000,NodiPC,forward,8,8,0.0025655085646261377,0.24929265210008997
confirmation,C6/step10000,NodiPC,forward,9,9,0.001777900685788453,0.24929265210008997
confirmation,C6/step10000,NodiPC,forward,10,10,0.00222962707359334,0.24929265210008997
confirmation,C6/step10000,NodiPC,forward,11,11,0.0024640000711275835,0.24929265210008997
confirmation,C6/step10000,NodiPC,forward,12,12,0.005707051985532906,0.24929265210008997
confirmation,C6/step10000,NodiPC,forward,13,13,0.01631110794588024,0.24929265210008997
confirmation,C6/step10000,NodiPC,forward,14,14,0.025473279677663888,0.24929265210008997
confirmation,C6/step10000,NodiPC,forward,15,15,0.0816383766314489,0.24929265210008997
confirmation,C6/step10000,NodiPC,forward,16,16,0.02786718914202192,0.24929265210008997
confirmation,C6/step10000,NodiPC,forward,17,17,0.01376333812403241,0.24929265210008997
confirmation,C6/step10000,NodiPC,forward,18,18,0.024862303345847943,0.24929265210008997
confirmation,C6/step10000,NodiPC,forward,19,19,0.009256348597408905,0.24929265210008997
confirmation,C6/step10000,NodiPC,forward,20,20,0.0064263635670419135,0.24929265210008997
confirmation,C6/step10000,NodiPC,forward,21,21,0.003317073812009154,0.24929265210008997
confirmation,C6/step10000,NodiPC,forward,22,22,0.0005245396972015477,0.24929265210008997
confirmation,C6/step10000,NodiPC,forward,23,23,0.0008544597475547483,0.24929265210008997
confirmation,C6/step10000,NodiPC,reverse,0,23,0.00013412160197580892,0.24929265210008997
confirmation,C6/step10000,NodiPC,reverse,1,22,-0.0002765930356003168,0.24929265210008997
confirmation,C6/step10000,NodiPC,reverse,2,21,0.0004870432255462086,0.24929265210008997
confirmation,C6/step10000,NodiPC,reverse,3,20,0.0011431701039391865,0.24929265210008997
confirmation,C6/step10000,NodiPC,reverse,4,19,0.002808028694212906,0.24929265210008997
confirmation,C6/step10000,NodiPC,reverse,5,18,0.007050116781800438,0.24929265210008997
confirmation,C6/step10000,NodiPC,reverse,6,17,0.0033892086359459585,0.24929265210008997
confirmation,C6/step10000,NodiPC,reverse,7,16,0.011525264049139549,0.24929265210008997
confirmation,C6/step10000,NodiPC,reverse,8,15,0.06025229086087445,0.24929265210008997
confirmation,C6/step10000,NodiPC,reverse,9,14,0.039881288623559503,0.24929265210008997
confirmation,C6/step10000,NodiPC,reverse,10,13,0.054527084670980455,0.24929265210008997
confirmation,C6/step10000,NodiPC,reverse,11,12,0.06932760383826228,0.24929265210008997
confirmation,C6/step10000,NodiPC,reverse,12,11,0.005645566324549398,0.24929265210008997
confirmation,C6/step10000,NodiPC,reverse,13,10,-0.0020942674972253836,0.24929265210008997
confirmation,C6/step10000,NodiPC,reverse,14,9,-0.003311237325192748,0.24929265210008997
confirmation,C6/step10000,NodiPC,reverse,15,8,-0.004646968190751363,0.24929265210008997
confirmation,C6/step10000,NodiPC,reverse,16,7,-0.012151954530730962,0.24929265210008997
confirmation,C6/step10000,NodiPC,reverse,17,6,-0.008119442957279876,0.24929265210008997
confirmation,C6/step10000,NodiPC,reverse,18,5,-0.012695022042342059,0.24929265210008997
confirmation,C6/step10000,NodiPC,reverse,19,4,0.0010082887664554627,0.24929265210008997
confirmation,C6/step10000,NodiPC,reverse,20,3,0.002599848749756501,0.24929265210008997
confirmation,C6/step10000,NodiPC,reverse,21,2,0.011273424243676694,0.24929265210008997
confirmation,C6/step10000,NodiPC,reverse,22,1,0.0028972717845846666,0.24929265210008997
confirmation,C6/step10000,NodiPC,reverse,23,0,0.018638516723953207,0.24929265210008997
